schema,table,kind,ordinal,column,data_type,udt,nullable,column_default,maxlen,is_tenant_id
analytics,ap_provider,table,1,tenant_id,uuid,uuid,NO,,,1
analytics,ap_provider,table,2,sucursal,text,text,NO,,,
analytics,ap_provider,table,3,proveedor_norm,text,text,NO,,,
analytics,ap_provider,table,4,proveedor,text,text,YES,,,
analytics,ap_provider,table,5,compra_12m,numeric,numeric,YES,0,,
analytics,ap_provider,table,6,pagos_12m,numeric,numeric,YES,0,,
analytics,ap_provider,table,7,saldo,numeric,numeric,YES,0,,
analytics,ap_provider,table,8,num_facturas,integer,int4,YES,0,,
analytics,ap_provider,table,9,ultima_compra,date,date,YES,,,
analytics,ap_provider,table,10,dpo_dias,integer,int4,YES,,,
analytics,ap_provider,table,11,computed_at,timestamp with time zone,timestamptz,YES,now(),,
analytics,ap_provider,table,12,warehouse_id,uuid,uuid,YES,,,
analytics,bank_postings_snapshot_bak,table,1,tenant_id,uuid,uuid,NO,,,1
analytics,bank_postings_snapshot_bak,table,2,client_uuid,text,text,NO,,,
analytics,bank_postings_snapshot_bak,table,3,sucursal,text,text,NO,,,
analytics,bank_postings_snapshot_bak,table,4,doc_tipo,text,text,NO,,,
analytics,bank_postings_snapshot_bak,table,5,folio,text,text,YES,,,
analytics,bank_postings_snapshot_bak,table,6,linea,integer,int4,YES,,,
analytics,bank_postings_snapshot_bak,table,7,fecha,date,date,YES,,,
analytics,bank_postings_snapshot_bak,table,8,anio_mes,text,text,NO,,,
analytics,bank_postings_snapshot_bak,table,9,cargo_abono,character,bpchar,NO,,1,
analytics,bank_postings_snapshot_bak,table,10,importe,numeric,numeric,NO,0,,
analytics,bank_postings_snapshot_bak,table,11,contraparte,text,text,YES,,,
analytics,bank_postings_snapshot_bak,table,12,forma,text,text,YES,,,
analytics,bank_postings_snapshot_bak,table,13,computed_at,timestamp with time zone,timestamptz,YES,now(),,
analytics,bank_postings_snapshot_bak,table,14,warehouse_id,uuid,uuid,YES,,,
analytics,caja_arqueos,table,1,tenant_id,uuid,uuid,NO,,,1
analytics,caja_arqueos,table,2,source_caja,text,text,NO,,,
analytics,caja_arqueos,table,3,mov_id,text,text,NO,,,
analytics,caja_arqueos,table,4,folio,text,text,YES,,,
analytics,caja_arqueos,table,5,tipo,text,text,YES,,,
analytics,caja_arqueos,table,6,almacen,text,text,YES,,,
analytics,caja_arqueos,table,7,caja,text,text,YES,,,
analytics,caja_arqueos,table,8,arqueo_date,date,date,YES,,,
analytics,caja_arqueos,table,9,capturo,text,text,YES,,,
analytics,caja_arqueos,table,10,total_billetes,numeric,numeric,YES,0,,
analytics,caja_arqueos,table,11,total_monedas,numeric,numeric,YES,0,,
analytics,caja_arqueos,table,12,total_efectivo,numeric,numeric,YES,0,,
analytics,caja_arqueos,table,13,total_credito,numeric,numeric,YES,0,,
analytics,caja_arqueos,table,14,total_cheques,numeric,numeric,YES,0,,
analytics,caja_arqueos,table,15,total_tarjeta,numeric,numeric,YES,0,,
analytics,caja_arqueos,table,16,total_dolares,numeric,numeric,YES,0,,
analytics,caja_arqueos,table,17,mov_total,numeric,numeric,YES,0,,
analytics,caja_arqueos,table,18,denom,jsonb,jsonb,YES,,,
analytics,caja_arqueos,table,19,revisado,boolean,bool,YES,false,,
analytics,caja_arqueos,table,20,cancelado,boolean,bool,YES,false,,
analytics,caja_arqueos,table,21,observaciones,text,text,YES,,,
analytics,caja_arqueos,table,22,computed_at,timestamp with time zone,timestamptz,YES,now(),,
analytics,caja_bancos_catalog,table,1,tenant_id,uuid,uuid,NO,,,1
analytics,caja_bancos_catalog,table,2,source_instance,text,text,NO,,,
analytics,caja_bancos_catalog,table,3,banco_code,text,text,NO,,,
analytics,caja_bancos_catalog,table,4,banco_name,text,text,YES,,,
analytics,caja_bancos_catalog,table,5,es_banco,boolean,bool,YES,false,,
analytics,caja_bancos_catalog,table,6,es_cuenta,boolean,bool,YES,false,,
analytics,caja_bancos_catalog,table,7,es_cheques,boolean,bool,YES,false,,
analytics,caja_bancos_catalog,table,8,bank_account_label,text,text,YES,,,
analytics,caja_bancos_catalog,table,9,computed_at,timestamp with time zone,timestamptz,YES,now(),,
analytics,caja_depositos,table,1,tenant_id,uuid,uuid,NO,,,1
analytics,caja_depositos,table,2,source_instance,text,text,NO,,,
analytics,caja_depositos,table,3,deposito_id,text,text,NO,,,
analytics,caja_depositos,table,4,control,text,text,YES,,,
analytics,caja_depositos,table,5,almacen,text,text,YES,,,
analytics,caja_depositos,table,6,banco_code,text,text,YES,,,
analytics,caja_depositos,table,7,banco_name,text,text,YES,,,
analytics,caja_depositos,table,8,banco_cuenta,text,text,YES,,,
analytics,caja_depositos,table,9,deposito_date,date,date,YES,,,
analytics,caja_depositos,table,10,deposito_date_real,date,date,YES,,,
analytics,caja_depositos,table,11,tipo_pago_code,text,text,YES,,,
analytics,caja_depositos,table,12,tipo_pago,text,text,YES,,,
analytics,caja_depositos,table,13,total_deposito,numeric,numeric,YES,0,,
analytics,caja_depositos,table,14,total_deposito_real,numeric,numeric,YES,0,,
analytics,caja_depositos,table,15,comision,numeric,numeric,YES,0,,
analytics,caja_depositos,table,16,iva,numeric,numeric,YES,0,,
analytics,caja_depositos,table,17,revisado,boolean,bool,YES,false,,
analytics,caja_depositos,table,18,eliminado,boolean,bool,YES,false,,
analytics,caja_depositos,table,19,observaciones,text,text,YES,,,
analytics,caja_depositos,table,20,computed_at,timestamp with time zone,timestamptz,YES,now(),,
analytics,caja_general_cuentas,table,1,tenant_id,uuid,uuid,NO,,,1
analytics,caja_general_cuentas,table,2,source_caja,text,text,NO,,,
analytics,caja_general_cuentas,table,3,id_cuenta,text,text,NO,,,
analytics,caja_general_cuentas,table,4,nombre,text,text,YES,,,
analytics,caja_general_cuentas,table,5,nombre_largo,text,text,YES,,,
analytics,caja_general_cuentas,table,6,nivel,integer,int4,YES,,,
analytics,caja_general_cuentas,table,7,grupo,text,text,YES,,,
analytics,caja_general_cuentas,table,8,acumula_a,text,text,YES,,,
analytics,caja_general_cuentas,table,9,afectable,boolean,bool,YES,false,,
analytics,caja_general_cuentas,table,10,computed_at,timestamp with time zone,timestamptz,YES,now(),,
analytics,caja_general_movimientos,table,1,tenant_id,uuid,uuid,NO,,,1
analytics,caja_general_movimientos,table,2,source_caja,text,text,NO,,,
analytics,caja_general_movimientos,table,3,tipo_dto,integer,int4,NO,,,
analytics,caja_general_movimientos,table,4,mov_id,text,text,NO,,,
analytics,caja_general_movimientos,table,5,tipo,text,text,YES,,,
analytics,caja_general_movimientos,table,6,fecha,date,date,YES,,,
analytics,caja_general_movimientos,table,7,hora,text,text,YES,,,
analytics,caja_general_movimientos,table,8,usuario,text,text,YES,,,
analytics,caja_general_movimientos,table,9,cuenta,text,text,YES,,,
analytics,caja_general_movimientos,table,10,cuenta_nombre,text,text,YES,,,
analytics,caja_general_movimientos,table,11,nombre_cliente,text,text,YES,,,
analytics,caja_general_movimientos,table,12,concepto,text,text,YES,,,
analytics,caja_general_movimientos,table,13,ingreso,numeric,numeric,YES,0,,
analytics,caja_general_movimientos,table,14,gasto,numeric,numeric,YES,0,,
analytics,caja_general_movimientos,table,15,deposito,numeric,numeric,YES,0,,
analytics,caja_general_movimientos,table,16,efectivo,numeric,numeric,YES,0,,
analytics,caja_general_movimientos,table,17,denom,jsonb,jsonb,YES,,,
analytics,caja_general_movimientos,table,18,saldo,numeric,numeric,YES,0,,
analytics,caja_general_movimientos,table,19,corte,boolean,bool,YES,false,,
analytics,caja_general_movimientos,table,20,dolar,numeric,numeric,YES,0,,
analytics,caja_general_movimientos,table,21,tipo_cambio,numeric,numeric,YES,0,,
analytics,caja_general_movimientos,table,22,computed_at,timestamp with time zone,timestamptz,YES,now(),,
analytics,caja_sucursales_catalog,table,1,tenant_id,uuid,uuid,NO,,,1
analytics,caja_sucursales_catalog,table,2,source_instance,text,text,NO,,,
analytics,caja_sucursales_catalog,table,3,almacen,text,text,NO,,,
analytics,caja_sucursales_catalog,table,4,empresa,text,text,YES,,,
analytics,caja_sucursales_catalog,table,5,nombre,text,text,YES,,,
analytics,caja_sucursales_catalog,table,6,nombre_corto,text,text,YES,,,
analytics,caja_sucursales_catalog,table,7,es_nomina,boolean,bool,YES,false,,
analytics,caja_sucursales_catalog,table,8,computed_at,timestamp with time zone,timestamptz,YES,now(),,
analytics,caja_ventas_diarias,table,1,tenant_id,uuid,uuid,NO,,,1
analytics,caja_ventas_diarias,table,2,source_instance,text,text,NO,,,
analytics,caja_ventas_diarias,table,3,control,text,text,NO,,,
analytics,caja_ventas_diarias,table,4,empresa,text,text,YES,,,
analytics,caja_ventas_diarias,table,5,almacen,text,text,NO,,,
analytics,caja_ventas_diarias,table,6,venta_date,date,date,YES,,,
analytics,caja_ventas_diarias,table,7,capture_date,date,date,YES,,,
analytics,caja_ventas_diarias,table,8,captured_by,text,text,YES,,,
analytics,caja_ventas_diarias,table,9,venta_total,numeric,numeric,NO,0,,
analytics,caja_ventas_diarias,table,10,efectivo,numeric,numeric,YES,0,,
analytics,caja_ventas_diarias,table,11,efectivo_deposito,numeric,numeric,YES,0,,
analytics,caja_ventas_diarias,table,12,morralla,numeric,numeric,YES,0,,
analytics,caja_ventas_diarias,table,13,morralla_deposito,numeric,numeric,YES,0,,
analytics,caja_ventas_diarias,table,14,cheques,numeric,numeric,YES,0,,
analytics,caja_ventas_diarias,table,15,cheques_deposito,numeric,numeric,YES,0,,
analytics,caja_ventas_diarias,table,16,tarjeta,numeric,numeric,YES,0,,
analytics,caja_ventas_diarias,table,17,tarjeta_deposito,numeric,numeric,YES,0,,
analytics,caja_ventas_diarias,table,18,caja_chica,numeric,numeric,YES,0,,
analytics,caja_ventas_diarias,table,19,caja_chica_deposito,numeric,numeric,YES,0,,
analytics,caja_ventas_diarias,table,20,sobregiro,numeric,numeric,YES,0,,
analytics,caja_ventas_diarias,table,21,sobregiro_deposito,numeric,numeric,YES,0,,
analytics,caja_ventas_diarias,table,22,desglose,numeric,numeric,YES,0,,
analytics,caja_ventas_diarias,table,23,revisado,boolean,bool,YES,false,,
analytics,caja_ventas_diarias,table,24,eliminado,boolean,bool,YES,false,,
analytics,caja_ventas_diarias,table,25,observaciones,text,text,YES,,,
analytics,caja_ventas_diarias,table,26,computed_at,timestamp with time zone,timestamptz,YES,now(),,
analytics,cash_cuts,table,1,id,uuid,uuid,NO,gen_random_uuid(),,
analytics,cash_cuts,table,2,tenant_id,uuid,uuid,NO,,,1
analytics,cash_cuts,table,3,warehouse_code,text,text,NO,,,
analytics,cash_cuts,table,4,warehouse_name,text,text,YES,,,
analytics,cash_cuts,table,5,caja,text,text,NO,,,
analytics,cash_cuts,table,6,folio,text,text,NO,,,
analytics,cash_cuts,table,7,business_date,date,date,NO,,,
analytics,cash_cuts,table,8,opened_at,timestamp with time zone,timestamptz,YES,,,
analytics,cash_cuts,table,9,closed_at,timestamp with time zone,timestamptz,YES,,,
analytics,cash_cuts,table,10,cajero_apertura,text,text,YES,,,
analytics,cash_cuts,table,11,cajero_cierre,text,text,YES,,,
analytics,cash_cuts,table,12,turno,text,text,YES,,,
analytics,cash_cuts,table,13,efectivo_esperado,numeric,numeric,NO,0,,
analytics,cash_cuts,table,14,efectivo_contado,numeric,numeric,NO,0,,
analytics,cash_cuts,table,15,efectivo_diff,numeric,numeric,NO,0,,
analytics,cash_cuts,table,16,tarjeta_esperado,numeric,numeric,NO,0,,
analytics,cash_cuts,table,17,tarjeta_contado,numeric,numeric,NO,0,,
analytics,cash_cuts,table,18,transfer_esperado,numeric,numeric,NO,0,,
analytics,cash_cuts,table,19,transfer_contado,numeric,numeric,NO,0,,
analytics,cash_cuts,table,20,total_venta,numeric,numeric,NO,0,,
analytics,cash_cuts,table,21,cerrado,boolean,bool,NO,true,,
analytics,cash_cuts,table,22,source,text,text,NO,'kepler'::text,,
analytics,cash_cuts,table,23,created_at,timestamp with time zone,timestamptz,NO,now(),,
analytics,cash_cuts,table,24,updated_at,timestamp with time zone,timestamptz,NO,now(),,
analytics,cash_cuts,table,25,tarjeta_diff,numeric,numeric,NO,0,,
analytics,cash_cuts,table,26,transfer_diff,numeric,numeric,NO,0,,
analytics,cash_cuts,table,27,arqueo_billetes,numeric,numeric,NO,0,,
analytics,cash_cuts,table,28,arqueo_monedas,numeric,numeric,NO,0,,
analytics,cash_cuts,table,29,arqueo_otros,numeric,numeric,NO,0,,
analytics,cash_cuts,table,30,efectivo_retirado,numeric,numeric,NO,0,,
analytics,cash_cuts,table,31,venta_total,numeric,numeric,NO,0,,
analytics,cash_cuts,table,32,hora_apertura,text,text,YES,,,
analytics,cash_cuts,table,33,hora_cierre,text,text,YES,,,
analytics,cash_cuts,table,34,duracion_horas,numeric,numeric,YES,,,
analytics,cash_cuts,table,35,handoff,boolean,bool,YES,,,
analytics,cash_cuts,table,36,warehouse_id,uuid,uuid,YES,,,
analytics,cash_sessions,table,1,id,uuid,uuid,NO,gen_random_uuid(),,
analytics,cash_sessions,table,2,tenant_id,uuid,uuid,NO,,,1
analytics,cash_sessions,table,3,warehouse_code,text,text,NO,,,
analytics,cash_sessions,table,4,warehouse_name,text,text,YES,,,
analytics,cash_sessions,table,5,caja,text,text,NO,,,
analytics,cash_sessions,table,6,folio,text,text,NO,,,
analytics,cash_sessions,table,7,cajero_code,text,text,YES,,,
analytics,cash_sessions,table,8,cajero_nombre,text,text,YES,,,
analytics,cash_sessions,table,9,business_date,date,date,NO,,,
analytics,cash_sessions,table,10,opened_at,timestamp with time zone,timestamptz,YES,,,
analytics,cash_sessions,table,11,closed_at,timestamp with time zone,timestamptz,YES,,,
analytics,cash_sessions,table,12,status,text,text,NO,'open'::text,,
analytics,cash_sessions,table,13,source,text,text,NO,'kepler'::text,,
analytics,cash_sessions,table,14,created_at,timestamp with time zone,timestamptz,NO,now(),,
analytics,cash_sessions,table,15,updated_at,timestamp with time zone,timestamptz,NO,now(),,
analytics,cash_sessions,table,16,warehouse_id,uuid,uuid,YES,,,
analytics,cedis_supply_cadence,table,1,id,uuid,uuid,NO,gen_random_uuid(),,
analytics,cedis_supply_cadence,table,2,tenant_id,uuid,uuid,NO,,,1
analytics,cedis_supply_cadence,table,3,warehouse_id,uuid,uuid,NO,,,
analytics,cedis_supply_cadence,table,4,source_warehouse_id,uuid,uuid,YES,,,
analytics,cedis_supply_cadence,table,5,tercero,text,text,YES,,,
analytics,cedis_supply_cadence,table,6,shipments,integer,int4,NO,0,,
analytics,cedis_supply_cadence,table,7,days_active,integer,int4,NO,0,,
analytics,cedis_supply_cadence,table,8,first_shipment,date,date,YES,,,
analytics,cedis_supply_cadence,table,9,last_shipment,date,date,YES,,,
analytics,cedis_supply_cadence,table,10,cadence_days,numeric,numeric,YES,,,
analytics,cedis_supply_cadence,table,11,avg_shipment_value,numeric,numeric,YES,,,
analytics,cedis_supply_cadence,table,12,window_year,integer,int4,YES,,,
analytics,cedis_supply_cadence,table,13,computed_at,timestamp with time zone,timestamptz,NO,now(),,
analytics,contpaqi_bank_movements,table,1,tenant_id,uuid,uuid,NO,,,1
analytics,contpaqi_bank_movements,table,2,id_movimiento,bigint,int8,NO,,,
analytics,contpaqi_bank_movements,table,3,cuenta,text,text,NO,,,
analytics,contpaqi_bank_movements,table,4,cuenta_nombre,text,text,YES,,,
analytics,contpaqi_bank_movements,table,5,fecha,date,date,NO,,,
analytics,contpaqi_bank_movements,table,6,flujo,text,text,NO,,,
analytics,contpaqi_bank_movements,table,7,importe,numeric,numeric,NO,0,,
analytics,contpaqi_bank_movements,table,8,ejercicio,integer,int4,NO,,,
analytics,contpaqi_bank_movements,table,9,periodo,integer,int4,NO,,,
analytics,contpaqi_bank_movements,table,10,anio_mes,text,text,NO,,,
analytics,contpaqi_bank_movements,table,11,poliza_tipo,integer,int4,YES,,,
analytics,contpaqi_bank_movements,table,12,poliza_folio,integer,int4,YES,,,
analytics,contpaqi_bank_movements,table,13,poliza_guid,text,text,YES,,,
analytics,contpaqi_bank_movements,table,14,concepto,text,text,YES,,,
analytics,contpaqi_bank_movements,table,15,referencia,text,text,YES,,,
analytics,contpaqi_bank_movements,table,16,es_conciliado,boolean,bool,YES,,,
analytics,contpaqi_bank_movements,table,17,computed_at,timestamp with time zone,timestamptz,YES,now(),,
analytics,contpaqi_bank_movements,table,18,src_row_version,bigint,int8,YES,,,
analytics,contpaqi_ledger_monthly,table,1,tenant_id,uuid,uuid,NO,,,1
analytics,contpaqi_ledger_monthly,table,2,cuenta,text,text,NO,,,
analytics,contpaqi_ledger_monthly,table,3,cuenta_nombre,text,text,YES,,,
analytics,contpaqi_ledger_monthly,table,4,cuenta_afectable,boolean,bool,YES,,,
analytics,contpaqi_ledger_monthly,table,5,familia,text,text,YES,,,
analytics,contpaqi_ledger_monthly,table,6,agrupador_sat,text,text,YES,,,
analytics,contpaqi_ledger_monthly,table,7,agrupador_sat_nombre,text,text,YES,,,
analytics,contpaqi_ledger_monthly,table,8,ejercicio,integer,int4,NO,,,
analytics,contpaqi_ledger_monthly,table,9,periodo,integer,int4,NO,,,
analytics,contpaqi_ledger_monthly,table,10,anio_mes,text,text,NO,,,
analytics,contpaqi_ledger_monthly,table,11,saldo_ini,numeric,numeric,NO,0,,
analytics,contpaqi_ledger_monthly,table,12,cargos,numeric,numeric,NO,0,,
analytics,contpaqi_ledger_monthly,table,13,abonos,numeric,numeric,NO,0,,
analytics,contpaqi_ledger_monthly,table,14,neto,numeric,numeric,NO,0,,
analytics,contpaqi_ledger_monthly,table,15,computed_at,timestamp with time zone,timestamptz,YES,now(),,
analytics,contpaqi_suppliers,table,1,tenant_id,uuid,uuid,NO,,,1
analytics,contpaqi_suppliers,table,2,codigo,text,text,NO,,,
analytics,contpaqi_suppliers,table,3,nombre,text,text,YES,,,
analytics,contpaqi_suppliers,table,4,rfc,text,text,YES,,,
analytics,contpaqi_suppliers,table,5,tipo_tercero,integer,int4,YES,,,
analytics,contpaqi_suppliers,table,6,retencion_iva,numeric,numeric,YES,,,
analytics,contpaqi_suppliers,table,7,retencion_isr,numeric,numeric,YES,,,
analytics,contpaqi_suppliers,table,8,computed_at,timestamp with time zone,timestamptz,YES,now(),,
analytics,cron_run_log,table,1,id,bigint,int8,NO,nextval('analytics.cron_run_log_id_seq'::regclass),,
analytics,cron_run_log,table,2,tenant_id,uuid,uuid,NO,,,1
analytics,cron_run_log,table,3,job_key,text,text,NO,,,
analytics,cron_run_log,table,4,status,text,text,NO,,,
analytics,cron_run_log,table,5,started_at,timestamp with time zone,timestamptz,YES,,,
analytics,cron_run_log,table,6,finished_at,timestamp with time zone,timestamptz,YES,,,
analytics,cron_run_log,table,7,rows_affected,bigint,int8,YES,,,
analytics,cron_run_log,table,8,duration_ms,bigint,int8,YES,,,
analytics,cron_run_log,table,9,host,text,text,YES,,,
analytics,cron_run_log,table,10,note,text,text,YES,,,
analytics,cron_run_log,table,11,error,text,text,YES,,,
analytics,cron_run_log,table,12,logged_at,timestamp with time zone,timestamptz,NO,now(),,
analytics,cron_runs,table,1,tenant_id,uuid,uuid,NO,,,1
analytics,cron_runs,table,2,job_key,text,text,NO,,,
analytics,cron_runs,table,3,label,text,text,YES,,,
analytics,cron_runs,table,4,last_start,timestamp with time zone,timestamptz,YES,,,
analytics,cron_runs,table,5,last_finish,timestamp with time zone,timestamptz,YES,,,
analytics,cron_runs,table,6,status,text,text,NO,'running'::text,,
analytics,cron_runs,table,7,rows_affected,bigint,int8,YES,,,
analytics,cron_runs,table,8,duration_ms,bigint,int8,YES,,,
analytics,cron_runs,table,9,note,text,text,YES,,,
analytics,cron_runs,table,10,error,text,text,YES,,,
analytics,cron_runs,table,11,host,text,text,YES,,,
analytics,cron_runs,table,12,updated_at,timestamp with time zone,timestamptz,NO,now(),,
analytics,customer_product_sales,table,1,tenant_id,uuid,uuid,NO,,,1
analytics,customer_product_sales,table,2,erp_code,text,text,NO,,,
analytics,customer_product_sales,table,3,product_id,uuid,uuid,NO,,,
analytics,customer_product_sales,table,4,units_90d,numeric,numeric,YES,0,,
analytics,customer_product_sales,table,5,revenue_90d,numeric,numeric,YES,0,,
analytics,customer_product_sales,table,6,units_180d,numeric,numeric,YES,0,,
analytics,customer_product_sales,table,7,revenue_180d,numeric,numeric,YES,0,,
analytics,customer_product_sales,table,8,last_purchase_date,date,date,YES,,,
analytics,customer_product_sales,table,9,computed_at,timestamp with time zone,timestamptz,YES,now(),,
analytics,customer_receivable_snapshots,table,1,tenant_id,uuid,uuid,NO,,,1
analytics,customer_receivable_snapshots,table,2,snapshot_date,date,date,NO,,,
analytics,customer_receivable_snapshots,table,3,sucursal,text,text,NO,,,
analytics,customer_receivable_snapshots,table,4,saldo_total,numeric,numeric,NO,0,,
analytics,customer_receivable_snapshots,table,5,vencido_total,numeric,numeric,NO,0,,
analytics,customer_receivable_snapshots,table,6,n_clientes,integer,int4,NO,0,,
analytics,customer_receivable_snapshots,table,7,por_vencer,numeric,numeric,NO,0,,
analytics,customer_receivable_snapshots,table,8,d0_30,numeric,numeric,NO,0,,
analytics,customer_receivable_snapshots,table,9,d31_60,numeric,numeric,NO,0,,
analytics,customer_receivable_snapshots,table,10,d61_90,numeric,numeric,NO,0,,
analytics,customer_receivable_snapshots,table,11,d90_plus,numeric,numeric,NO,0,,
analytics,customer_receivable_snapshots,table,12,computed_at,timestamp with time zone,timestamptz,YES,now(),,
analytics,customer_receivables,view,1,tenant_id,uuid,uuid,YES,,,1
analytics,customer_receivables,view,2,sucursal,text,text,YES,,,
analytics,customer_receivables,view,3,doc_code,text,text,YES,,,
analytics,customer_receivables,view,4,doc_tipo,text,text,YES,,,
analytics,customer_receivables,view,5,doc_label,text,text,YES,,,
analytics,customer_receivables,view,6,folio,text,text,YES,,,
analytics,customer_receivables,view,7,folio_digital,text,text,YES,,,
analytics,customer_receivables,view,8,cliente_code,text,text,YES,,,
analytics,customer_receivables,view,9,grupo,text,text,YES,,,
analytics,customer_receivables,view,10,zona,text,text,YES,,,
analytics,customer_receivables,view,11,fecha,date,date,YES,,,
analytics,customer_receivables,view,12,vencimiento,date,date,YES,,,
analytics,customer_receivables,view,13,importe,numeric,numeric,YES,,,
analytics,customer_receivables,view,14,cargo_abono,text,text,YES,,,
analytics,customer_receivables,view,15,signed_amount,numeric,numeric,YES,,,
analytics,customer_receivables,view,16,referencia,text,text,YES,,,
analytics,customer_receivables,view,17,vendedor,text,text,YES,,,
analytics,customer_receivables,view,18,moneda,text,text,YES,,,
analytics,customer_receivables,view,19,source_branch,text,text,YES,,,
analytics,customer_receivables,view,20,saldo_documento,numeric,numeric,YES,,,
analytics,customer_receivables,view,21,aplicaciones,jsonb,jsonb,YES,,,
analytics,customer_receivables,view,22,limite_credito,numeric,numeric,YES,,,
analytics,customer_receivables,view,23,dias_credito,integer,int4,YES,,,
analytics,customer_receivables,view,24,telefono,text,text,YES,,,
analytics,customer_receivables,view,25,computed_at,timestamp with time zone,timestamptz,YES,,,
analytics,customer_receivables,view,26,saldo_ajustado,numeric,numeric,YES,,,
analytics,customer_receivables,view,27,saldo_cliente,numeric,numeric,YES,,,
analytics,customer_receivables,view,28,dias_pago,integer,int4,YES,,,
analytics,customer_receivables,view,29,estatus,text,text,YES,,,
analytics,db_health_alerts,table,1,id,uuid,uuid,NO,gen_random_uuid(),,
analytics,db_health_alerts,table,2,tenant_id,uuid,uuid,NO,,,1
analytics,db_health_alerts,table,3,source_key,character varying,varchar,NO,,60,
analytics,db_health_alerts,table,4,source_label,character varying,varchar,YES,,120,
analytics,db_health_alerts,table,5,group_key,character varying,varchar,YES,,12,
analytics,db_health_alerts,table,6,status,character varying,varchar,NO,,12,
analytics,db_health_alerts,table,7,age_seconds,bigint,int8,YES,,,
analytics,db_health_alerts,table,8,last_update,timestamp with time zone,timestamptz,YES,,,
analytics,db_health_alerts,table,9,note,text,text,YES,,,
analytics,db_health_alerts,table,10,detail,jsonb,jsonb,YES,,,
analytics,db_health_alerts,table,11,first_seen_at,timestamp with time zone,timestamptz,NO,now(),,
analytics,db_health_alerts,table,12,last_seen_at,timestamp with time zone,timestamptz,NO,now(),,
analytics,db_health_alerts,table,13,resolved_at,timestamp with time zone,timestamptz,YES,,,
analytics,db_health_alerts,table,14,acknowledged_at,timestamp with time zone,timestamptz,YES,,,
analytics,db_health_alerts,table,15,acknowledged_by,uuid,uuid,YES,,,
analytics,db_health_alerts,table,16,created_at,timestamp with time zone,timestamptz,NO,now(),,
analytics,db_health_alerts,table,17,updated_at,timestamp with time zone,timestamptz,NO,now(),,
analytics,db_health_alerts,table,18,last_notified_at,timestamp with time zone,timestamptz,YES,,,
analytics,declared_gaps,table,1,id,uuid,uuid,NO,gen_random_uuid(),,
analytics,declared_gaps,table,2,tenant_id,uuid,uuid,NO,,,1
analytics,declared_gaps,table,3,clave,text,text,NO,,,
analytics,declared_gaps,table,4,titulo,text,text,NO,,,
analytics,declared_gaps,table,5,monto,numeric,numeric,YES,,,
analytics,declared_gaps,table,6,unidad,text,text,YES,,,
analytics,declared_gaps,table,7,declarado_en,date,date,NO,,,
analytics,declared_gaps,table,8,motivo,text,text,NO,,,
analytics,declared_gaps,table,9,resolver_faltante,text,text,YES,,,
analytics,declared_gaps,table,10,recheck_sql,text,text,NO,,,
analytics,declared_gaps,table,11,estado,text,text,NO,'abierto'::text,,
analytics,declared_gaps,table,12,ultima_medicion,timestamp with time zone,timestamptz,YES,,,
analytics,declared_gaps,table,13,ultimo_detalle,text,text,YES,,,
analytics,declared_gaps,table,14,created_at,timestamp with time zone,timestamptz,NO,now(),,
analytics,declared_gaps,table,15,updated_at,timestamp with time zone,timestamptz,NO,now(),,
analytics,demand_acceleration,table,1,tenant_id,uuid,uuid,NO,,,1
analytics,demand_acceleration,table,2,product_id,uuid,uuid,NO,,,
analytics,demand_acceleration,table,3,sku,text,text,YES,,,
analytics,demand_acceleration,table,4,nombre,text,text,YES,,,
analytics,demand_acceleration,table,5,mu_recent,numeric,numeric,YES,,,
analytics,demand_acceleration,table,6,sd_recent,numeric,numeric,YES,,,
analytics,demand_acceleration,table,7,n_recent,integer,int4,YES,,,
analytics,demand_acceleration,table,8,mu_prior,numeric,numeric,YES,,,
analytics,demand_acceleration,table,9,sd_prior,numeric,numeric,YES,,,
analytics,demand_acceleration,table,10,n_prior,integer,int4,YES,,,
analytics,demand_acceleration,table,11,z_short,numeric,numeric,YES,,,
analytics,demand_acceleration,table,12,mu_cur60,numeric,numeric,YES,,,
analytics,demand_acceleration,table,13,mu_yoy60,numeric,numeric,YES,,,
analytics,demand_acceleration,table,14,z_seasonal,numeric,numeric,YES,,,
analytics,demand_acceleration,table,15,has_seasonal,boolean,bool,NO,false,,
analytics,demand_acceleration,table,16,iad,numeric,numeric,YES,,,
analytics,demand_acceleration,table,17,band,text,text,YES,,,
analytics,demand_acceleration,table,18,status,text,text,NO,'ok'::text,,
analytics,demand_acceleration,table,19,computed_at,timestamp with time zone,timestamptz,NO,now(),,
analytics,erp_collections,view,1,tenant_id,uuid,uuid,YES,,,1
analytics,erp_collections,view,2,sucursal,text,text,YES,,,
analytics,erp_collections,view,3,folio,text,text,YES,,,
analytics,erp_collections,view,4,doc_prefix,text,text,YES,,,
analytics,erp_collections,view,5,cobro_date,date,date,YES,,,
analytics,erp_collections,view,6,cliente_code,text,text,YES,,,
analytics,erp_collections,view,7,cliente_nombre,text,text,YES,,,
analytics,erp_collections,view,8,concepto,text,text,YES,,,
analytics,erp_collections,view,9,forma_pago,text,text,YES,,,
analytics,erp_collections,view,10,monto,numeric,numeric,YES,,,
analytics,erp_collections,view,11,tipo_cuenta,text,text,YES,,,
analytics,erp_collections,view,12,source_branch,text,text,YES,,,
analytics,erp_collections,view,13,computed_at,timestamp with time zone,timestamptz,YES,,,
analytics,erp_collections,view,14,warehouse_id,uuid,uuid,YES,,,
analytics,erp_customers,view,1,tenant_id,uuid,uuid,YES,,,1
analytics,erp_customers,view,2,erp_code,text,text,YES,,,
analytics,erp_customers,view,3,name,text,text,YES,,,
analytics,erp_customers,view,4,rfc,text,text,YES,,,
analytics,erp_customers,view,5,city,text,text,YES,,,
analytics,erp_customers,view,6,computed_at,timestamp with time zone,timestamptz,YES,,,
analytics,erp_goods_receipt_dedup,table,1,tenant_id,uuid,uuid,NO,,,1
analytics,erp_goods_receipt_dedup,table,2,cedis_folio,text,text,NO,,,
analytics,erp_goods_receipt_dedup,table,3,dup_of_sucursal,text,text,YES,,,
analytics,erp_goods_receipt_dedup,table,4,dup_of_folio,text,text,YES,,,
analytics,erp_goods_receipt_dedup,table,5,computed_at,timestamp with time zone,timestamptz,NO,now(),,
analytics,erp_goods_receipt_dedup,table,6,match_rule,text,text,YES,,,
analytics,erp_goods_receipt_dedup,table,7,match_score,numeric,numeric,YES,,,
analytics,erp_goods_receipt_dedup,table,8,suc_date,date,date,YES,,,
analytics,erp_goods_receipt_dedup,table,9,suc_monto,numeric,numeric,YES,,,
analytics,erp_goods_receipt_dedup,table,10,suc_prov,text,text,YES,,,
analytics,erp_goods_receipt_dedup,table,11,cedis_prov,text,text,YES,,,
analytics,erp_goods_receipt_dedup,table,12,cedis_date,date,date,YES,,,
analytics,erp_goods_receipt_dedup,table,13,cedis_monto,numeric,numeric,YES,,,
analytics,erp_goods_receipt_dedup,table,14,delta_monto,numeric,numeric,YES,,,
analytics,erp_goods_receipt_dedup,table,15,delta_dias,integer,int4,YES,,,
analytics,erp_goods_receipt_dedup,table,16,decided_by,text,text,YES,,,
analytics,erp_goods_receipt_dedup,table,17,decided_at,timestamp with time zone,timestamptz,YES,,,
analytics,erp_goods_receipt_dedup,table,18,status,text,text,NO,'auto'::text,,
analytics,erp_goods_receipt_lines,view,1,tenant_id,uuid,uuid,YES,,,1
analytics,erp_goods_receipt_lines,view,2,sucursal,text,text,YES,,,
analytics,erp_goods_receipt_lines,view,3,folio,text,text,YES,,,
analytics,erp_goods_receipt_lines,view,4,linea,text,text,YES,,,
analytics,erp_goods_receipt_lines,view,5,sku,text,text,YES,,,
analytics,erp_goods_receipt_lines,view,6,nombre,text,text,YES,,,
analytics,erp_goods_receipt_lines,view,7,cantidad,numeric,numeric,YES,,,
analytics,erp_goods_receipt_lines,view,8,unidad,text,text,YES,,,
analytics,erp_goods_receipt_lines,view,9,costo_unitario,numeric,numeric,YES,,,
analytics,erp_goods_receipt_lines,view,10,importe,numeric,numeric,YES,,,
analytics,erp_goods_receipt_lines,view,11,computed_at,timestamp with time zone,timestamptz,YES,,,
analytics,erp_goods_receipts,view,1,tenant_id,uuid,uuid,YES,,,1
analytics,erp_goods_receipts,view,2,sucursal,text,text,YES,,,
analytics,erp_goods_receipts,view,3,folio,text,text,YES,,,
analytics,erp_goods_receipts,view,4,doc_prefix,text,text,YES,,,
analytics,erp_goods_receipts,view,5,receipt_date,date,date,YES,,,
analytics,erp_goods_receipts,view,6,proveedor_code,text,text,YES,,,
analytics,erp_goods_receipts,view,7,proveedor_nombre,text,text,YES,,,
analytics,erp_goods_receipts,view,8,proveedor_rfc,text,text,YES,,,
analytics,erp_goods_receipts,view,9,vale_folio,text,text,YES,,,
analytics,erp_goods_receipts,view,10,oc_folio,text,text,YES,,,
analytics,erp_goods_receipts,view,11,concepto,text,text,YES,,,
analytics,erp_goods_receipts,view,12,monto,numeric,numeric,YES,,,
analytics,erp_goods_receipts,view,13,source_branch,text,text,YES,,,
analytics,erp_goods_receipts,view,14,computed_at,timestamp with time zone,timestamptz,YES,,,
analytics,erp_goods_receipts,view,15,dup_of_sucursal,text,text,YES,,,
analytics,erp_goods_receipts,view,16,dup_of_folio,text,text,YES,,,
analytics,erp_goods_receipts,view,17,warehouse_id,uuid,uuid,YES,,,
analytics,erp_goods_receipts,view,18,fecha_vence,date,date,YES,,,
analytics,erp_goods_receipts,view,19,condicion_pago,text,text,YES,,,
analytics,erp_goods_receipts,view,20,dias_credito,integer,int4,YES,,,
analytics,erp_promotions,view,1,id,uuid,uuid,YES,,,
analytics,erp_promotions,view,2,tenant_id,uuid,uuid,YES,,,1
analytics,erp_promotions,view,3,product_id,uuid,uuid,YES,,,
analytics,erp_promotions,view,4,promo_type,text,text,YES,,,
analytics,erp_promotions,view,5,threshold,numeric,numeric,YES,,,
analytics,erp_promotions,view,6,benefit,numeric,numeric,YES,,,
analytics,erp_promotions,view,7,free_product_id,uuid,uuid,YES,,,
analytics,erp_promotions,view,8,valid_from,date,date,YES,,,
analytics,erp_promotions,view,9,valid_to,date,date,YES,,,
analytics,erp_promotions,view,10,warehouse_code,text,text,YES,,,
analytics,erp_promotions,view,11,warehouse_id,uuid,uuid,YES,,,
analytics,erp_promotions,view,12,raw_name,text,text,YES,,,
analytics,erp_promotions,view,13,computed_at,timestamp with time zone,timestamptz,YES,,,
analytics,erp_purchase_adjustment_lines,view,1,tenant_id,uuid,uuid,YES,,,1
analytics,erp_purchase_adjustment_lines,view,2,sucursal,text,text,YES,,,
analytics,erp_purchase_adjustment_lines,view,3,doctype,text,text,YES,,,
analytics,erp_purchase_adjustment_lines,view,4,folio,text,text,YES,,,
analytics,erp_purchase_adjustment_lines,view,5,linea,text,text,YES,,,
analytics,erp_purchase_adjustment_lines,view,6,sku,text,text,YES,,,
analytics,erp_purchase_adjustment_lines,view,7,nombre,text,text,YES,,,
analytics,erp_purchase_adjustment_lines,view,8,cantidad,numeric,numeric,YES,,,
analytics,erp_purchase_adjustment_lines,view,9,unidad,text,text,YES,,,
analytics,erp_purchase_adjustment_lines,view,10,costo_unitario,numeric,numeric,YES,,,
analytics,erp_purchase_adjustment_lines,view,11,importe,numeric,numeric,YES,,,
analytics,erp_purchase_adjustment_lines,view,12,computed_at,timestamp with time zone,timestamptz,YES,,,
analytics,erp_purchase_adjustments,table,1,tenant_id,uuid,uuid,NO,,,1
analytics,erp_purchase_adjustments,table,2,doctype,text,text,NO,,,
analytics,erp_purchase_adjustments,table,3,sucursal,text,text,NO,,,
analytics,erp_purchase_adjustments,table,4,folio,text,text,NO,,,
analytics,erp_purchase_adjustments,table,5,adjustment_date,date,date,YES,,,
analytics,erp_purchase_adjustments,table,6,proveedor_code,text,text,YES,,,
analytics,erp_purchase_adjustments,table,7,proveedor_nombre,text,text,YES,,,
analytics,erp_purchase_adjustments,table,8,proveedor_rfc,text,text,YES,,,
analytics,erp_purchase_adjustments,table,9,factura_ref,text,text,YES,,,
analytics,erp_purchase_adjustments,table,10,entrada_folio,text,text,YES,,,
analytics,erp_purchase_adjustments,table,11,monto,numeric,numeric,NO,0,,
analytics,erp_purchase_adjustments,table,12,iva,numeric,numeric,NO,0,,
analytics,erp_purchase_adjustments,table,13,motivo,text,text,YES,,,
analytics,erp_purchase_adjustments,table,14,categoria,text,text,YES,,,
analytics,erp_purchase_adjustments,table,15,source_branch,text,text,YES,,,
analytics,erp_purchase_adjustments,table,16,computed_at,timestamp with time zone,timestamptz,YES,now(),,
analytics,erp_purchase_adjustments,table,17,categoria_source,text,text,YES,,,
analytics,erp_purchase_adjustments,table,18,warehouse_id,uuid,uuid,YES,,,
analytics,erp_purchase_doc_lines,view,1,tenant_id,uuid,uuid,YES,,,1
analytics,erp_purchase_doc_lines,view,2,doctype,text,text,YES,,,
analytics,erp_purchase_doc_lines,view,3,sucursal,text,text,YES,,,
analytics,erp_purchase_doc_lines,view,4,folio,text,text,YES,,,
analytics,erp_purchase_doc_lines,view,5,linea,text,text,YES,,,
analytics,erp_purchase_doc_lines,view,6,sku,text,text,YES,,,
analytics,erp_purchase_doc_lines,view,7,nombre,text,text,YES,,,
analytics,erp_purchase_doc_lines,view,8,cantidad,numeric,numeric,YES,,,
analytics,erp_purchase_doc_lines,view,9,unidad,text,text,YES,,,
analytics,erp_purchase_doc_lines,view,10,costo_unitario,numeric,numeric,YES,,,
analytics,erp_purchase_doc_lines,view,11,importe,numeric,numeric,YES,,,
analytics,erp_purchase_doc_lines,view,12,computed_at,timestamp with time zone,timestamptz,YES,,,
analytics,erp_purchase_doc_lines,view,13,unidad_caja,text,text,YES,,,
analytics,erp_purchase_doc_lines,view,14,unidades_por_caja,numeric,numeric,YES,,,
analytics,erp_purchase_doc_lines,view,15,costo_caja,numeric,numeric,YES,,,
analytics,erp_purchase_docs,view,1,tenant_id,uuid,uuid,YES,,,1
analytics,erp_purchase_docs,view,2,doctype,text,text,YES,,,
analytics,erp_purchase_docs,view,3,sucursal,text,text,YES,,,
analytics,erp_purchase_docs,view,4,folio,text,text,YES,,,
analytics,erp_purchase_docs,view,5,doc_date,date,date,YES,,,
analytics,erp_purchase_docs,view,6,due_date,date,date,YES,,,
analytics,erp_purchase_docs,view,7,proveedor_code,text,text,YES,,,
analytics,erp_purchase_docs,view,8,proveedor_nombre,text,text,YES,,,
analytics,erp_purchase_docs,view,9,proveedor_rfc,text,text,YES,,,
analytics,erp_purchase_docs,view,10,concepto,text,text,YES,,,
analytics,erp_purchase_docs,view,11,condicion_pago,text,text,YES,,,
analytics,erp_purchase_docs,view,12,referencia,text,text,YES,,,
analytics,erp_purchase_docs,view,13,monto,numeric,numeric,YES,,,
analytics,erp_purchase_docs,view,14,ref_doctype,text,text,YES,,,
analytics,erp_purchase_docs,view,15,ref_folio,text,text,YES,,,
analytics,erp_purchase_docs,view,16,source_branch,text,text,YES,,,
analytics,erp_purchase_docs,view,17,computed_at,timestamp with time zone,timestamptz,YES,,,
analytics,erp_purchase_docs,view,18,estatus,text,text,YES,,,
analytics,erp_purchase_orders,view,1,tenant_id,uuid,uuid,YES,,,1
analytics,erp_purchase_orders,view,2,sucursal,text,text,YES,,,
analytics,erp_purchase_orders,view,3,folio,text,text,YES,,,
analytics,erp_purchase_orders,view,4,doc_date,date,date,YES,,,
analytics,erp_purchase_orders,view,5,dias_abierta,integer,int4,YES,,,
analytics,erp_purchase_orders,view,6,proveedor_code,text,text,YES,,,
analytics,erp_purchase_orders,view,7,proveedor_nombre,text,text,YES,,,
analytics,erp_purchase_orders,view,8,proveedor_rfc,text,text,YES,,,
analytics,erp_purchase_orders,view,9,concepto,text,text,YES,,,
analytics,erp_purchase_orders,view,10,condicion_pago,text,text,YES,,,
analytics,erp_purchase_orders,view,11,monto,numeric,numeric,YES,,,
analytics,erp_purchase_orders,view,12,estatus,text,text,YES,,,
analytics,erp_purchase_orders,view,13,source_branch,text,text,YES,,,
analytics,erp_purchase_orders,view,14,cerrada,boolean,bool,YES,,,
analytics,erp_purchase_orders,view,15,computed_at,timestamp with time zone,timestamptz,YES,,,
analytics,erp_receivable_documents,view,1,tenant_id,uuid,uuid,YES,,,1
analytics,erp_receivable_documents,view,2,sucursal,text,text,YES,,,
analytics,erp_receivable_documents,view,3,doc_code,text,text,YES,,,
analytics,erp_receivable_documents,view,4,doc_tipo,text,text,YES,,,
analytics,erp_receivable_documents,view,5,doc_label,text,text,YES,,,
analytics,erp_receivable_documents,view,6,folio,text,text,YES,,,
analytics,erp_receivable_documents,view,7,folio_digital,text,text,YES,,,
analytics,erp_receivable_documents,view,8,cliente_code,text,text,YES,,,
analytics,erp_receivable_documents,view,9,grupo,text,text,YES,,,
analytics,erp_receivable_documents,view,10,zona,text,text,YES,,,
analytics,erp_receivable_documents,view,11,fecha,date,date,YES,,,
analytics,erp_receivable_documents,view,12,vencimiento,date,date,YES,,,
analytics,erp_receivable_documents,view,13,importe,numeric,numeric,YES,,,
analytics,erp_receivable_documents,view,14,cargo_abono,text,text,YES,,,
analytics,erp_receivable_documents,view,15,signed_amount,numeric,numeric,YES,,,
analytics,erp_receivable_documents,view,16,estatus,text,text,YES,,,
analytics,erp_receivable_documents,view,17,vendedor,text,text,YES,,,
analytics,erp_receivable_documents,view,18,moneda,text,text,YES,,,
analytics,erp_receivable_documents,view,19,saldo_documento,numeric,numeric,YES,,,
analytics,erp_receivable_documents,view,20,aplicaciones,jsonb,jsonb,YES,,,
analytics,erp_receivable_documents,view,21,dias_pago,integer,int4,YES,,,
analytics,erp_receivable_documents,view,22,limite_credito,numeric,numeric,YES,,,
analytics,erp_receivable_documents,view,23,dias_credito,integer,int4,YES,,,
analytics,erp_receivable_documents,view,24,telefono,text,text,YES,,,
analytics,erp_sales_invoice_lines,view,1,tenant_id,uuid,uuid,YES,,,1
analytics,erp_sales_invoice_lines,view,2,sucursal,text,text,YES,,,
analytics,erp_sales_invoice_lines,view,3,doc_prefix,text,text,YES,,,
analytics,erp_sales_invoice_lines,view,4,folio,text,text,YES,,,
analytics,erp_sales_invoice_lines,view,5,folio_digital,text,text,YES,,,
analytics,erp_sales_invoice_lines,view,6,linea,integer,int4,YES,,,
analytics,erp_sales_invoice_lines,view,7,sku,text,text,YES,,,
analytics,erp_sales_invoice_lines,view,8,descripcion,text,text,YES,,,
analytics,erp_sales_invoice_lines,view,9,unidad,text,text,YES,,,
analytics,erp_sales_invoice_lines,view,10,cantidad,numeric,numeric,YES,,,
analytics,erp_sales_invoice_lines,view,11,precio_unitario,numeric,numeric,YES,,,
analytics,erp_sales_invoice_lines,view,12,importe,numeric,numeric,YES,,,
analytics,erp_sales_invoice_lines,view,13,factor_caja,numeric,numeric,YES,,,
analytics,erp_sales_invoice_lines,view,14,unidad_venta,text,text,YES,,,
analytics,erp_sales_invoice_lines,view,15,unidad_bulto,text,text,YES,,,
analytics,erp_sales_invoice_lines,view,16,unidad_paq,text,text,YES,,,
analytics,erp_sales_invoice_lines,view,17,factor_paq,numeric,numeric,YES,,,
analytics,erp_sales_invoice_lines,view,18,box_factor,numeric,numeric,YES,,,
analytics,erp_sales_invoice_lines,view,19,box_factor_source,text,text,YES,,,
analytics,erp_sales_invoice_lines,view,20,box_factor_dudoso,boolean,bool,YES,,,
analytics,erp_sales_invoice_lines,view,21,product_id,uuid,uuid,YES,,,
analytics,erp_sales_invoice_lines,view,22,computed_at,timestamp with time zone,timestamptz,YES,,,
analytics,erp_sales_invoices,view,1,tenant_id,uuid,uuid,YES,,,1
analytics,erp_sales_invoices,view,2,sucursal,text,text,YES,,,
analytics,erp_sales_invoices,view,3,warehouse_id,uuid,uuid,YES,,,
analytics,erp_sales_invoices,view,4,doc_prefix,text,text,YES,,,
analytics,erp_sales_invoices,view,5,doc_tipo,text,text,YES,,,
analytics,erp_sales_invoices,view,6,doc_label,text,text,YES,,,
analytics,erp_sales_invoices,view,7,folio,text,text,YES,,,
analytics,erp_sales_invoices,view,8,folio_digital,text,text,YES,,,
analytics,erp_sales_invoices,view,9,fecha,date,date,YES,,,
analytics,erp_sales_invoices,view,10,vencimiento,date,date,YES,,,
analytics,erp_sales_invoices,view,11,dias_credito,integer,int4,YES,,,
analytics,erp_sales_invoices,view,12,limite_credito,numeric,numeric,YES,,,
analytics,erp_sales_invoices,view,13,cliente_code,text,text,YES,,,
analytics,erp_sales_invoices,view,14,cliente_nombre,text,text,YES,,,
analytics,erp_sales_invoices,view,15,cliente_rfc,text,text,YES,,,
analytics,erp_sales_invoices,view,16,cliente_domicilio,text,text,YES,,,
analytics,erp_sales_invoices,view,17,cliente_colonia,text,text,YES,,,
analytics,erp_sales_invoices,view,18,cliente_estado,text,text,YES,,,
analytics,erp_sales_invoices,view,19,cliente_cp,text,text,YES,,,
analytics,erp_sales_invoices,view,20,vendedor_code,text,text,YES,,,
analytics,erp_sales_invoices,view,21,vendedor_nombre,text,text,YES,,,
analytics,erp_sales_invoices,view,22,canal,text,text,YES,,,
analytics,erp_sales_invoices,view,23,referencia,text,text,YES,,,
analytics,erp_sales_invoices,view,24,doc_origen,text,text,YES,,,
analytics,erp_sales_invoices,view,25,total,numeric,numeric,YES,,,
analytics,erp_sales_invoices,view,26,ieps,numeric,numeric,YES,,,
analytics,erp_sales_invoices,view,27,descuento,numeric,numeric,YES,,,
analytics,erp_sales_invoices,view,28,descuento_pct,numeric,numeric,YES,,,
analytics,erp_sales_invoices,view,29,subtotal,numeric,numeric,YES,,,
analytics,erp_sales_invoices,view,30,doc_estatus,text,text,YES,,,
analytics,erp_sales_invoices,view,31,cancelada,boolean,bool,YES,,,
analytics,erp_sales_invoices,view,32,source_branch,text,text,YES,,,
analytics,erp_sales_invoices,view,33,computed_at,timestamp with time zone,timestamptz,YES,,,
analytics,erp_sales_invoices,view,34,saldo,numeric,numeric,YES,,,
analytics,erp_sales_invoices,view,35,cobrado,numeric,numeric,YES,,,
analytics,erp_sales_invoices,view,36,estatus_cobro,text,text,YES,,,
analytics,erp_sales_invoices,view,37,aplicaciones,jsonb,jsonb,YES,,,
analytics,erp_sales_invoices,view,38,dias_pago,integer,int4,YES,,,
analytics,erp_sales_invoices,view,39,vencimiento_erp,date,date,YES,,,
analytics,erp_sales_invoices,view,40,vencimiento_source,text,text,YES,,,
analytics,erp_sales_invoices,view,41,importe_bruto,numeric,numeric,YES,,,
analytics,erp_sales_invoices,view,42,descuento_efectivo,numeric,numeric,YES,,,
analytics,erp_sales_invoices,view,43,doc_estatus_label,text,text,YES,,,
analytics,erp_shipment_billing,view,1,tenant_id,uuid,uuid,YES,,,1
analytics,erp_shipment_billing,view,2,sucursal,text,text,YES,,,
analytics,erp_shipment_billing,view,3,serie,integer,int4,YES,,,
analytics,erp_shipment_billing,view,4,serie_label,text,text,YES,,,
analytics,erp_shipment_billing,view,5,folio,text,text,YES,,,
analytics,erp_shipment_billing,view,6,folio_digital,text,text,YES,,,
analytics,erp_shipment_billing,view,7,fecha,date,date,YES,,,
analytics,erp_shipment_billing,view,8,cliente_code,text,text,YES,,,
analytics,erp_shipment_billing,view,9,cliente_nombre,text,text,YES,,,
analytics,erp_shipment_billing,view,10,estatus,text,text,YES,,,
analytics,erp_shipment_billing,view,11,pedido_folio,text,text,YES,,,
analytics,erp_shipment_billing,view,12,cuenta_interna,boolean,bool,YES,,,
analytics,erp_shipment_billing,view,13,cargo_en_kdue,boolean,bool,YES,,,
analytics,erp_shipment_billing,view,14,total_embarcado,numeric,numeric,YES,,,
analytics,erp_shipment_billing,view,15,n_facturas,integer,int4,YES,,,
analytics,erp_shipment_billing,view,16,total_facturado,numeric,numeric,YES,,,
analytics,erp_shipment_billing,view,17,descuento,numeric,numeric,YES,,,
analytics,erp_shipment_billing,view,18,facturas,jsonb,jsonb,YES,,,
analytics,erp_shipment_billing,view,19,diferencia,numeric,numeric,YES,,,
analytics,erp_shipment_billing,view,20,diagnostico,text,text,YES,,,
analytics,erp_shipment_billing,view,21,computed_at,timestamp with time zone,timestamptz,YES,,,
analytics,erp_shipments,view,1,tenant_id,uuid,uuid,YES,,,1
analytics,erp_shipments,view,2,shipment_folio,text,text,YES,,,
analytics,erp_shipments,view,3,sku,text,text,YES,,,
analytics,erp_shipments,view,4,product_id,uuid,uuid,YES,,,
analytics,erp_shipments,view,5,warehouse_code,text,text,YES,,,
analytics,erp_shipments,view,6,warehouse_id,uuid,uuid,YES,,,
analytics,erp_shipments,view,7,route,text,text,YES,,,
analytics,erp_shipments,view,8,status,text,text,YES,,,
analytics,erp_shipments,view,9,doc_folio,text,text,YES,,,
analytics,erp_shipments,view,10,shipped_date,date,date,YES,,,
analytics,erp_shipments,view,11,quantity,numeric,numeric,YES,,,
analytics,erp_shipments,view,12,unit,text,text,YES,,,
analytics,erp_shipments,view,13,computed_at,timestamp with time zone,timestamptz,YES,,,
analytics,erp_supplier_payments,view,1,tenant_id,uuid,uuid,YES,,,1
analytics,erp_supplier_payments,view,2,sucursal,text,text,YES,,,
analytics,erp_supplier_payments,view,3,folio,text,text,YES,,,
analytics,erp_supplier_payments,view,4,doc_prefix,text,text,YES,,,
analytics,erp_supplier_payments,view,5,pago_date,date,date,YES,,,
analytics,erp_supplier_payments,view,6,proveedor_code,text,text,YES,,,
analytics,erp_supplier_payments,view,7,proveedor_nombre,text,text,YES,,,
analytics,erp_supplier_payments,view,8,proveedor_rfc,text,text,YES,,,
analytics,erp_supplier_payments,view,9,concepto,text,text,YES,,,
analytics,erp_supplier_payments,view,10,monto,numeric,numeric,YES,,,
analytics,erp_supplier_payments,view,11,source_branch,text,text,YES,,,
analytics,erp_supplier_payments,view,12,computed_at,timestamp with time zone,timestamptz,YES,,,
analytics,erp_supplier_payments,view,13,metodo_pago,text,text,YES,,,
analytics,erp_supplier_payments,view,14,descuento,numeric,numeric,YES,,,
analytics,erp_supplier_payments,view,15,warehouse_id,uuid,uuid,YES,,,
analytics,expense_doc_accounting,table,1,tenant_id,uuid,uuid,NO,,,1
analytics,expense_doc_accounting,table,2,sucursal,text,text,NO,,,
analytics,expense_doc_accounting,table,3,doc_tipo,text,text,NO,,,
analytics,expense_doc_accounting,table,4,doc_folio,text,text,NO,,,
analytics,expense_doc_accounting,table,5,importe_contable,numeric,numeric,YES,,,
analytics,expense_doc_accounting,table,6,iva_contable,numeric,numeric,YES,,,
analytics,expense_doc_accounting,table,7,computed_at,timestamp with time zone,timestamptz,NO,now(),,
analytics,expense_doc_chain,table,1,tenant_id,uuid,uuid,NO,,,1
analytics,expense_doc_chain,table,2,sucursal,text,text,NO,,,
analytics,expense_doc_chain,table,3,factura_folio,text,text,NO,,,
analytics,expense_doc_chain,table,4,factura_fecha,date,date,YES,,,
analytics,expense_doc_chain,table,5,orden_folio,text,text,YES,,,
analytics,expense_doc_chain,table,6,orden_fecha,date,date,YES,,,
analytics,expense_doc_chain,table,7,recepcion_folio,text,text,YES,,,
analytics,expense_doc_chain,table,8,recepcion_fecha,date,date,YES,,,
analytics,expense_doc_chain,table,9,pago_folio,text,text,YES,,,
analytics,expense_doc_chain,table,10,pago_fecha,date,date,YES,,,
analytics,expense_doc_chain,table,11,beneficiario,text,text,YES,,,
analytics,expense_doc_chain,table,12,total,numeric,numeric,YES,0,,
analytics,expense_doc_chain,table,13,lead_days,integer,int4,YES,,,
analytics,expense_doc_chain,table,14,pago_days,integer,int4,YES,,,
analytics,expense_doc_chain,table,15,match_confidence,text,text,YES,,,
analytics,expense_doc_chain,table,16,computed_at,timestamp with time zone,timestamptz,YES,now(),,
analytics,expense_doc_chain,table,17,warehouse_id,uuid,uuid,YES,,,
analytics,expense_document_lines,table,1,tenant_id,uuid,uuid,NO,,,1
analytics,expense_document_lines,table,2,sucursal,text,text,NO,,,
analytics,expense_document_lines,table,3,doc_tipo,text,text,NO,,,
analytics,expense_document_lines,table,4,doc_folio,text,text,NO,,,
analytics,expense_document_lines,table,5,linea,integer,int4,NO,,,
analytics,expense_document_lines,table,6,fecha,date,date,YES,,,
analytics,expense_document_lines,table,7,sku,text,text,YES,,,
analytics,expense_document_lines,table,8,producto,text,text,YES,,,
analytics,expense_document_lines,table,9,cantidad,numeric,numeric,YES,,,
analytics,expense_document_lines,table,10,presentacion,text,text,YES,,,
analytics,expense_document_lines,table,11,costo_unitario,numeric,numeric,YES,,,
analytics,expense_document_lines,table,12,importe,numeric,numeric,YES,0,,
analytics,expense_document_lines,table,13,computed_at,timestamp with time zone,timestamptz,YES,now(),,
analytics,expense_document_lines,table,14,warehouse_id,uuid,uuid,YES,,,
analytics,expense_documents,view,1,tenant_id,uuid,uuid,YES,,,1
analytics,expense_documents,view,2,sucursal,text,text,YES,,,
analytics,expense_documents,view,3,doc_tipo,text,text,YES,,,
analytics,expense_documents,view,4,doc_folio,text,text,YES,,,
analytics,expense_documents,view,5,fecha,date,date,YES,,,
analytics,expense_documents,view,6,fecha_doc,date,date,YES,,,
analytics,expense_documents,view,7,beneficiario,text,text,YES,,,
analytics,expense_documents,view,8,rfc,text,text,YES,,,
analytics,expense_documents,view,9,concepto,text,text,YES,,,
analytics,expense_documents,view,10,area,text,text,YES,,,
analytics,expense_documents,view,11,importe,numeric,numeric,YES,,,
analytics,expense_documents,view,12,iva,numeric,numeric,YES,,,
analytics,expense_documents,view,13,usuario,text,text,YES,,,
analytics,expense_documents,view,14,solicitud_tipo,text,text,YES,,,
analytics,expense_documents,view,15,solicitud_folio,text,text,YES,,,
analytics,expense_documents,view,16,clase,text,text,YES,,,
analytics,expense_documents,view,17,computed_at,timestamp with time zone,timestamptz,YES,,,
analytics,expense_documents,view,18,warehouse_id,uuid,uuid,YES,,,
analytics,expense_entries,table,1,tenant_id,uuid,uuid,NO,,,1
analytics,expense_entries,table,2,sucursal,text,text,NO,,,
analytics,expense_entries,table,3,doc_tipo,text,text,NO,,,
analytics,expense_entries,table,4,doc_folio,text,text,NO,,,
analytics,expense_entries,table,5,linea,integer,int4,NO,,,
analytics,expense_entries,table,6,fecha,date,date,YES,,,
analytics,expense_entries,table,7,cuenta,text,text,NO,,,
analytics,expense_entries,table,8,cuenta_nombre,text,text,YES,,,
analytics,expense_entries,table,9,familia,text,text,YES,,,
analytics,expense_entries,table,10,cargo_abono,text,text,YES,,,
analytics,expense_entries,table,11,beneficiario,text,text,YES,,,
analytics,expense_entries,table,12,importe,numeric,numeric,YES,0,,
analytics,expense_entries,table,13,computed_at,timestamp with time zone,timestamptz,YES,now(),,
analytics,expense_entries,table,14,cuenta_mayor,text,text,YES,,,
analytics,expense_entries,table,15,cuenta_mayor_nombre,text,text,YES,,,
analytics,expense_entries,table,16,area,text,text,YES,,,
analytics,expense_entries,table,17,id,uuid,uuid,NO,gen_random_uuid(),,
analytics,expense_entries,table,18,dpto,text,text,YES,,,
analytics,expense_entries,table,19,dpto_nombre,text,text,YES,,,
analytics,expense_entries,table,20,concepto,text,text,YES,,,
analytics,expense_entries,table,21,concepto_nombre,text,text,YES,,,
analytics,expense_entries,table,22,comentario,text,text,YES,,,
analytics,expense_entries,table,23,beneficiario_doc,text,text,YES,,,
analytics,expense_entries,table,24,warehouse_id,uuid,uuid,YES,,,
analytics,expense_findings,table,1,id,uuid,uuid,NO,gen_random_uuid(),,
analytics,expense_findings,table,2,tenant_id,uuid,uuid,NO,,,1
analytics,expense_findings,table,3,tipo,text,text,NO,,,
analytics,expense_findings,table,4,sucursal,text,text,YES,,,
analytics,expense_findings,table,5,fecha,date,date,YES,,,
analytics,expense_findings,table,6,doc_tipo,text,text,YES,,,
analytics,expense_findings,table,7,doc_folio,text,text,YES,,,
analytics,expense_findings,table,8,beneficiario,text,text,YES,,,
analytics,expense_findings,table,9,cuenta,text,text,YES,,,
analytics,expense_findings,table,10,importe,numeric,numeric,YES,0,,
analytics,expense_findings,table,11,nota,text,text,YES,,,
analytics,expense_findings,table,12,computed_at,timestamp with time zone,timestamptz,YES,now(),,
analytics,expense_findings,table,13,warehouse_id,uuid,uuid,YES,,,
analytics,expense_requests,view,1,tenant_id,uuid,uuid,YES,,,1
analytics,expense_requests,view,2,sucursal,text,text,YES,,,
analytics,expense_requests,view,3,folio,text,text,YES,,,
analytics,expense_requests,view,4,fecha,date,date,YES,,,
analytics,expense_requests,view,5,importe,numeric,numeric,YES,,,
analytics,expense_requests,view,6,solicitante,text,text,YES,,,
analytics,expense_requests,view,7,beneficiario,text,text,YES,,,
analytics,expense_requests,view,8,concepto,text,text,YES,,,
analytics,expense_requests,view,9,estado,text,text,YES,,,
analytics,expense_requests,view,10,usuario,text,text,YES,,,
analytics,expense_requests,view,11,aplicada,boolean,bool,YES,,,
analytics,expense_requests,view,12,warehouse_id,uuid,uuid,YES,,,
analytics,expense_requests,view,13,computed_at,timestamp with time zone,timestamptz,YES,,,
analytics,expense_requests,view,14,cuenta_clave,text,text,YES,,,
analytics,expense_requests,view,15,cuenta_grupo,text,text,YES,,,
analytics,expense_requests,view,16,acreedor,text,text,YES,,,
analytics,expense_requests,view,17,acreedor_rfc,text,text,YES,,,
analytics,expense_requests,view,18,rfc,text,text,YES,,,
analytics,expense_requests,view,19,iva,numeric,numeric,YES,,,
analytics,expense_requests,view,20,forma_pago,text,text,YES,,,
analytics,expense_requests,view,21,autoriza,text,text,YES,,,
analytics,expense_requests,view,22,referencia,text,text,YES,,,
analytics,expense_requests,view,23,capturado_at,timestamp without time zone,timestamp,YES,,,
analytics,feed_watermarks,table,1,tenant_id,uuid,uuid,NO,,,1
analytics,feed_watermarks,table,2,feed_key,text,text,NO,,,
analytics,feed_watermarks,table,3,label,text,text,YES,,,
analytics,feed_watermarks,table,4,watermark_ts,timestamp with time zone,timestamptz,YES,,,
analytics,feed_watermarks,table,5,watermark_text,text,text,YES,,,
analytics,feed_watermarks,table,6,rows_last,integer,int4,YES,,,
analytics,feed_watermarks,table,7,rows_total,bigint,int8,YES,0,,
analytics,feed_watermarks,table,8,last_run,timestamp with time zone,timestamptz,YES,,,
analytics,feed_watermarks,table,9,note,text,text,YES,,,
analytics,feed_watermarks,table,10,updated_at,timestamp with time zone,timestamptz,NO,now(),,
analytics,gl_poliza_lines,table,1,tenant_id,uuid,uuid,NO,,,1
analytics,gl_poliza_lines,table,2,source,text,text,NO,,,
analytics,gl_poliza_lines,table,3,sucursal,text,text,NO,'00'::text,,
analytics,gl_poliza_lines,table,4,ejercicio,integer,int4,NO,,,
analytics,gl_poliza_lines,table,5,periodo,integer,int4,NO,,,
analytics,gl_poliza_lines,table,6,tipo_pol,text,text,NO,,,
analytics,gl_poliza_lines,table,7,folio,text,text,NO,,,
analytics,gl_poliza_lines,table,8,num_movto,integer,int4,NO,0,,
analytics,gl_poliza_lines,table,9,cuenta,text,text,NO,,,
analytics,gl_poliza_lines,table,10,cuenta_nombre,text,text,YES,,,
analytics,gl_poliza_lines,table,11,cuenta_afectable,boolean,bool,YES,,,
analytics,gl_poliza_lines,table,12,cuenta_mayor,text,text,YES,,,
analytics,gl_poliza_lines,table,13,familia,text,text,YES,,,
analytics,gl_poliza_lines,table,14,cargo_abono,text,text,NO,,,
analytics,gl_poliza_lines,table,15,importe,numeric,numeric,NO,0,,
analytics,gl_poliza_lines,table,16,referencia,text,text,YES,,,
analytics,gl_poliza_lines,table,17,cfdi_uuid,text,text,YES,,,
analytics,gl_poliza_lines,table,18,sat_agrupador,text,text,YES,,,
analytics,gl_poliza_lines,table,19,anio_mes,text,text,NO,,,
analytics,gl_poliza_lines,table,20,computed_at,timestamp with time zone,timestamptz,YES,now(),,
analytics,gl_poliza_lines,table,21,warehouse_id,uuid,uuid,YES,,,
analytics,gl_poliza_lines,table,22,concepto,text,text,YES,,,
analytics,gl_polizas,table,1,tenant_id,uuid,uuid,NO,,,1
analytics,gl_polizas,table,2,source,text,text,NO,,,
analytics,gl_polizas,table,3,sucursal,text,text,NO,'00'::text,,
analytics,gl_polizas,table,4,ejercicio,integer,int4,NO,,,
analytics,gl_polizas,table,5,periodo,integer,int4,NO,,,
analytics,gl_polizas,table,6,tipo_pol,text,text,NO,,,
analytics,gl_polizas,table,7,folio,text,text,NO,,,
analytics,gl_polizas,table,8,anio_mes,text,text,NO,,,
analytics,gl_polizas,table,9,fecha,date,date,YES,,,
analytics,gl_polizas,table,10,concepto,text,text,YES,,,
analytics,gl_polizas,table,11,cargos,numeric,numeric,NO,0,,
analytics,gl_polizas,table,12,abonos,numeric,numeric,NO,0,,
analytics,gl_polizas,table,13,neto,numeric,numeric,NO,0,,
analytics,gl_polizas,table,14,num_lines,integer,int4,NO,0,,
analytics,gl_polizas,table,15,guid,text,text,YES,,,
analytics,gl_polizas,table,16,tiene_doc_bancario,boolean,bool,YES,,,
analytics,gl_polizas,table,17,computed_at,timestamp with time zone,timestamptz,YES,now(),,
analytics,gl_polizas,table,18,src_sig,bigint,int8,YES,,,
analytics,gl_polizas,table,19,warehouse_id,uuid,uuid,YES,,,
analytics,inventory_health,table,1,tenant_id,uuid,uuid,NO,,,1
analytics,inventory_health,table,2,product_id,uuid,uuid,NO,,,
analytics,inventory_health,table,3,warehouse_id,uuid,uuid,NO,,,
analytics,inventory_health,table,4,on_hand,numeric,numeric,YES,0,,
analytics,inventory_health,table,5,avg_daily_units,numeric,numeric,YES,0,,
analytics,inventory_health,table,6,days_cover,numeric,numeric,YES,,,
analytics,inventory_health,table,7,status,text,text,YES,,,
analytics,inventory_health,table,8,computed_at,timestamp with time zone,timestamptz,YES,now(),,
analytics,inventory_health,table,9,stddev_daily_units,numeric,numeric,YES,,,
analytics,inventory_health,table,10,demand_cv,numeric,numeric,YES,,,
analytics,inventory_health,table,11,xyz_class,character,bpchar,YES,,1,
analytics,kepler_bank_movements,view,1,tenant_id,uuid,uuid,YES,,,1
analytics,kepler_bank_movements,view,2,sucursal,text,text,YES,,,
analytics,kepler_bank_movements,view,3,doc_tipo,text,text,YES,,,
analytics,kepler_bank_movements,view,4,folio,text,text,YES,,,
analytics,kepler_bank_movements,view,5,clave_banco,text,text,YES,,,
analytics,kepler_bank_movements,view,6,cuenta_contable,text,text,YES,,,
analytics,kepler_bank_movements,view,7,banco_nombre,text,text,YES,,,
analytics,kepler_bank_movements,view,8,tipo_cuenta,text,text,YES,,,
analytics,kepler_bank_movements,view,9,flujo,text,text,YES,,,
analytics,kepler_bank_movements,view,10,importe,numeric,numeric,YES,,,
analytics,kepler_bank_movements,view,11,signo,smallint,int2,YES,,,
analytics,kepler_bank_movements,view,12,fecha_valor,date,date,YES,,,
analytics,kepler_bank_movements,view,13,fecha_captura,date,date,YES,,,
analytics,kepler_bank_movements,view,14,concepto,text,text,YES,,,
analytics,kepler_bank_movements,view,15,metodo,text,text,YES,,,
analytics,kepler_bank_movements,view,16,beneficiario,text,text,YES,,,
analytics,kepler_bank_movements,view,17,es_traspaso,boolean,bool,YES,,,
analytics,kepler_bank_movements,view,18,contra_clave,text,text,YES,,,
analytics,kepler_bank_movements,view,19,pierna,text,text,YES,,,
analytics,kepler_bank_movements,view,20,account_label,text,text,YES,,,
analytics,kepler_bank_movements,view,21,computed_at,timestamp with time zone,timestamptz,YES,,,
analytics,kepler_bank_movements_snapshot_bak,table,1,tenant_id,uuid,uuid,NO,,,1
analytics,kepler_bank_movements_snapshot_bak,table,2,sucursal,text,text,NO,,,
analytics,kepler_bank_movements_snapshot_bak,table,3,doc_tipo,text,text,NO,,,
analytics,kepler_bank_movements_snapshot_bak,table,4,folio,text,text,NO,,,
analytics,kepler_bank_movements_snapshot_bak,table,5,clave_banco,text,text,NO,,,
analytics,kepler_bank_movements_snapshot_bak,table,6,cuenta_contable,text,text,YES,,,
analytics,kepler_bank_movements_snapshot_bak,table,7,banco_nombre,text,text,YES,,,
analytics,kepler_bank_movements_snapshot_bak,table,8,tipo_cuenta,text,text,YES,,,
analytics,kepler_bank_movements_snapshot_bak,table,9,flujo,text,text,NO,,,
analytics,kepler_bank_movements_snapshot_bak,table,10,importe,numeric,numeric,NO,,,
analytics,kepler_bank_movements_snapshot_bak,table,11,signo,smallint,int2,YES,,,
analytics,kepler_bank_movements_snapshot_bak,table,12,fecha_valor,date,date,YES,,,
analytics,kepler_bank_movements_snapshot_bak,table,13,fecha_captura,date,date,YES,,,
analytics,kepler_bank_movements_snapshot_bak,table,14,concepto,text,text,YES,,,
analytics,kepler_bank_movements_snapshot_bak,table,15,metodo,text,text,YES,,,
analytics,kepler_bank_movements_snapshot_bak,table,16,beneficiario,text,text,YES,,,
analytics,kepler_bank_movements_snapshot_bak,table,17,es_traspaso,boolean,bool,YES,false,,
analytics,kepler_bank_movements_snapshot_bak,table,18,contra_clave,text,text,YES,,,
analytics,kepler_bank_movements_snapshot_bak,table,19,pierna,text,text,YES,,,
analytics,kepler_bank_movements_snapshot_bak,table,20,computed_at,timestamp with time zone,timestamptz,YES,now(),,
analytics,kepler_bank_movements_snapshot_bak,table,21,account_label,text,text,YES,,,
analytics,kepler_bank_movements_snapshot_bak,table,22,warehouse_id,uuid,uuid,YES,,,
analytics,ledger_monthly,table,1,tenant_id,uuid,uuid,NO,,,1
analytics,ledger_monthly,table,2,sucursal,text,text,NO,,,
analytics,ledger_monthly,table,3,cuenta,text,text,NO,,,
analytics,ledger_monthly,table,4,cuenta_nombre,text,text,YES,,,
analytics,ledger_monthly,table,5,cuenta_mayor,text,text,YES,,,
analytics,ledger_monthly,table,6,cuenta_mayor_nombre,text,text,YES,,,
analytics,ledger_monthly,table,7,familia,text,text,YES,,,
analytics,ledger_monthly,table,8,anio_mes,text,text,NO,,,
analytics,ledger_monthly,table,9,cargos,numeric,numeric,NO,0,,
analytics,ledger_monthly,table,10,abonos,numeric,numeric,NO,0,,
analytics,ledger_monthly,table,11,neto,numeric,numeric,NO,0,,
analytics,ledger_monthly,table,12,movs,integer,int4,NO,0,,
analytics,ledger_monthly,table,13,computed_at,timestamp with time zone,timestamptz,YES,now(),,
analytics,ledger_monthly,table,14,warehouse_id,uuid,uuid,YES,,,
analytics,master_data_history,table,1,id,bigint,int8,NO,nextval('analytics.master_data_history_id_seq'::regclass),,
analytics,master_data_history,table,2,tenant_id,uuid,uuid,NO,,,1
analytics,master_data_history,table,3,tabla,text,text,NO,,,
analytics,master_data_history,table,4,pk,text,text,NO,,,
analytics,master_data_history,table,5,op,text,text,NO,,,
analytics,master_data_history,table,6,diff,jsonb,jsonb,NO,,,
analytics,master_data_history,table,7,db_role,text,text,NO,,,
analytics,master_data_history,table,8,actor,text,text,YES,,,
analytics,master_data_history,table,9,changed_at,timestamp with time zone,timestamptz,NO,now(),,
analytics,oc_survival_curve,table,1,tenant_id,uuid,uuid,NO,,,1
analytics,oc_survival_curve,table,2,edad,integer,int4,NO,,,
analytics,oc_survival_curve,table,3,muestra,integer,int4,NO,,,
analytics,oc_survival_curve,table,4,p,numeric,numeric,NO,,,
analytics,oc_survival_curve,table,5,fallback,boolean,bool,NO,false,,
analytics,oc_survival_curve,table,6,computed_at,timestamp with time zone,timestamptz,NO,now(),,
analytics,ods_branch_checks,table,1,tenant_id,uuid,uuid,NO,,,1
analytics,ods_branch_checks,table,2,lane,text,text,NO,,,
analytics,ods_branch_checks,table,3,sucursal,text,text,NO,,,
analytics,ods_branch_checks,table,4,last_check_at,timestamp with time zone,timestamptz,YES,,,
analytics,ods_branch_checks,table,5,tables_checked,integer,int4,YES,0,,
analytics,ods_branch_checks,table,6,rows_shipped,integer,int4,YES,0,,
analytics,ods_branch_checks,table,7,last_error,text,text,YES,,,
analytics,period_close,table,1,id,bigint,int8,NO,nextval('analytics.period_close_id_seq'::regclass),,
analytics,period_close,table,2,tenant_id,uuid,uuid,NO,,,1
analytics,period_close,table,3,superficie,text,text,NO,,,
analytics,period_close,table,4,periodo,text,text,NO,,,
analytics,period_close,table,5,cifra,jsonb,jsonb,NO,,,
analytics,period_close,table,6,definicion_hash,text,text,NO,,,
analytics,period_close,table,7,definicion,jsonb,jsonb,NO,,,
analytics,period_close,table,8,watermarks,jsonb,jsonb,NO,,,
analytics,period_close,table,9,closed_by,text,text,NO,,,
analytics,period_close,table,10,closed_at,timestamp with time zone,timestamptz,NO,now(),,
analytics,period_close,table,11,last_check_at,timestamp with time zone,timestamptz,YES,,,
analytics,period_close,table,12,last_check_status,text,text,YES,,,
analytics,period_close,table,13,last_check_diff,jsonb,jsonb,YES,,,
analytics,pos_cashiers,table,1,id,uuid,uuid,NO,gen_random_uuid(),,
analytics,pos_cashiers,table,2,tenant_id,uuid,uuid,NO,,,1
analytics,pos_cashiers,table,3,warehouse_code,text,text,NO,,,
analytics,pos_cashiers,table,4,cajero_code,text,text,NO,,,
analytics,pos_cashiers,table,5,nombre,text,text,NO,,,
analytics,pos_cashiers,table,6,source,text,text,NO,'kepler'::text,,
analytics,pos_cashiers,table,7,created_at,timestamp with time zone,timestamptz,NO,now(),,
analytics,pos_cashiers,table,8,updated_at,timestamp with time zone,timestamptz,NO,now(),,
analytics,pos_cashiers,table,9,warehouse_id,uuid,uuid,YES,,,
analytics,pos_ticket_sales,table,1,id,uuid,uuid,NO,gen_random_uuid(),,
analytics,pos_ticket_sales,table,2,tenant_id,uuid,uuid,NO,,,1
analytics,pos_ticket_sales,table,3,warehouse_code,text,text,NO,,,
analytics,pos_ticket_sales,table,4,cajero_code,text,text,NO,,,
analytics,pos_ticket_sales,table,5,business_date,date,date,NO,,,
analytics,pos_ticket_sales,table,6,ticket_count,integer,int4,NO,0,,
analytics,pos_ticket_sales,table,7,ticket_total,numeric,numeric,NO,0,,
analytics,pos_ticket_sales,table,8,source,text,text,NO,'kepler'::text,,
analytics,pos_ticket_sales,table,9,created_at,timestamp with time zone,timestamptz,NO,now(),,
analytics,pos_ticket_sales,table,10,updated_at,timestamp with time zone,timestamptz,NO,now(),,
analytics,pos_ticket_sales,table,11,warehouse_id,uuid,uuid,YES,,,
analytics,product_box_factor,table,1,tenant_id,uuid,uuid,NO,,,1
analytics,product_box_factor,table,2,product_id,uuid,uuid,NO,,,
analytics,product_box_factor,table,3,box_factor,numeric,numeric,NO,,,
analytics,product_box_factor,table,4,source,text,text,NO,'kepler_c84'::text,,
analytics,product_box_factor,table,5,updated_at,timestamp with time zone,timestamptz,NO,now(),,
analytics,product_box_price,table,1,tenant_id,uuid,uuid,NO,,,1
analytics,product_box_price,table,2,product_id,uuid,uuid,NO,,,
analytics,product_box_price,table,3,cja_price,numeric,numeric,NO,,,
analytics,product_box_price,table,4,source,text,text,NO,'kepler_kdpv'::text,,
analytics,product_box_price,table,5,updated_at,timestamp with time zone,timestamptz,NO,now(),,
analytics,product_demand,table,1,id,uuid,uuid,NO,gen_random_uuid(),,
analytics,product_demand,table,2,tenant_id,uuid,uuid,NO,,,1
analytics,product_demand,table,3,warehouse_id,uuid,uuid,NO,,,
analytics,product_demand,table,4,product_id,uuid,uuid,NO,,,
analytics,product_demand,table,5,window_days,integer,int4,NO,30,,
analytics,product_demand,table,6,pieces,numeric,numeric,NO,0,,
analytics,product_demand,table,7,revenue,numeric,numeric,NO,0,,
analytics,product_demand,table,8,daily_pieces,numeric,numeric,NO,0,,
analytics,product_demand,table,9,daily_revenue,numeric,numeric,NO,0,,
analytics,product_demand,table,10,piece_price,numeric,numeric,NO,0,,
analytics,product_demand,table,11,computed_at,timestamp with time zone,timestamptz,NO,now(),,
analytics,product_sales_daily,table,1,id,uuid,uuid,NO,gen_random_uuid(),,
analytics,product_sales_daily,table,2,tenant_id,uuid,uuid,NO,,,1
analytics,product_sales_daily,table,3,product_id,uuid,uuid,NO,,,
analytics,product_sales_daily,table,4,warehouse_id,uuid,uuid,NO,,,
analytics,product_sales_daily,table,5,sale_date,date,date,NO,,,
analytics,product_sales_daily,table,6,units,numeric,numeric,NO,0,,
analytics,product_sales_daily,table,7,updated_at,timestamp with time zone,timestamptz,NO,now(),,
analytics,product_sales_monthly,table,1,id,uuid,uuid,NO,gen_random_uuid(),,
analytics,product_sales_monthly,table,2,tenant_id,uuid,uuid,NO,,,1
analytics,product_sales_monthly,table,3,product_id,uuid,uuid,NO,,,
analytics,product_sales_monthly,table,4,warehouse_id,uuid,uuid,NO,,,
analytics,product_sales_monthly,table,5,month,date,date,NO,,,
analytics,product_sales_monthly,table,6,units,numeric,numeric,NO,0,,
analytics,product_sales_monthly,table,7,updated_at,timestamp with time zone,timestamptz,NO,now(),,
analytics,product_sales_stats,table,1,tenant_id,uuid,uuid,NO,,,1
analytics,product_sales_stats,table,2,product_id,uuid,uuid,NO,,,
analytics,product_sales_stats,table,3,units_30d,numeric,numeric,YES,0,,
analytics,product_sales_stats,table,4,revenue_30d,numeric,numeric,YES,0,,
analytics,product_sales_stats,table,5,units_90d,numeric,numeric,YES,0,,
analytics,product_sales_stats,table,6,revenue_90d,numeric,numeric,YES,0,,
analytics,product_sales_stats,table,7,units_365d,numeric,numeric,YES,0,,
analytics,product_sales_stats,table,8,revenue_365d,numeric,numeric,YES,0,,
analytics,product_sales_stats,table,9,abc_class,character,bpchar,YES,,1,
analytics,product_sales_stats,table,10,revenue_share_pct,numeric,numeric,YES,,,
analytics,product_sales_stats,table,11,computed_at,timestamp with time zone,timestamptz,YES,now(),,
analytics,product_units,view,1,tenant_id,uuid,uuid,YES,,,1
analytics,product_units,view,2,product_id,uuid,uuid,YES,,,
analytics,product_units,view,3,unit_base,text,text,YES,,,
analytics,product_units,view,4,unit_alt1,text,text,YES,,,
analytics,product_units,view,5,f_alt1,numeric,numeric,YES,,,
analytics,product_units,view,6,unit_alt2,text,text,YES,,,
analytics,product_units,view,7,f_alt2,numeric,numeric,YES,,,
analytics,product_units,view,8,computed_at,timestamp with time zone,timestamptz,YES,,,
analytics,product_volume_tiers,view,1,tenant_id,uuid,uuid,YES,,,1
analytics,product_volume_tiers,view,2,product_id,uuid,uuid,YES,,,
analytics,product_volume_tiers,view,3,min_qty,integer,int4,YES,,,
analytics,product_volume_tiers,view,4,price,numeric,numeric,YES,,,
analytics,product_volume_tiers,view,5,computed_at,timestamp with time zone,timestamptz,YES,,,
analytics,purchase_in_transit,table,1,tenant_id,uuid,uuid,NO,,,1
analytics,purchase_in_transit,table,2,warehouse_id,uuid,uuid,NO,,,
analytics,purchase_in_transit,table,3,product_id,uuid,uuid,NO,,,
analytics,purchase_in_transit,table,4,qty_in_transit,numeric,numeric,NO,0,,
analytics,purchase_in_transit,table,5,oc_count,integer,int4,NO,0,,
analytics,purchase_in_transit,table,6,computed_at,timestamp with time zone,timestamptz,NO,now(),,
analytics,purchase_velocity,table,1,tenant_id,uuid,uuid,NO,,,1
analytics,purchase_velocity,table,2,warehouse_id,uuid,uuid,NO,,,
analytics,purchase_velocity,table,3,product_id,uuid,uuid,NO,,,
analytics,purchase_velocity,table,4,daily_rate,numeric,numeric,NO,0,,
analytics,purchase_velocity,table,5,qty_90d,numeric,numeric,NO,0,,
analytics,purchase_velocity,table,6,real_unit_cost,numeric,numeric,NO,0,,
analytics,purchase_velocity,table,7,order_days,integer,int4,NO,0,,
analytics,purchase_velocity,table,8,last_purchase,date,date,YES,,,
analytics,purchase_velocity,table,9,computed_at,timestamp with time zone,timestamptz,NO,now(),,
analytics,replenishment_plan,table,1,tenant_id,uuid,uuid,NO,,,1
analytics,replenishment_plan,table,2,warehouse_id,uuid,uuid,NO,,,
analytics,replenishment_plan,table,3,product_id,uuid,uuid,NO,,,
analytics,replenishment_plan,table,4,sku,text,text,YES,,,
analytics,replenishment_plan,table,5,nombre,text,text,YES,,,
analytics,replenishment_plan,table,6,supplier_id,uuid,uuid,YES,,,
analytics,replenishment_plan,table,7,category_id,uuid,uuid,YES,,,
analytics,replenishment_plan,table,8,source_warehouse_id,uuid,uuid,YES,,,
analytics,replenishment_plan,table,9,is_hub,boolean,bool,NO,false,,
analytics,replenishment_plan,table,10,daily_pieces,numeric,numeric,NO,0,,
analytics,replenishment_plan,table,11,revenue30,numeric,numeric,NO,0,,
analytics,replenishment_plan,table,12,eff_daily,numeric,numeric,NO,0,,
analytics,replenishment_plan,table,13,stock_pz,numeric,numeric,NO,0,,
analytics,replenishment_plan,table,14,transit_cajas,numeric,numeric,NO,0,,
analytics,replenishment_plan,table,15,suf,numeric,numeric,NO,1,,
analytics,replenishment_plan,table,16,bf,numeric,numeric,NO,1,,
analytics,replenishment_plan,table,17,caja_cost,numeric,numeric,NO,0,,
analytics,replenishment_plan,table,18,price_ratio,numeric,numeric,YES,,,
analytics,replenishment_plan,table,19,unit_source,text,text,YES,,,
analytics,replenishment_plan,table,20,buy_rate,numeric,numeric,YES,,,
analytics,replenishment_plan,table,21,real_buy_cost,numeric,numeric,YES,,,
analytics,replenishment_plan,table,22,last_purchase,timestamp with time zone,timestamptz,YES,,,
analytics,replenishment_plan,table,23,order_days,integer,int4,YES,,,
analytics,replenishment_plan,table,24,primary_wh,uuid,uuid,YES,,,
analytics,replenishment_plan,table,25,computed_at,timestamp with time zone,timestamptz,NO,now(),,
analytics,replenishment_plan,table,26,season_ratio,numeric,numeric,YES,,,
analytics,replenishment_plan,table,27,season_src,text,text,YES,,,
analytics,replenishment_plan,table,28,safety_pct_q,numeric,numeric,YES,,,
analytics,replenishment_plan,table,29,lead_days,numeric,numeric,YES,,,
analytics,replenishment_plan,table,30,transit_eff_cajas,numeric,numeric,YES,,,
analytics,replenishment_plan,table,31,cost_source,text,text,YES,,,
analytics,replenishment_plan,table,32,display_bf,numeric,numeric,YES,,,
analytics,replenishment_plan,table,33,rung_veredicto,text,text,YES,,,
analytics,replenishment_plan,table,34,rung_bf_esperado,numeric,numeric,YES,,,
analytics,replenishment_plan,table,35,rung_arbitrado,numeric,numeric,YES,,,
analytics,route_cost_snapshot,table,1,id,uuid,uuid,NO,gen_random_uuid(),,
analytics,route_cost_snapshot,table,2,tenant_id,uuid,uuid,NO,,,1
analytics,route_cost_snapshot,table,3,route_code,character varying,varchar,NO,,24,
analytics,route_cost_snapshot,table,4,business_date,date,date,NO,,,
analytics,route_cost_snapshot,table,5,origen,character varying,varchar,NO,,24,
analytics,route_cost_snapshot,table,6,observed_at,timestamp with time zone,timestamptz,NO,CURRENT_TIMESTAMP,,
analytics,route_cost_snapshot,table,7,costo,numeric,numeric,YES,,,
analytics,route_cost_snapshot,table,8,subtotal,numeric,numeric,YES,,,
analytics,route_cost_snapshot,table,9,venta,numeric,numeric,YES,,,
analytics,route_cost_snapshot,table,10,lineas,integer,int4,YES,,,
analytics,route_cost_snapshot,table,11,notes,text,text,YES,,,
analytics,route_cost_snapshot,table,12,created_at,timestamp with time zone,timestamptz,NO,CURRENT_TIMESTAMP,,
analytics,route_monthly_provenance,table,1,tenant_id,uuid,uuid,NO,,,1
analytics,route_monthly_provenance,table,2,warehouse_id,uuid,uuid,NO,,,
analytics,route_monthly_provenance,table,3,route_code,text,text,NO,,,
analytics,route_monthly_provenance,table,4,month,date,date,NO,,,
analytics,route_monthly_provenance,table,5,revenue_push,numeric,numeric,YES,,,
analytics,route_monthly_provenance,table,6,revenue_branch,numeric,numeric,YES,,,
analytics,route_monthly_provenance,table,7,tickets_push,integer,int4,YES,,,
analytics,route_monthly_provenance,table,8,tickets_branch,integer,int4,YES,,,
analytics,route_monthly_provenance,table,9,units_push,numeric,numeric,YES,,,
analytics,route_monthly_provenance,table,10,units_branch,numeric,numeric,YES,,,
analytics,route_monthly_provenance,table,11,source_winner,text,text,NO,,,
analytics,route_monthly_provenance,table,12,discarded_revenue,numeric,numeric,NO,0,,
analytics,route_monthly_provenance,table,13,stall,boolean,bool,NO,false,,
analytics,route_monthly_provenance,table,14,reconciled_at,timestamp with time zone,timestamptz,NO,now(),,
analytics,route_push_lines,table,1,tenant_id,uuid,uuid,NO,,,1
analytics,route_push_lines,table,2,route_no,text,text,NO,,,
analytics,route_push_lines,table,3,business_date,date,date,NO,,,
analytics,route_push_lines,table,4,folio,text,text,NO,,,
analytics,route_push_lines,table,5,sku,text,text,NO,,,
analytics,route_push_lines,table,6,producto,text,text,YES,,,
analytics,route_push_lines,table,7,qty,numeric,numeric,NO,0,,
analytics,route_push_lines,table,8,importe,numeric,numeric,NO,0,,
analytics,route_push_lines,table,9,imported_at,timestamp with time zone,timestamptz,NO,now(),,
analytics,route_push_lines,table,10,cliente,text,text,YES,,,
analytics,route_push_lines,table,11,unidad,text,text,YES,,,
analytics,route_push_lines,table,12,precio_unitario,numeric,numeric,YES,,,
analytics,sales_boxes_monthly,table,1,id,uuid,uuid,NO,gen_random_uuid(),,
analytics,sales_boxes_monthly,table,2,tenant_id,uuid,uuid,NO,,,1
analytics,sales_boxes_monthly,table,3,product_id,uuid,uuid,NO,,,
analytics,sales_boxes_monthly,table,4,warehouse_id,uuid,uuid,NO,,,
analytics,sales_boxes_monthly,table,5,channel,text,text,NO,,,
analytics,sales_boxes_monthly,table,6,year_month,text,text,NO,,,
analytics,sales_boxes_monthly,table,7,unit_kind,text,text,YES,,,
analytics,sales_boxes_monthly,table,8,pieces,numeric,numeric,YES,,,
analytics,sales_boxes_monthly,table,9,kg,numeric,numeric,YES,,,
analytics,sales_boxes_monthly,table,10,boxes,numeric,numeric,YES,,,
analytics,sales_boxes_monthly,table,11,uxc,numeric,numeric,YES,,,
analytics,sales_boxes_monthly,table,12,revenue,numeric,numeric,NO,0,,
analytics,sales_boxes_monthly,table,13,tickets,integer,int4,NO,0,,
analytics,sales_boxes_monthly,table,14,updated_at,timestamp with time zone,timestamptz,NO,now(),,
analytics,sales_by_channel_monthly,table,1,id,uuid,uuid,NO,gen_random_uuid(),,
analytics,sales_by_channel_monthly,table,2,tenant_id,uuid,uuid,NO,,,1
analytics,sales_by_channel_monthly,table,3,sucursal,text,text,NO,,,
analytics,sales_by_channel_monthly,table,4,canal,text,text,NO,,,
analytics,sales_by_channel_monthly,table,5,plaza,text,text,NO,''::text,,
analytics,sales_by_channel_monthly,table,6,anio_mes,text,text,NO,,,
analytics,sales_by_channel_monthly,table,7,ventas,numeric,numeric,NO,0,,
analytics,sales_by_channel_monthly,table,8,movs,integer,int4,NO,0,,
analytics,sales_by_channel_monthly,table,9,computed_at,timestamp with time zone,timestamptz,NO,now(),,
analytics,sales_by_channel_monthly,table,10,updated_at,timestamp with time zone,timestamptz,NO,now(),,
analytics,sales_by_channel_monthly,table,11,warehouse_id,uuid,uuid,YES,,,
analytics,sales_by_route_monthly,table,1,id,uuid,uuid,NO,gen_random_uuid(),,
analytics,sales_by_route_monthly,table,2,tenant_id,uuid,uuid,NO,,,1
analytics,sales_by_route_monthly,table,3,warehouse_id,uuid,uuid,NO,,,
analytics,sales_by_route_monthly,table,4,route_code,text,text,NO,,,
analytics,sales_by_route_monthly,table,5,route_no,text,text,YES,,,
analytics,sales_by_route_monthly,table,6,month,date,date,NO,,,
analytics,sales_by_route_monthly,table,7,units,numeric,numeric,NO,0,,
analytics,sales_by_route_monthly,table,8,revenue,numeric,numeric,NO,0,,
analytics,sales_by_route_monthly,table,9,tickets,integer,int4,NO,0,,
analytics,sales_by_route_monthly,table,10,updated_at,timestamp with time zone,timestamptz,NO,now(),,
analytics,sales_by_vendor_monthly,table,1,id,uuid,uuid,NO,gen_random_uuid(),,
analytics,sales_by_vendor_monthly,table,2,tenant_id,uuid,uuid,NO,,,1
analytics,sales_by_vendor_monthly,table,3,product_id,uuid,uuid,NO,,,
analytics,sales_by_vendor_monthly,table,4,warehouse_id,uuid,uuid,NO,,,
analytics,sales_by_vendor_monthly,table,5,sale_channel,text,text,NO,,,
analytics,sales_by_vendor_monthly,table,6,vendor_code,text,text,NO,,,
analytics,sales_by_vendor_monthly,table,7,vendor_name,text,text,YES,,,
analytics,sales_by_vendor_monthly,table,8,year_month,text,text,NO,,,
analytics,sales_by_vendor_monthly,table,9,unit_kind,text,text,YES,,,
analytics,sales_by_vendor_monthly,table,10,units,numeric,numeric,NO,0,,
analytics,sales_by_vendor_monthly,table,11,revenue,numeric,numeric,NO,0,,
analytics,sales_by_vendor_monthly,table,12,tickets,integer,int4,NO,0,,
analytics,sales_by_vendor_monthly,table,13,updated_at,timestamp with time zone,timestamptz,NO,now(),,
analytics,sales_daily,table,1,id,uuid,uuid,NO,gen_random_uuid(),,
analytics,sales_daily,table,2,tenant_id,uuid,uuid,NO,,,1
analytics,sales_daily,table,3,product_id,uuid,uuid,NO,,,
analytics,sales_daily,table,4,warehouse_id,uuid,uuid,NO,,,
analytics,sales_daily,table,5,channel,text,text,NO,,,
analytics,sales_daily,table,6,sale_date,date,date,NO,,,
analytics,sales_daily,table,7,units,numeric,numeric,NO,0,,
analytics,sales_daily,table,8,revenue,numeric,numeric,NO,0,,
analytics,sales_daily,table,9,cost,numeric,numeric,YES,,,
analytics,sales_daily,table,10,margin,numeric,numeric,YES,,,
analytics,sales_daily,table,11,tickets,integer,int4,NO,0,,
analytics,sales_daily,table,12,updated_at,timestamp with time zone,timestamptz,NO,now(),,
analytics,sales_daily,table,13,unit_kind,text,text,YES,,,
analytics,sales_daily,table,14,units_base,numeric,numeric,YES,,,
analytics,sales_daily,table,15,rung_factor,numeric,numeric,YES,,,
analytics,sales_daily,table,16,rung_mixed,boolean,bool,NO,false,,
analytics,sales_daily,table,17,units_unresolved,numeric,numeric,YES,,,
analytics,sales_monthly,table,1,tenant_id,uuid,uuid,NO,,,1
analytics,sales_monthly,table,2,product_id,uuid,uuid,NO,,,
analytics,sales_monthly,table,3,warehouse_id,uuid,uuid,NO,,,
analytics,sales_monthly,table,4,channel,text,text,NO,,,
analytics,sales_monthly,table,5,month,date,date,NO,,,
analytics,sales_monthly,table,6,units,numeric,numeric,NO,0,,
analytics,sales_monthly,table,7,revenue,numeric,numeric,NO,0,,
analytics,sales_monthly,table,8,cost,numeric,numeric,YES,,,
analytics,sales_monthly,table,9,tickets,integer,int4,NO,0,,
analytics,sales_monthly,table,10,unit_kind,text,text,YES,,,
analytics,sales_monthly,table,11,updated_at,timestamp with time zone,timestamptz,NO,now(),,
analytics,stock_ledger,table,1,id,uuid,uuid,NO,gen_random_uuid(),,
analytics,stock_ledger,table,2,tenant_id,uuid,uuid,NO,,,1
analytics,stock_ledger,table,3,warehouse_code,text,text,NO,,,
analytics,stock_ledger,table,4,almacen,text,text,YES,,,
analytics,stock_ledger,table,5,sku,text,text,NO,,,
analytics,stock_ledger,table,6,genero,text,text,NO,,,
analytics,stock_ledger,table,7,naturaleza,text,text,NO,,,
analytics,stock_ledger,table,8,grupo,text,text,YES,,,
analytics,stock_ledger,table,9,clase_mov,text,text,NO,,,
analytics,stock_ledger,table,10,folio,text,text,NO,,,
analytics,stock_ledger,table,11,unidades,numeric,numeric,NO,0,,
analytics,stock_ledger,table,12,unidad,text,text,YES,,,
analytics,stock_ledger,table,13,importe,numeric,numeric,NO,0,,
analytics,stock_ledger,table,14,fecha,date,date,NO,,,
analytics,stock_ledger,table,15,source,text,text,NO,'kepler'::text,,
analytics,stock_ledger,table,16,created_at,timestamp with time zone,timestamptz,NO,now(),,
analytics,stock_ledger,table,17,updated_at,timestamp with time zone,timestamptz,NO,now(),,
analytics,stock_ledger,table,18,warehouse_id,uuid,uuid,YES,,,
analytics,stock_movements,table,1,id,bigint,int8,NO,,,
analytics,stock_movements,table,2,tenant_id,uuid,uuid,NO,,,1
analytics,stock_movements,table,3,warehouse_id,uuid,uuid,NO,,,
analytics,stock_movements,table,4,product_id,uuid,uuid,YES,,,
analytics,stock_movements,table,5,doc_date,date,date,NO,,,
analytics,stock_movements,table,6,genero,character,bpchar,NO,,1,
analytics,stock_movements,table,7,naturaleza,character,bpchar,NO,,1,
analytics,stock_movements,table,8,doc_type,text,text,NO,,,
analytics,stock_movements,table,9,doc_code,text,text,NO,,,
analytics,stock_movements,table,10,movement_kind,text,text,NO,,,
analytics,stock_movements,table,11,movement_label,text,text,NO,,,
analytics,stock_movements,table,12,folio,text,text,NO,,,
analytics,stock_movements,table,13,signed_qty,numeric,numeric,NO,,,
analytics,stock_movements,table,14,qty,numeric,numeric,NO,,,
analytics,stock_movements,table,15,unit_cost,numeric,numeric,YES,,,
analytics,stock_movements,table,16,amount,numeric,numeric,YES,,,
analytics,stock_movements,table,17,parent_group,text,text,YES,,,
analytics,stock_movements,table,18,parent_folio,text,text,YES,,,
analytics,stock_movements,table,19,source_branch,text,text,NO,,,
analytics,stock_movements,table,20,imported_at,timestamp with time zone,timestamptz,NO,now(),,
analytics,stock_movements,table,21,doc_serie,text,text,YES,,,
analytics,stock_movements,table,22,parent_serie,text,text,YES,,,
analytics,stock_movements,table,23,sku,text,text,YES,,,
analytics,stock_movements,table,24,dest_code,text,text,YES,,,
analytics,stock_movements,table,25,dest_label,text,text,YES,,,
analytics,store_live_tickets,table,1,id,uuid,uuid,NO,gen_random_uuid(),,
analytics,store_live_tickets,table,2,tenant_id,uuid,uuid,NO,,,1
analytics,store_live_tickets,table,3,warehouse_code,text,text,NO,,,
analytics,store_live_tickets,table,4,warehouse_name,text,text,YES,,,
analytics,store_live_tickets,table,5,serie,text,text,NO,,,
analytics,store_live_tickets,table,6,folio,text,text,NO,,,
analytics,store_live_tickets,table,7,ticket_ts,timestamp with time zone,timestamptz,NO,,,
analytics,store_live_tickets,table,8,total,numeric,numeric,NO,0,,
analytics,store_live_tickets,table,9,forma_pago,text,text,YES,,,
analytics,store_live_tickets,table,10,items,jsonb,jsonb,NO,'[]'::jsonb,,
analytics,store_live_tickets,table,11,created_at,timestamp with time zone,timestamptz,NO,now(),,
analytics,store_live_tickets,table,12,cajero,text,text,YES,,,
analytics,store_live_tickets,table,13,caja,text,text,YES,,,
analytics,store_live_tickets,table,14,warehouse_id,uuid,uuid,YES,,,
analytics,transfer_dest_map,table,1,tenant_id,uuid,uuid,NO,,,1
analytics,transfer_dest_map,table,2,dest_code,text,text,NO,,,
analytics,transfer_dest_map,table,3,dest_label,text,text,YES,,,
analytics,transfer_dest_map,table,4,warehouse_id,uuid,uuid,YES,,,
analytics,transfer_dest_map,table,5,updated_at,timestamp with time zone,timestamptz,NO,now(),,
analytics,transfers_monthly,table,1,id,uuid,uuid,NO,gen_random_uuid(),,
analytics,transfers_monthly,table,2,tenant_id,uuid,uuid,NO,,,1
analytics,transfers_monthly,table,3,warehouse_id,uuid,uuid,NO,,,
analytics,transfers_monthly,table,4,kind,text,text,NO,,,
analytics,transfers_monthly,table,5,dest_label,text,text,NO,''::text,,
analytics,transfers_monthly,table,6,month,date,date,NO,,,
analytics,transfers_monthly,table,7,units,numeric,numeric,NO,0,,
analytics,transfers_monthly,table,8,value,numeric,numeric,NO,0,,
analytics,transfers_monthly,table,9,docs,integer,int4,NO,0,,
analytics,transfers_monthly,table,10,updated_at,timestamp with time zone,timestamptz,NO,now(),,
analytics,v_abc_class,view,1,tenant_id,uuid,uuid,YES,,,1
analytics,v_abc_class,view,2,warehouse_id,uuid,uuid,YES,,,
analytics,v_abc_class,view,3,product_id,uuid,uuid,YES,,,
analytics,v_abc_class,view,4,abc_class,text,text,YES,,,
analytics,v_abc_class,view,5,clase_motivo,text,text,YES,,,
analytics,v_abc_class,view,6,annual_value,numeric,numeric,YES,,,
analytics,v_abc_class,view,7,avg_daily_units,numeric,numeric,YES,,,
analytics,v_abc_class,view,8,value_share,numeric,numeric,YES,,,
analytics,v_abc_class,view,9,costo_source,text,text,YES,,,
analytics,v_abc_class,view,10,tiene_testigo,boolean,bool,YES,,,
analytics,v_erp_sales_line_units,view,1,tenant_id,uuid,uuid,YES,,,1
analytics,v_erp_sales_line_units,view,2,sucursal,text,text,YES,,,
analytics,v_erp_sales_line_units,view,3,almacen_erp,text,text,YES,,,
analytics,v_erp_sales_line_units,view,4,warehouse_code,text,text,YES,,,
analytics,v_erp_sales_line_units,view,5,warehouse_id,uuid,uuid,YES,,,
analytics,v_erp_sales_line_units,view,6,doctype,text,text,YES,,,
analytics,v_erp_sales_line_units,view,7,folio,text,text,YES,,,
analytics,v_erp_sales_line_units,view,8,linea,text,text,YES,,,
analytics,v_erp_sales_line_units,view,9,fecha,date,date,YES,,,
analytics,v_erp_sales_line_units,view,10,sku,text,text,YES,,,
analytics,v_erp_sales_line_units,view,11,product_id,uuid,uuid,YES,,,
analytics,v_erp_sales_line_units,view,12,nombre,text,text,YES,,,
analytics,v_erp_sales_line_units,view,13,unidad_base,text,text,YES,,,
analytics,v_erp_sales_line_units,view,14,cantidad_base,numeric,numeric,YES,,,
analytics,v_erp_sales_line_units,view,15,precio_base,numeric,numeric,YES,,,
analytics,v_erp_sales_line_units,view,16,importe,numeric,numeric,YES,,,
analytics,v_erp_sales_line_units,view,17,unidad_vendida,text,text,YES,,,
analytics,v_erp_sales_line_units,view,18,cantidad_vendida,numeric,numeric,YES,,,
analytics,v_erp_sales_line_units,view,19,precio_vendido,numeric,numeric,YES,,,
analytics,v_erp_sales_line_units,view,20,factor_declarado,numeric,numeric,YES,,,
analytics,v_erp_sales_line_units,view,21,factor_resuelto,numeric,numeric,YES,,,
analytics,v_erp_sales_line_units,view,22,factor_source,text,text,YES,,,
analytics,v_erp_sales_line_units,view,23,cuadra,boolean,bool,YES,,,
analytics,v_erp_sales_line_units,view,24,costo_linea,numeric,numeric,YES,,,
analytics,v_erp_sales_line_units,view,25,costo_base_pagado,double precision,float8,YES,,,
analytics,v_erp_sales_line_units,view,26,factor_por_costo,double precision,float8,YES,,,
analytics,v_erp_sales_line_units,view,27,factor_por_precio,numeric,numeric,YES,,,
analytics,v_erp_sales_line_units,view,28,certeza,text,text,YES,,,
analytics,v_erp_stock_on_hand,view,1,tenant_id,uuid,uuid,YES,,,1
analytics,v_erp_stock_on_hand,view,2,warehouse_id,uuid,uuid,YES,,,
analytics,v_erp_stock_on_hand,view,3,warehouse_code,character varying,varchar,YES,,50,
analytics,v_erp_stock_on_hand,view,4,product_id,uuid,uuid,YES,,,
analytics,v_erp_stock_on_hand,view,5,sku,character varying,varchar,YES,,20,
analytics,v_erp_stock_on_hand,view,6,qty_stock_units,numeric,numeric,YES,,,
analytics,v_erp_stock_on_hand,view,7,display_box_factor,numeric,numeric,YES,,,
analytics,v_erp_stock_on_hand,view,8,unit_source,text,text,YES,,,
analytics,v_erp_stock_on_hand,view,9,source,text,text,YES,,,
analytics,v_erp_stock_truth,view,1,tenant_id,uuid,uuid,YES,,,1
analytics,v_erp_stock_truth,view,2,warehouse_id,uuid,uuid,YES,,,
analytics,v_erp_stock_truth,view,3,warehouse_code,character varying,varchar,YES,,50,
analytics,v_erp_stock_truth,view,4,kepler_code,text,text,YES,,,
analytics,v_erp_stock_truth,view,5,product_id,uuid,uuid,YES,,,
analytics,v_erp_stock_truth,view,6,sku,character varying,varchar,YES,,20,
analytics,v_erp_stock_truth,view,7,nombre,character varying,varchar,YES,,150,
analytics,v_erp_stock_truth,view,8,qty,numeric,numeric,YES,,,
analytics,v_erp_stock_truth,view,9,costo_kepler,numeric,numeric,YES,,,
analytics,v_erp_stock_truth,view,10,costo_catalogo,numeric,numeric,YES,,,
analytics,v_erp_stock_truth,view,11,costo_publicado_hoy,numeric,numeric,YES,,,
analytics,v_erp_stock_truth,view,12,razon,numeric,numeric,YES,,,
analytics,v_erp_stock_truth,view,13,veredicto,text,text,YES,,,
analytics,v_erp_stock_truth,view,14,factor_aparente,numeric,numeric,YES,,,
analytics,v_erp_stock_truth,view,15,valor_arbitrado,numeric,numeric,YES,,,
analytics,v_erp_stock_truth,view,16,valor_publicado_hoy,numeric,numeric,YES,,,
analytics,v_erp_stock_truth,view,17,brecha,numeric,numeric,YES,,,
analytics,v_erp_unit_cost,view,1,tenant_id,uuid,uuid,YES,,,1
analytics,v_erp_unit_cost,view,2,warehouse_id,uuid,uuid,YES,,,
analytics,v_erp_unit_cost,view,3,warehouse_code,character varying,varchar,YES,,50,
analytics,v_erp_unit_cost,view,4,erp,text,text,YES,,,
analytics,v_erp_unit_cost,view,5,product_id,uuid,uuid,YES,,,
analytics,v_erp_unit_cost,view,6,sku,character varying,varchar,YES,,20,
analytics,v_erp_unit_cost,view,7,costo_erp,numeric,numeric,YES,,,
analytics,v_erp_unit_cost,view,8,costo_catalogo,numeric,numeric,YES,,,
analytics,v_erp_unit_cost,view,9,costo_catalogo_ciego,numeric,numeric,YES,,,
analytics,v_erp_unit_cost,view,10,costo_unitario,numeric,numeric,YES,,,
analytics,v_erp_unit_cost,view,11,costo_source,text,text,YES,,,
analytics,v_erp_unit_cost,view,12,tiene_testigo,boolean,bool,YES,,,
analytics,v_erp_unit_cost,view,13,razon,numeric,numeric,YES,,,
analytics,v_erp_unit_cost,view,14,veredicto,text,text,YES,,,
analytics,v_existencia_dictamen,view,1,tenant_id,uuid,uuid,YES,,,1
analytics,v_existencia_dictamen,view,2,warehouse_id,uuid,uuid,YES,,,
analytics,v_existencia_dictamen,view,3,warehouse_code,character varying,varchar,YES,,50,
analytics,v_existencia_dictamen,view,4,product_id,uuid,uuid,YES,,,
analytics,v_existencia_dictamen,view,5,sku,character varying,varchar,YES,,20,
analytics,v_existencia_dictamen,view,6,erp,text,text,YES,,,
analytics,v_existencia_dictamen,view,7,qty_publicada,numeric,numeric,YES,,,
analytics,v_existencia_dictamen,view,8,qty_cruda,numeric,numeric,YES,,,
analytics,v_existencia_dictamen,view,9,baseline,numeric,numeric,YES,,,
analytics,v_existencia_dictamen,view,10,entradas,numeric,numeric,YES,,,
analytics,v_existencia_dictamen,view,11,salidas,numeric,numeric,YES,,,
analytics,v_existencia_dictamen,view,12,ult_compra,timestamp with time zone,timestamptz,YES,,,
analytics,v_existencia_dictamen,view,13,ult_venta,timestamp with time zone,timestamptz,YES,,,
analytics,v_existencia_dictamen,view,14,costo_unitario,numeric,numeric,YES,,,
analytics,v_existencia_dictamen,view,15,base_label,text,text,YES,,,
analytics,v_existencia_dictamen,view,16,rung_veredicto,text,text,YES,,,
analytics,v_existencia_dictamen,view,17,valor_existencia,numeric,numeric,YES,,,
analytics,v_existencia_dictamen,view,18,valor_faltante,numeric,numeric,YES,,,
analytics,v_existencia_dictamen,view,19,hueco_pct,numeric,numeric,YES,,,
analytics,v_existencia_dictamen,view,20,vivo,boolean,bool,YES,,,
analytics,v_existencia_dictamen,view,21,apoyo,text,text,YES,,,
analytics,v_existencia_dictamen,view,22,objecion,text,text,YES,,,
analytics,v_existencia_dictamen,view,23,objeciones,ARRAY,_text,YES,,,
analytics,v_feed_freshness,view,1,origen,text,text,YES,,,
analytics,v_feed_freshness,view,2,feed,text,text,YES,,,
analytics,v_feed_freshness,view,3,label,text,text,YES,,,
analytics,v_feed_freshness,view,4,status,text,text,YES,,,
analytics,v_feed_freshness,view,5,dato_al,timestamp with time zone,timestamptz,YES,,,
analytics,v_feed_freshness,view,6,edad_seg,bigint,int8,YES,,,
analytics,v_feed_freshness,view,7,clase,text,text,YES,,,
analytics,v_feed_freshness,view,8,nota,text,text,YES,,,
analytics,v_feed_freshness,view,9,tenant_id,uuid,uuid,YES,,,1
analytics,v_kepler_unit_cost,view,1,tenant_id,uuid,uuid,YES,,,1
analytics,v_kepler_unit_cost,view,2,warehouse_id,uuid,uuid,YES,,,
analytics,v_kepler_unit_cost,view,3,kepler_code,text,text,YES,,,
analytics,v_kepler_unit_cost,view,4,product_id,uuid,uuid,YES,,,
analytics,v_kepler_unit_cost,view,5,sku,character varying,varchar,YES,,20,
analytics,v_kepler_unit_cost,view,6,costo_unitario,numeric,numeric,YES,,,
analytics,v_product_box_factor,view,1,tenant_id,uuid,uuid,YES,,,1
analytics,v_product_box_factor,view,2,product_id,uuid,uuid,YES,,,
analytics,v_product_box_factor,view,3,is_master_suspect,boolean,bool,YES,,,
analytics,v_product_box_factor,view,4,box_factor,numeric,numeric,YES,,,
analytics,v_product_box_factor,view,5,source,text,text,YES,,,
analytics,v_product_box_factor,view,6,unit_base,text,text,YES,,,
analytics,v_product_box_factor,view,7,is_weight,boolean,bool,YES,,,
analytics,v_product_box_factor,view,8,factor_unit,text,text,YES,,,
analytics,v_product_box_factor_consensus,view,1,tenant_id,uuid,uuid,YES,,,1
analytics,v_product_box_factor_consensus,view,2,product_id,uuid,uuid,YES,,,
analytics,v_product_box_factor_consensus,view,3,plazas_con_testigo,integer,int4,YES,,,
analytics,v_product_box_factor_consensus,view,4,factores_distintos,integer,int4,YES,,,
analytics,v_product_box_factor_consensus,view,5,factor_min,numeric,numeric,YES,,,
analytics,v_product_box_factor_consensus,view,6,factor_max,numeric,numeric,YES,,,
analytics,v_product_box_factor_consensus,view,7,fuentes,text,text,YES,,,
analytics,v_product_box_factor_consensus,view,8,box_factor_resolvedor,numeric,numeric,YES,,,
analytics,v_product_box_factor_consensus,view,9,source,text,text,YES,,,
analytics,v_product_box_factor_consensus,view,10,unit_base,text,text,YES,,,
analytics,v_product_box_factor_consensus,view,11,is_weight,boolean,bool,YES,,,
analytics,v_product_box_factor_consensus,view,12,is_master_suspect,boolean,bool,YES,,,
analytics,v_product_box_factor_consensus,view,13,veredicto,text,text,YES,,,
analytics,v_product_box_factor_consensus,view,14,box_factor_publicable,numeric,numeric,YES,,,
analytics,v_product_unit_ladder,view,1,sku,text,text,YES,,,
analytics,v_product_unit_ladder,view,2,unit_base,text,text,YES,,,
analytics,v_product_unit_ladder,view,3,unit_base_raw,text,text,YES,,,
analytics,v_product_unit_ladder,view,4,u2_label,text,text,YES,,,
analytics,v_product_unit_ladder,view,5,u3_label,text,text,YES,,,
analytics,v_product_unit_ladder,view,6,f2,numeric,numeric,YES,,,
analytics,v_product_unit_ladder,view,7,f3,numeric,numeric,YES,,,
analytics,v_product_unit_ladder,view,8,f2_raw,numeric,numeric,YES,,,
analytics,v_product_unit_ladder,view,9,f3_raw,numeric,numeric,YES,,,
analytics,v_product_unit_ladder,view,10,p1,numeric,numeric,YES,,,
analytics,v_product_unit_ladder,view,11,p2,numeric,numeric,YES,,,
analytics,v_product_unit_ladder,view,12,p3,numeric,numeric,YES,,,
analytics,v_product_unit_ladder,view,13,is_weight,boolean,bool,YES,,,
analytics,v_rd_period_summary,view,1,tenant_id,uuid,uuid,YES,,,1
analytics,v_rd_period_summary,view,2,period_id,uuid,uuid,YES,,,
analytics,v_rd_period_summary,view,3,anio,integer,int4,YES,,,
analytics,v_rd_period_summary,view,4,period_no,integer,int4,YES,,,
analytics,v_rd_period_summary,view,5,date_from,date,date,YES,,,
analytics,v_rd_period_summary,view,6,date_to,date,date,YES,,,
analytics,v_rd_period_summary,view,7,pay_date,date,date,YES,,,
analytics,v_rd_period_summary,view,8,route_code,character varying,varchar,YES,,24,
analytics,v_rd_period_summary,view,9,zona,character varying,varchar,YES,,80,
analytics,v_rd_period_summary,view,10,chofer_nombre,character varying,varchar,YES,,160,
analytics,v_rd_period_summary,view,11,supervisor_nombre,character varying,varchar,YES,,160,
analytics,v_rd_period_summary,view,12,subtotal,numeric,numeric,YES,,,
analytics,v_rd_period_summary,view,13,venta,numeric,numeric,YES,,,
analytics,v_rd_period_summary,view,14,costo,numeric,numeric,YES,,,
analytics,v_rd_period_summary,view,15,dias_con_venta,integer,int4,YES,,,
analytics,v_rd_period_summary,view,16,tickets,integer,int4,YES,,,
analytics,v_rd_period_summary,view,17,subtotal_origen,text,text,YES,,,
analytics,v_rd_period_summary,view,18,costo_origen,text,text,YES,,,
analytics,v_rd_period_summary,view,19,margen_pct,numeric,numeric,YES,,,
analytics,v_rd_period_summary,view,20,km_inicial,integer,int4,YES,,,
analytics,v_rd_period_summary,view,21,km_final,integer,int4,YES,,,
analytics,v_rd_period_summary,view,22,km_recorridos,integer,int4,YES,,,
analytics,v_rd_period_summary,view,23,km_status,text,text,YES,,,
analytics,v_rd_period_summary,view,24,litros,numeric,numeric,YES,,,
analytics,v_rd_period_summary,view,25,gasto_combustible,numeric,numeric,YES,,,
analytics,v_rd_period_summary,view,26,gasto_total,numeric,numeric,YES,,,
analytics,v_rd_period_summary,view,27,gasto_docs,integer,int4,YES,,,
analytics,v_rd_period_summary,view,28,costo_por_litro,numeric,numeric,YES,,,
analytics,v_rd_period_summary,view,29,km_por_litro,numeric,numeric,YES,,,
analytics,v_rd_period_summary,view,30,costo_fijo_por_km,numeric,numeric,YES,,,
analytics,v_rd_period_summary,view,31,costo_operacion,numeric,numeric,YES,,,
analytics,v_rd_period_summary,view,32,costo_por_km,numeric,numeric,YES,,,
analytics,v_rd_period_summary,view,33,costo_status,text,text,YES,,,
analytics,v_rd_period_summary,view,34,run_status,character varying,varchar,YES,,16,
analytics,v_rd_period_summary,view,35,pct_aplicado,numeric,numeric,YES,,,
analytics,v_rd_period_summary,view,36,comision,numeric,numeric,YES,,,
analytics,v_rd_period_summary,view,37,bonos,numeric,numeric,YES,,,
analytics,v_rd_period_summary,view,38,nomina_banco,numeric,numeric,YES,,,
analytics,v_rd_period_summary,view,39,a_pagar,numeric,numeric,YES,,,
analytics,v_rd_period_summary,view,40,motivo_no_pago,character varying,varchar,YES,,64,
analytics,v_rd_period_summary,view,41,comision_status,character varying,varchar,YES,,,
analytics,v_rd_period_summary,view,42,fila_status,text,text,YES,,,
analytics,v_rd_route_daily,view,1,tenant_id,uuid,uuid,YES,,,1
analytics,v_rd_route_daily,view,2,route_code,text,text,YES,,,
analytics,v_rd_route_daily,view,3,business_date,date,date,YES,,,
analytics,v_rd_route_daily,view,4,source,text,text,YES,,,
analytics,v_rd_route_daily,view,5,subtotal,numeric,numeric,YES,,,
analytics,v_rd_route_daily,view,6,subtotal_origen,text,text,YES,,,
analytics,v_rd_route_daily,view,7,venta,numeric,numeric,YES,,,
analytics,v_rd_route_daily,view,8,venta_origen,text,text,YES,,,
analytics,v_rd_route_daily,view,9,costo,numeric,numeric,YES,,,
analytics,v_rd_route_daily,view,10,costo_status,text,text,YES,,,
analytics,v_rd_route_daily,view,11,lineas,integer,int4,YES,,,
analytics,v_rd_route_daily,view,12,tickets,integer,int4,YES,,,
analytics,v_route_cost_resolved,view,1,tenant_id,uuid,uuid,YES,,,1
analytics,v_route_cost_resolved,view,2,route_code,character varying,varchar,YES,,24,
analytics,v_route_cost_resolved,view,3,business_date,date,date,YES,,,
analytics,v_route_cost_resolved,view,4,costo_capturado,numeric,numeric,YES,,,
analytics,v_route_cost_resolved,view,5,capturado_at,timestamp with time zone,timestamptz,YES,,,
analytics,v_route_cost_resolved,view,6,costo_erp_primero,numeric,numeric,YES,,,
analytics,v_route_cost_resolved,view,7,erp_primera_obs,timestamp with time zone,timestamptz,YES,,,
analytics,v_route_cost_resolved,view,8,costo_erp_ultimo,numeric,numeric,YES,,,
analytics,v_route_cost_resolved,view,9,erp_ultima_obs,timestamp with time zone,timestamptz,YES,,,
analytics,v_route_cost_resolved,view,10,subtotal,numeric,numeric,YES,,,
analytics,v_route_cost_resolved,view,11,venta,numeric,numeric,YES,,,
analytics,v_route_cost_resolved,view,12,deriva_erp_pct,numeric,numeric,YES,,,
analytics,v_route_cost_resolved,view,13,brecha_vs_captura_pct,numeric,numeric,YES,,,
analytics,v_route_cost_resolved,view,14,costo_cobertura,text,text,YES,,,
analytics,v_route_monthly_provenance,view,1,tenant_id,uuid,uuid,YES,,,1
analytics,v_route_monthly_provenance,view,2,warehouse_code,character varying,varchar,YES,,50,
analytics,v_route_monthly_provenance,view,3,warehouse_name,character varying,varchar,YES,,200,
analytics,v_route_monthly_provenance,view,4,route_code,text,text,YES,,,
analytics,v_route_monthly_provenance,view,5,month,text,text,YES,,,
analytics,v_route_monthly_provenance,view,6,revenue_push,numeric,numeric,YES,,,
analytics,v_route_monthly_provenance,view,7,revenue_branch,numeric,numeric,YES,,,
analytics,v_route_monthly_provenance,view,8,tickets_push,integer,int4,YES,,,
analytics,v_route_monthly_provenance,view,9,tickets_branch,integer,int4,YES,,,
analytics,v_route_monthly_provenance,view,10,source_winner,text,text,YES,,,
analytics,v_route_monthly_provenance,view,11,discarded_revenue,numeric,numeric,YES,,,
analytics,v_route_monthly_provenance,view,12,stall,boolean,bool,YES,,,
analytics,v_route_monthly_provenance,view,13,reconciled_at,timestamp with time zone,timestamptz,YES,,,
analytics,v_route_operation_period,view,1,tenant_id,uuid,uuid,YES,,,1
analytics,v_route_operation_period,view,2,route_code,character varying,varchar,YES,,24,
analytics,v_route_operation_period,view,3,anio,integer,int4,YES,,,
analytics,v_route_operation_period,view,4,period_no,integer,int4,YES,,,
analytics,v_route_operation_period,view,5,km_inicial,integer,int4,YES,,,
analytics,v_route_operation_period,view,6,km_final,integer,int4,YES,,,
analytics,v_route_operation_period,view,7,km_recorridos,integer,int4,YES,,,
analytics,v_route_operation_period,view,8,km_status,text,text,YES,,,
analytics,v_route_operation_period,view,9,litros,numeric,numeric,YES,,,
analytics,v_route_operation_period,view,10,gasto_combustible,numeric,numeric,YES,,,
analytics,v_route_operation_period,view,11,gasto_total,numeric,numeric,YES,,,
analytics,v_route_operation_period,view,12,docs,integer,int4,YES,,,
analytics,v_route_operation_period,view,13,costo_por_litro,numeric,numeric,YES,,,
analytics,v_route_operation_period,view,14,km_por_litro,numeric,numeric,YES,,,
analytics,v_route_operation_period,view,15,costo_fijo_por_km,numeric,numeric,YES,,,
analytics,v_route_operation_period,view,16,costo_fijo_anual,numeric,numeric,YES,,,
analytics,v_route_operation_period,view,17,km_base_anual,numeric,numeric,YES,,,
analytics,v_route_operation_period,view,18,costo_operacion,numeric,numeric,YES,,,
analytics,v_route_operation_period,view,19,costo_por_km,numeric,numeric,YES,,,
analytics,v_route_operation_period,view,20,costo_status,text,text,YES,,,
analytics,v_route_plaza,view,1,tenant_id,uuid,uuid,YES,,,1
analytics,v_route_plaza,view,2,route_warehouse_code,text,text,YES,,,
analytics,v_route_plaza,view,3,parent_branch,text,text,YES,,,
analytics,v_route_plaza,view,4,parent_warehouse_code,text,text,YES,,,
analytics,v_route_plaza,view,5,parent_name,text,text,YES,,,
analytics,v_route_sales_lines,view,1,tenant_id,uuid,uuid,YES,,,1
analytics,v_route_sales_lines,view,2,source_branch,text,text,YES,,,
analytics,v_route_sales_lines,view,3,sale_channel,text,text,YES,,,
analytics,v_route_sales_lines,view,4,business_date,date,date,YES,,,
analytics,v_route_sales_lines,view,5,sku,text,text,YES,,,
analytics,v_route_sales_lines,view,6,qty,numeric,numeric,YES,,,
analytics,v_route_sales_lines,view,7,importe,numeric,numeric,YES,,,
analytics,v_route_sales_lines,view,8,consecutivo,text,text,YES,,,
analytics,v_route_sales_lines,view,9,doc_ref,text,text,YES,,,
analytics,v_route_sales_lines,view,10,cliente,text,text,YES,,,
analytics,v_route_sales_lines,view,11,source,text,text,YES,,,
analytics,v_route_sales_lines,view,12,producto,text,text,YES,,,
analytics,v_route_sales_lines,view,13,unidad,text,text,YES,,,
analytics,v_route_sales_lines,view,14,unidad_origen,text,text,YES,,,
analytics,v_route_sales_lines,view,15,precio_unitario,numeric,numeric,YES,,,
analytics,v_route_sales_lines,view,16,costo,numeric,numeric,YES,,,
analytics,v_route_sales_lines,view,17,iva,numeric,numeric,YES,,,
analytics,v_route_sales_lines,view,18,ieps,numeric,numeric,YES,,,
analytics,v_route_sales_lines,view,19,descuento1,numeric,numeric,YES,,,
analytics,v_route_sales_lines,view,20,descuento2,numeric,numeric,YES,,,
analytics,v_route_sales_lines,view,21,hora,text,text,YES,,,
analytics,v_route_sales_lines,view,22,doc_tipo,text,text,YES,,,
analytics,v_route_sales_lines,view,23,forma_pago,text,text,YES,,,
analytics,v_route_sales_lines,view,24,forma_pago_desc,text,text,YES,,,
analytics,v_route_sales_lines,view,25,forma_pago_credito,boolean,bool,YES,,,
analytics,v_route_sales_lines,view,26,forma_pago_tarjeta,boolean,bool,YES,,,
analytics,v_route_sales_lines,view,27,vendedor,text,text,YES,,,
analytics,v_route_sales_lines,view,28,cajero,text,text,YES,,,
analytics,v_route_sales_lines,view,29,caja,text,text,YES,,,
analytics,v_route_sales_lines,view,30,product_id,uuid,uuid,YES,,,
analytics,v_sales_demand_truth,view,1,tenant_id,uuid,uuid,YES,,,1
analytics,v_sales_demand_truth,view,2,product_id,uuid,uuid,YES,,,
analytics,v_sales_demand_truth,view,3,warehouse_id,uuid,uuid,YES,,,
analytics,v_sales_demand_truth,view,4,unit_kind,text,text,YES,,,
analytics,v_sales_demand_truth,view,5,rev_90d,numeric,numeric,YES,,,
analytics,v_sales_demand_truth,view,6,rev_per_day,numeric,numeric,YES,,,
analytics,v_sales_demand_truth,view,7,box_factor,numeric,numeric,YES,,,
analytics,v_sales_demand_truth,view,8,cja_price,numeric,numeric,YES,,,
analytics,v_sales_demand_truth,view,9,demand_boxes_day,numeric,numeric,YES,,,
analytics,v_sales_demand_truth,view,10,demand_pieces_day,numeric,numeric,YES,,,
analytics,v_sales_demand_truth,view,11,units_per_day_raw,numeric,numeric,YES,,,
analytics,v_sales_demand_truth,view,12,raw_vs_truth_ratio,numeric,numeric,YES,,,
analytics,v_seller_sales_lines,view,1,tenant_id,uuid,uuid,YES,,,1
analytics,v_seller_sales_lines,view,2,business_date,date,date,YES,,,
analytics,v_seller_sales_lines,view,3,sku,text,text,YES,,,
analytics,v_seller_sales_lines,view,4,product_id,uuid,uuid,YES,,,
analytics,v_seller_sales_lines,view,5,qty,numeric,numeric,YES,,,
analytics,v_seller_sales_lines,view,6,importe,numeric,numeric,YES,,,
analytics,v_seller_sales_lines,view,7,consecutivo,text,text,YES,,,
analytics,v_seller_sales_lines,view,8,cliente,text,text,YES,,,
analytics,v_seller_sales_lines,view,9,canal,text,text,YES,,,
analytics,v_seller_sales_lines,view,10,vendedor,text,text,YES,,,
analytics,v_seller_sales_lines,view,11,vendedor_origen,text,text,YES,,,
analytics,v_seller_sales_lines,view,12,route_no,text,text,YES,,,
analytics,v_seller_sales_lines,view,13,precio_unitario,numeric,numeric,YES,,,
analytics,v_seller_sales_lines,view,14,source_branch,text,text,YES,,,
analytics,v_sellout_daily,view,1,tenant_id,uuid,uuid,YES,,,1
analytics,v_sellout_daily,view,2,business_date,date,date,YES,,,
analytics,v_sellout_daily,view,3,source_branch,text,text,YES,,,
analytics,v_sellout_daily,view,4,warehouse_code,character varying,varchar,YES,,50,
analytics,v_sellout_daily,view,5,branch_name,character varying,varchar,YES,,200,
analytics,v_sellout_daily,view,6,product_id,uuid,uuid,YES,,,
analytics,v_sellout_daily,view,7,sku,character varying,varchar,YES,,20,
analytics,v_sellout_daily,view,8,nombre,character varying,varchar,YES,,150,
analytics,v_sellout_daily,view,9,factor_sale,integer,int4,YES,,,
analytics,v_sellout_daily,view,10,brand_id,uuid,uuid,YES,,,
analytics,v_sellout_daily,view,11,brand_nombre,character varying,varchar,YES,,100,
analytics,v_sellout_daily,view,12,brand_code,character varying,varchar,YES,,20,
analytics,v_sellout_daily,view,13,is_promo,boolean,bool,YES,,,
analytics,v_sellout_daily,view,14,box_size,integer,int4,YES,,,
analytics,v_sellout_daily,view,15,channel,text,text,YES,,,
analytics,v_sellout_daily,view,16,source,text,text,YES,,,
analytics,v_sellout_daily,view,17,vendor_code,text,text,YES,,,
analytics,v_sellout_daily,view,18,vendor_name,text,text,YES,,,
analytics,v_sellout_daily,view,19,unit_kind,text,text,YES,,,
analytics,v_sellout_daily,view,20,units,numeric,numeric,YES,,,
analytics,v_sellout_daily,view,21,monto,numeric,numeric,YES,,,
analytics,v_sellout_daily,view,22,monto_neto,numeric,numeric,YES,,,
analytics,v_supplier_cost_ladder,view,1,sku,text,text,YES,,,
analytics,v_supplier_cost_ladder,view,2,box_cost,double precision,float8,YES,,,
analytics,v_supplier_cost_ladder,view,3,u1_cost,double precision,float8,YES,,,
analytics,v_supplier_cost_ladder,view,4,u2_cost,double precision,float8,YES,,,
analytics,v_supplier_cost_ladder,view,5,u3_cost,double precision,float8,YES,,,
analytics,v_supplier_cost_ladder,view,6,u1_label,text,text,YES,,,
analytics,v_supplier_cost_ladder,view,7,u2_label,text,text,YES,,,
analytics,v_supplier_cost_ladder,view,8,u3_label,text,text,YES,,,
analytics,v_supplier_cost_ladder,view,9,units_per_box,double precision,float8,YES,,,
analytics,v_supplier_cost_ladder,view,10,sucursales,integer,int4,YES,,,
analytics,v_unit_rung_audit,view,1,tenant_id,uuid,uuid,YES,,,1
analytics,v_unit_rung_audit,view,2,warehouse_id,uuid,uuid,YES,,,
analytics,v_unit_rung_audit,view,3,warehouse_code,character varying,varchar,YES,,50,
analytics,v_unit_rung_audit,view,4,product_id,uuid,uuid,YES,,,
analytics,v_unit_rung_audit,view,5,sku,character varying,varchar,YES,,20,
analytics,v_unit_rung_audit,view,6,nombre,character varying,varchar,YES,,150,
analytics,v_unit_rung_audit,view,7,arbitro,text,text,YES,,,
analytics,v_unit_rung_audit,view,8,stock_pz,numeric,numeric,YES,,,
analytics,v_unit_rung_audit,view,9,suf,numeric,numeric,YES,,,
analytics,v_unit_rung_audit,view,10,bf,numeric,numeric,YES,,,
analytics,v_unit_rung_audit,view,11,display_bf,numeric,numeric,YES,,,
analytics,v_unit_rung_audit,view,12,display_bf_esperado,numeric,numeric,YES,,,
analytics,v_unit_rung_audit,view,13,razon,numeric,numeric,YES,,,
analytics,v_unit_rung_audit,view,14,caja_cost,numeric,numeric,YES,,,
analytics,v_unit_rung_audit,view,15,pagado,numeric,numeric,YES,,,
analytics,v_unit_rung_audit,view,16,valor_publicado,numeric,numeric,YES,,,
analytics,v_unit_rung_audit,view,17,valor_arbitrado,numeric,numeric,YES,,,
analytics,v_unit_rung_audit,view,18,revenue30,numeric,numeric,YES,,,
analytics,v_unit_rung_audit,view,19,veredicto,text,text,YES,,,
analytics,v_unit_rung_audit,view,20,es_granel,boolean,bool,YES,,,
analytics,v_unit_rung_audit,view,21,con_override,boolean,bool,YES,,,
analytics,v_unit_rung_audit,view,22,override_sold_as,text,text,YES,,,
analytics,v_unit_rung_audit,view,23,factor_partido,boolean,bool,YES,,,
analytics,v_unit_rung_audit,view,24,factor_source,text,text,YES,,,
analytics,v_unit_rung_audit,view,25,box_label,text,text,YES,,,
analytics,v_unit_rung_audit,view,26,base_label,text,text,YES,,,
analytics,v_unit_truth,view,1,tenant_id,uuid,uuid,YES,,,1
analytics,v_unit_truth,view,2,warehouse_id,uuid,uuid,YES,,,
analytics,v_unit_truth,view,3,warehouse_code,character varying,varchar,YES,,50,
analytics,v_unit_truth,view,4,product_id,uuid,uuid,YES,,,
analytics,v_unit_truth,view,5,sku,character varying,varchar,YES,,20,
analytics,v_unit_truth,view,6,box_factor,numeric,numeric,YES,,,
analytics,v_unit_truth,view,7,base_per_box,numeric,numeric,YES,,,
analytics,v_unit_truth,view,8,factor_source,text,text,YES,,,
analytics,v_unit_truth,view,9,base_source,text,text,YES,,,
analytics,v_unit_truth,view,10,erp,text,text,YES,,,
analytics,v_unit_truth,view,11,base_label,text,text,YES,,,
analytics,v_unit_truth,view,12,box_label,text,text,YES,,,
analytics,v_unit_truth,view,13,unit_base,text,text,YES,,,
analytics,v_unit_truth,view,14,factor_unit,text,text,YES,,,
analytics,v_unit_truth,view,15,is_weight,boolean,bool,YES,,,
analytics,v_unit_truth,view,16,is_master_suspect,boolean,bool,YES,,,
analytics,v_unit_truth,view,17,f2,numeric,numeric,YES,,,
analytics,v_unit_truth,view,18,f3,numeric,numeric,YES,,,
analytics,v_unit_truth,view,19,testigo_pago,numeric,numeric,YES,,,
analytics,v_unit_truth,view,20,testigo_erp,numeric,numeric,YES,,,
analytics,v_unit_truth,view,21,razon_pago,numeric,numeric,YES,,,
analytics,v_unit_truth,view,22,razon_erp,numeric,numeric,YES,,,
analytics,v_unit_truth,view,23,nativo_a_base,numeric,numeric,YES,,,
analytics,v_unit_truth,view,24,veredicto,text,text,YES,,,
analytics,v_unit_truth,view,25,veredicto_nativo,text,text,YES,,,
analytics,v_unit_truth,view,26,medible,boolean,bool,YES,,,
analytics,v_unit_truth,view,27,cja_price,numeric,numeric,YES,,,
analytics,v_unit_truth,view,28,cja_price_source,text,text,YES,,,
analytics,v_unit_truth,view,29,metodo_cajas,text,text,YES,,,
analytics,v_unit_truth_coverage,view,1,tenant_id,uuid,uuid,YES,,,1
analytics,v_unit_truth_coverage,view,2,warehouse_id,uuid,uuid,YES,,,
analytics,v_unit_truth_coverage,view,3,warehouse_code,character varying,varchar,YES,,50,
analytics,v_unit_truth_coverage,view,4,warehouse_name,character varying,varchar,YES,,200,
analytics,v_unit_truth_coverage,view,5,kind,character varying,varchar,YES,,20,
analytics,v_unit_truth_coverage,view,6,kepler_code,text,text,YES,,,
analytics,v_unit_truth_coverage,view,7,wincaja_source_branch,text,text,YES,,,
analytics,v_unit_truth_coverage,view,8,venta_365d,numeric,numeric,YES,,,
analytics,v_unit_truth_coverage,view,9,ult_venta,date,date,YES,,,
analytics,v_unit_truth_coverage,view,10,ult_wincaja,date,date,YES,,,
analytics,v_unit_truth_coverage,view,11,ult_kepler,date,date,YES,,,
analytics,v_unit_truth_coverage,view,12,celdas,integer,int4,YES,,,
analytics,v_unit_truth_coverage,view,13,celdas_medibles,integer,int4,YES,,,
analytics,v_unit_truth_coverage,view,14,cubierto,boolean,bool,YES,,,
analytics,v_unit_truth_coverage,view,15,cambio_de_erp,boolean,bool,YES,,,
analytics,v_unit_truth_coverage,view,16,motivo,text,text,YES,,,
analytics,v_warehouse_box_factor,view,1,tenant_id,uuid,uuid,YES,,,1
analytics,v_warehouse_box_factor,view,2,warehouse_id,uuid,uuid,YES,,,
analytics,v_warehouse_box_factor,view,3,warehouse_code,character varying,varchar,YES,,50,
analytics,v_warehouse_box_factor,view,4,product_id,uuid,uuid,YES,,,
analytics,v_warehouse_box_factor,view,5,sku,character varying,varchar,YES,,20,
analytics,v_warehouse_box_factor,view,6,box_factor,numeric,numeric,YES,,,
analytics,v_warehouse_box_factor,view,7,factor_source,text,text,YES,,,
analytics,v_warehouse_box_factor,view,8,erp,text,text,YES,,,
analytics,v_warehouse_box_factor,view,9,box_label,text,text,YES,,,
analytics,v_warehouse_box_factor,view,10,base_label,text,text,YES,,,
analytics,v_warehouse_box_factor,view,11,is_weight,boolean,bool,YES,,,
analytics,v_warehouse_box_factor,view,12,is_master_suspect,boolean,bool,YES,,,
analytics,v_wincaja_unit_audit,view,1,tenant_id,uuid,uuid,YES,,,1
analytics,v_wincaja_unit_audit,view,2,source_branch,text,text,YES,,,
analytics,v_wincaja_unit_audit,view,3,warehouse_id,uuid,uuid,YES,,,
analytics,v_wincaja_unit_audit,view,4,warehouse_code,character varying,varchar,YES,,50,
analytics,v_wincaja_unit_audit,view,5,sku,text,text,YES,,,
analytics,v_wincaja_unit_audit,view,6,product_id,uuid,uuid,YES,,,
analytics,v_wincaja_unit_audit,view,7,nombre,text,text,YES,,,
analytics,v_wincaja_unit_audit,view,8,unidad_venta,text,text,YES,,,
analytics,v_wincaja_unit_audit,view,9,unidad_compra,text,text,YES,,,
analytics,v_wincaja_unit_audit,view,10,factor_venta,numeric,numeric,YES,,,
analytics,v_wincaja_unit_audit,view,11,existencia,numeric,numeric,YES,,,
analytics,v_wincaja_unit_audit,view,12,costo_promedio,numeric,numeric,YES,,,
analytics,v_wincaja_unit_audit,view,13,valor,numeric,numeric,YES,,,
analytics,v_wincaja_unit_audit,view,14,fecha_ult_venta,timestamp with time zone,timestamptz,YES,,,
analytics,v_wincaja_unit_audit,view,15,veredicto,text,text,YES,,,
analytics,v_wincaja_unit_audit,view,16,divisor_wincaja,numeric,numeric,YES,,,
analytics,vendor_identity,table,1,tenant_id,uuid,uuid,NO,,,1
analytics,vendor_identity,table,2,source_branch,text,text,NO,,,
analytics,vendor_identity,table,3,vendedor,text,text,NO,,,
analytics,vendor_identity,table,4,canonical_key,text,text,NO,,,
analytics,vendor_identity,table,5,canonical_name,text,text,NO,,,
analytics,vendor_identity,table,6,note,text,text,YES,,,
analytics,vendor_identity,table,7,created_at,timestamp with time zone,timestamptz,YES,CURRENT_TIMESTAMP,,
analytics,vendor_identity,table,8,updated_at,timestamp with time zone,timestamptz,YES,CURRENT_TIMESTAMP,,
analytics,vendor_identity,table,9,exclude,boolean,bool,NO,false,,
analytics,wincaja_product_box_factor,table,1,tenant_id,uuid,uuid,NO,,,1
analytics,wincaja_product_box_factor,table,2,product_id,uuid,uuid,NO,,,
analytics,wincaja_product_box_factor,table,3,factor_venta,numeric,numeric,NO,,,
analytics,wincaja_product_box_factor,table,4,computed_at,timestamp with time zone,timestamptz,YES,CURRENT_TIMESTAMP,,
catalog,brands,table,1,id,uuid,uuid,NO,gen_random_uuid(),,
catalog,brands,table,2,tenant_id,uuid,uuid,NO,,,1
catalog,brands,table,3,nombre,character varying,varchar,NO,,100,
catalog,brands,table,4,activo,boolean,bool,NO,true,,
catalog,brands,table,5,orden,integer,int4,NO,0,,
catalog,brands,table,6,created_at,timestamp with time zone,timestamptz,NO,CURRENT_TIMESTAMP,,
catalog,brands,table,7,created_by,uuid,uuid,YES,,,
catalog,brands,table,8,updated_at,timestamp with time zone,timestamptz,NO,CURRENT_TIMESTAMP,,
catalog,brands,table,9,updated_by,uuid,uuid,YES,,,
catalog,brands,table,10,deleted_at,timestamp with time zone,timestamptz,YES,,,
catalog,brands,table,11,deleted_by,uuid,uuid,YES,,,
catalog,brands,table,12,code,character varying,varchar,YES,,20,
catalog,brands,table,13,is_commercial,boolean,bool,NO,true,,
catalog,brands,table,14,display_name,character varying,varchar,YES,,255,
catalog,categories,table,1,id,uuid,uuid,NO,gen_random_uuid(),,
catalog,categories,table,2,tenant_id,uuid,uuid,NO,,,1
catalog,categories,table,3,code,character varying,varchar,NO,,20,
catalog,categories,table,4,name,character varying,varchar,NO,,100,
catalog,categories,table,5,activo,boolean,bool,NO,true,,
catalog,categories,table,6,orden,integer,int4,NO,0,,
catalog,categories,table,7,created_at,timestamp with time zone,timestamptz,NO,CURRENT_TIMESTAMP,,
catalog,categories,table,8,created_by,uuid,uuid,YES,,,
catalog,categories,table,9,updated_at,timestamp with time zone,timestamptz,NO,CURRENT_TIMESTAMP,,
catalog,categories,table,10,updated_by,uuid,uuid,YES,,,
catalog,categories,table,11,deleted_at,timestamp with time zone,timestamptz,YES,,,
catalog,categories,table,12,deleted_by,uuid,uuid,YES,,,
catalog,product_barcodes,table,1,id,uuid,uuid,NO,gen_random_uuid(),,
catalog,product_barcodes,table,2,tenant_id,uuid,uuid,NO,,,1
catalog,product_barcodes,table,3,sku,character varying,varchar,NO,,40,
catalog,product_barcodes,table,4,barcode,character varying,varchar,NO,,40,
catalog,product_barcodes,table,5,unit,character varying,varchar,YES,,16,
catalog,product_barcodes,table,6,factor,numeric,numeric,YES,,,
catalog,product_barcodes,table,7,source,character varying,varchar,NO,,20,
catalog,product_barcodes,table,8,is_primary,boolean,bool,NO,false,,
catalog,product_barcodes,table,9,created_at,timestamp with time zone,timestamptz,NO,CURRENT_TIMESTAMP,,
catalog,product_barcodes,table,10,updated_at,timestamp with time zone,timestamptz,NO,CURRENT_TIMESTAMP,,
catalog,product_barcodes,table,11,synced_at,timestamp with time zone,timestamptz,YES,,,
catalog,product_barcodes,table,12,deleted_at,timestamp with time zone,timestamptz,YES,,,
catalog,product_barcodes,table,13,activo,boolean,bool,YES,,,
catalog,product_barcodes,table,14,product_id,uuid,uuid,YES,,,
catalog,products,table,1,id,uuid,uuid,NO,gen_random_uuid(),,
catalog,products,table,2,tenant_id,uuid,uuid,NO,,,1
catalog,products,table,3,brand_id,uuid,uuid,NO,,,
catalog,products,table,4,nombre,character varying,varchar,NO,,150,
catalog,products,table,5,activo,boolean,bool,NO,true,,
catalog,products,table,6,orden,integer,int4,NO,0,,
catalog,products,table,7,puntuacion,numeric,numeric,NO,'0'::numeric,,
catalog,products,table,8,created_at,timestamp with time zone,timestamptz,NO,CURRENT_TIMESTAMP,,
catalog,products,table,9,created_by,uuid,uuid,YES,,,
catalog,products,table,10,updated_at,timestamp with time zone,timestamptz,NO,CURRENT_TIMESTAMP,,
catalog,products,table,11,updated_by,uuid,uuid,YES,,,
catalog,products,table,12,deleted_at,timestamp with time zone,timestamptz,YES,,,
catalog,products,table,13,deleted_by,uuid,uuid,YES,,,
catalog,products,table,14,embedding,USER-DEFINED,vector,YES,,,
catalog,products,table,15,embedding_source_text,text,text,YES,,,
catalog,products,table,16,embedding_updated_at,timestamp with time zone,timestamptz,YES,,,
catalog,products,table,17,articulo,character varying,varchar,YES,,20,
catalog,products,table,18,sku,character varying,varchar,YES,,20,
catalog,products,table,19,barcode,character varying,varchar,YES,,30,
catalog,products,table,20,category_id,uuid,uuid,YES,,,
catalog,products,table,21,unit_purchase,character varying,varchar,YES,,10,
catalog,products,table,22,unit_sale,character varying,varchar,YES,,10,
catalog,products,table,23,factor_purchase,integer,int4,YES,,,
catalog,products,table,24,factor_sale,integer,int4,YES,,,
catalog,products,table,25,iva_rate,numeric,numeric,YES,,,
catalog,products,table,26,ieps_rate,numeric,numeric,YES,,,
catalog,products,table,27,description,text,text,YES,,,
catalog,products,table,28,cost_with_tax,numeric,numeric,YES,,,
catalog,products,table,29,cost_per_case,numeric,numeric,YES,,,
catalog,products,table,30,cost_base,numeric,numeric,YES,,,
catalog,products,table,31,location,character varying,varchar,YES,,20,
catalog,products,table,32,location_warehouse,character varying,varchar,YES,,20,
catalog,products,table,33,iva_purchase_rate,numeric,numeric,YES,,,
catalog,products,table,34,ieps_purchase_rate,numeric,numeric,YES,,,
catalog,products,table,35,loyalty_points,integer,int4,YES,,,
catalog,products,table,36,image_url,text,text,YES,,,
catalog,products,table,37,image_source,character varying,varchar,YES,,20,
catalog,products,table,38,image_storage_key,text,text,YES,,,
catalog,products,table,39,image_updated_at,timestamp with time zone,timestamptz,YES,,,
catalog,products,table,40,sales_units_30d,integer,int4,YES,,,
catalog,products,table,41,rotation_tier,character varying,varchar,YES,,10,
catalog,products,table,42,department,character varying,varchar,YES,,60,
catalog,products,table,43,product_line,character varying,varchar,YES,,60,
catalog,products,table,44,supplier_id,uuid,uuid,YES,,,
catalog,products,table,45,sales_units_90d,integer,int4,YES,,,
catalog,products,table,46,sat_clave_prod_serv,character varying,varchar,YES,,8,
catalog,products,table,47,sat_clave_unidad,character varying,varchar,YES,,3,
catalog,products,table,48,sat_material_peligroso,boolean,bool,NO,false,,
catalog,products,table,49,markup_pct,numeric,numeric,YES,,,
catalog,products,table,50,is_promo,boolean,bool,NO,false,,
catalog,products,table,51,in_planogram,boolean,bool,NO,false,,
catalog,products,table,52,source,text,text,YES,,,
catalog,products_active,view,1,id,uuid,uuid,YES,,,
catalog,products_active,view,2,tenant_id,uuid,uuid,YES,,,1
catalog,products_active,view,3,brand_id,uuid,uuid,YES,,,
catalog,products_active,view,4,nombre,character varying,varchar,YES,,150,
catalog,products_active,view,5,activo,boolean,bool,YES,,,
catalog,products_active,view,6,orden,integer,int4,YES,,,
catalog,products_active,view,7,puntuacion,numeric,numeric,YES,,,
catalog,products_active,view,8,created_at,timestamp with time zone,timestamptz,YES,,,
catalog,products_active,view,9,created_by,uuid,uuid,YES,,,
catalog,products_active,view,10,updated_at,timestamp with time zone,timestamptz,YES,,,
catalog,products_active,view,11,updated_by,uuid,uuid,YES,,,
catalog,products_active,view,12,deleted_at,timestamp with time zone,timestamptz,YES,,,
catalog,products_active,view,13,deleted_by,uuid,uuid,YES,,,
catalog,products_active,view,14,embedding,USER-DEFINED,vector,YES,,,
catalog,products_active,view,15,embedding_source_text,text,text,YES,,,
catalog,products_active,view,16,embedding_updated_at,timestamp with time zone,timestamptz,YES,,,
catalog,products_active,view,17,articulo,character varying,varchar,YES,,20,
catalog,products_active,view,18,sku,character varying,varchar,YES,,20,
catalog,products_active,view,19,barcode,character varying,varchar,YES,,30,
catalog,products_active,view,20,category_id,uuid,uuid,YES,,,
catalog,products_active,view,21,unit_purchase,character varying,varchar,YES,,10,
catalog,products_active,view,22,unit_sale,character varying,varchar,YES,,10,
catalog,products_active,view,23,factor_purchase,integer,int4,YES,,,
catalog,products_active,view,24,factor_sale,integer,int4,YES,,,
catalog,products_active,view,25,iva_rate,numeric,numeric,YES,,,
catalog,products_active,view,26,ieps_rate,numeric,numeric,YES,,,
catalog,products_active,view,27,description,text,text,YES,,,
catalog,products_active,view,28,cost_with_tax,numeric,numeric,YES,,,
catalog,products_active,view,29,cost_per_case,numeric,numeric,YES,,,
catalog,products_active,view,30,cost_base,numeric,numeric,YES,,,
catalog,products_active,view,31,location,character varying,varchar,YES,,20,
catalog,products_active,view,32,location_warehouse,character varying,varchar,YES,,20,
catalog,products_active,view,33,iva_purchase_rate,numeric,numeric,YES,,,
catalog,products_active,view,34,ieps_purchase_rate,numeric,numeric,YES,,,
catalog,products_active,view,35,loyalty_points,integer,int4,YES,,,
catalog,products_active,view,36,image_url,text,text,YES,,,
catalog,products_active,view,37,image_source,character varying,varchar,YES,,20,
catalog,products_active,view,38,image_storage_key,text,text,YES,,,
catalog,products_active,view,39,image_updated_at,timestamp with time zone,timestamptz,YES,,,
catalog,products_active,view,40,sales_units_30d,integer,int4,YES,,,
catalog,products_active,view,41,rotation_tier,character varying,varchar,YES,,10,
catalog,products_active,view,42,department,character varying,varchar,YES,,60,
catalog,products_active,view,43,product_line,character varying,varchar,YES,,60,
catalog,products_active,view,44,supplier_id,uuid,uuid,YES,,,
catalog,products_active,view,45,sales_units_90d,integer,int4,YES,,,
catalog,products_active,view,46,sat_clave_prod_serv,character varying,varchar,YES,,8,
catalog,products_active,view,47,sat_clave_unidad,character varying,varchar,YES,,3,
catalog,products_active,view,48,sat_material_peligroso,boolean,bool,YES,,,
catalog,products_active,view,49,markup_pct,numeric,numeric,YES,,,
catalog,products_active,view,50,is_promo,boolean,bool,YES,,,
catalog,products_active,view,51,in_planogram,boolean,bool,YES,,,
catalog,products_active,view,52,source,text,text,YES,,,
catalog,products_top_sellers,table,1,id,uuid,uuid,YES,,,
catalog,products_top_sellers,table,2,tenant_id,uuid,uuid,YES,,,1
catalog,products_top_sellers,table,3,sku,character varying,varchar,YES,,20,
catalog,products_top_sellers,table,4,nombre,character varying,varchar,YES,,150,
catalog,products_top_sellers,table,5,brand_id,uuid,uuid,YES,,,
catalog,products_top_sellers,table,6,barcode,character varying,varchar,YES,,30,
catalog,products_top_sellers,table,7,category_id,uuid,uuid,YES,,,
catalog,products_top_sellers,table,8,cost_base,numeric,numeric,YES,,,
catalog,products_top_sellers,table,9,image_url,text,text,YES,,,
catalog,products_top_sellers,table,10,units_sold,numeric,numeric,YES,,,
catalog,products_top_sellers,table,11,revenue,numeric,numeric,YES,,,
catalog,products_top_sellers,table,12,cases_sold,bigint,int8,YES,,,
catalog,products_top_sellers,table,13,units_total,numeric,numeric,YES,,,
catalog,products_top_sellers,table,14,sales_rank,integer,int4,YES,,,
catalog,suppliers,table,1,id,uuid,uuid,NO,gen_random_uuid(),,
catalog,suppliers,table,2,tenant_id,uuid,uuid,NO,,,1
catalog,suppliers,table,3,code,character varying,varchar,NO,,20,
catalog,suppliers,table,4,name,character varying,varchar,NO,,120,
catalog,suppliers,table,5,activo,boolean,bool,NO,true,,
catalog,suppliers,table,6,orden,integer,int4,YES,,,
catalog,suppliers,table,7,created_at,timestamp with time zone,timestamptz,NO,CURRENT_TIMESTAMP,,
catalog,suppliers,table,8,created_by,uuid,uuid,YES,,,
catalog,suppliers,table,9,updated_at,timestamp with time zone,timestamptz,NO,CURRENT_TIMESTAMP,,
catalog,suppliers,table,10,updated_by,uuid,uuid,YES,,,
catalog,suppliers,table,11,deleted_at,timestamp with time zone,timestamptz,YES,,,
catalog,suppliers,table,12,deleted_by,uuid,uuid,YES,,,
catalog,suppliers,table,13,lead_time_days,integer,int4,YES,,,
catalog,suppliers,table,14,min_order_boxes,numeric,numeric,YES,,,
catalog,suppliers,table,15,cadence_days_override,integer,int4,YES,,,
catalog,suppliers,table,16,colchon_days,integer,int4,YES,,,
catalog,suppliers,table,17,min_order_amount,numeric,numeric,YES,,,
catalog,suppliers,table,18,fill_rate_override,numeric,numeric,YES,,,
catalog,suppliers,table,19,safety_pct,numeric,numeric,YES,,,
catalog,suppliers,table,20,coverage_days_override,integer,int4,YES,,,
catalog,suppliers,table,21,credit_days,integer,int4,YES,,,
catalog,suppliers,table,23,invoice_type,text,text,YES,,,
catalog,top_sellers_live,table,1,id,uuid,uuid,YES,,,
catalog,top_sellers_live,table,2,tenant_id,uuid,uuid,NO,,,1
catalog,top_sellers_live,table,3,sku,character varying,varchar,YES,,,
catalog,top_sellers_live,table,4,nombre,character varying,varchar,YES,,,
catalog,top_sellers_live,table,5,brand_id,uuid,uuid,YES,,,
catalog,top_sellers_live,table,6,barcode,character varying,varchar,YES,,,
catalog,top_sellers_live,table,7,category_id,uuid,uuid,YES,,,
catalog,top_sellers_live,table,8,cost_base,numeric,numeric,YES,,,
catalog,top_sellers_live,table,9,image_url,text,text,YES,,,
catalog,top_sellers_live,table,10,units_sold,numeric,numeric,YES,,,
catalog,top_sellers_live,table,11,revenue,numeric,numeric,YES,,,
catalog,top_sellers_live,table,12,cases_sold,bigint,int8,YES,,,
catalog,top_sellers_live,table,13,units_total,numeric,numeric,YES,,,
catalog,top_sellers_live,table,14,sales_rank,integer,int4,YES,,,
commercial,abc_classification,table,1,id,uuid,uuid,NO,gen_random_uuid(),,
commercial,abc_classification,table,2,tenant_id,uuid,uuid,NO,,,1
commercial,abc_classification,table,3,warehouse_id,uuid,uuid,NO,,,
commercial,abc_classification,table,4,product_id,uuid,uuid,NO,,,
commercial,abc_classification,table,5,abc_class,character varying,varchar,NO,,1,
commercial,abc_classification,table,6,annual_value,numeric,numeric,NO,'0'::numeric,,
commercial,abc_classification,table,7,units_window,numeric,numeric,NO,'0'::numeric,,
commercial,abc_classification,table,8,value_share,numeric,numeric,NO,'0'::numeric,,
commercial,abc_classification,table,9,window_days,integer,int4,NO,90,,
commercial,abc_classification,table,10,computed_at,timestamp with time zone,timestamptz,NO,CURRENT_TIMESTAMP,,
commercial,abc_classification,table,11,costo_source,character varying,varchar,YES,,40,
commercial,abc_classification,table,12,clase_motivo,character varying,varchar,YES,,20,
commercial,autonomy_policies,table,1,id,uuid,uuid,NO,gen_random_uuid(),,
commercial,autonomy_policies,table,2,tenant_id,uuid,uuid,NO,,,1
commercial,autonomy_policies,table,3,action_type,character varying,varchar,NO,,40,
commercial,autonomy_policies,table,4,mode,character varying,varchar,NO,'off'::character varying,10,
commercial,autonomy_policies,table,5,min_confidence,numeric,numeric,NO,0.8,,
commercial,autonomy_policies,table,6,daily_cap,integer,int4,NO,5,,
commercial,autonomy_policies,table,7,value_cap_mxn,numeric,numeric,YES,,,
commercial,autonomy_policies,table,8,updated_by,uuid,uuid,YES,,,
commercial,autonomy_policies,table,9,created_at,timestamp with time zone,timestamptz,NO,CURRENT_TIMESTAMP,,
commercial,autonomy_policies,table,10,updated_at,timestamp with time zone,timestamptz,NO,CURRENT_TIMESTAMP,,
commercial,briefing_history,table,1,tenant_id,uuid,uuid,NO,,,1
commercial,briefing_history,table,2,id,uuid,uuid,NO,gen_random_uuid(),,
commercial,briefing_history,table,3,briefing_date,date,date,NO,,,
commercial,briefing_history,table,4,headline,character varying,varchar,YES,,300,
commercial,briefing_history,table,5,summary,text,text,YES,,,
commercial,briefing_history,table,6,attention,jsonb,jsonb,NO,'[]'::jsonb,,
commercial,briefing_history,table,7,stats,jsonb,jsonb,NO,'{}'::jsonb,,
commercial,briefing_history,table,8,comparison,jsonb,jsonb,NO,'{}'::jsonb,,
commercial,briefing_history,table,9,source,character varying,varchar,YES,,10,
commercial,briefing_history,table,10,created_at,timestamp with time zone,timestamptz,NO,CURRENT_TIMESTAMP,,
commercial,call_logs,table,1,id,uuid,uuid,NO,gen_random_uuid(),,
commercial,call_logs,table,2,tenant_id,uuid,uuid,NO,,,1
commercial,call_logs,table,3,customer_id,uuid,uuid,NO,,,
commercial,call_logs,table,4,user_id,uuid,uuid,NO,,,
commercial,call_logs,table,5,called_at,timestamp with time zone,timestamptz,NO,CURRENT_TIMESTAMP,,
commercial,call_logs,table,6,outcome,text,text,NO,,,
commercial,call_logs,table,7,notes,text,text,YES,,,
commercial,call_logs,table,8,next_action_at,timestamp with time zone,timestamptz,YES,,,
commercial,call_logs,table,9,order_id,uuid,uuid,YES,,,
commercial,call_logs,table,10,duration_minutes,smallint,int2,YES,,,
commercial,call_logs,table,11,created_at,timestamp with time zone,timestamptz,NO,CURRENT_TIMESTAMP,,
commercial,capture_vision,table,1,id,uuid,uuid,NO,gen_random_uuid(),,
commercial,capture_vision,table,2,tenant_id,uuid,uuid,NO,,,1
commercial,capture_vision,table,3,capture_id,uuid,uuid,NO,,,
commercial,capture_vision,table,4,photo_key,character varying,varchar,NO,,200,
commercial,capture_vision,table,5,exhibition_idx,integer,int4,YES,,,
commercial,capture_vision,table,6,foto_url,text,text,YES,,,
commercial,capture_vision,table,7,foto_public_id,character varying,varchar,YES,,255,
commercial,capture_vision,table,8,declared_own,boolean,bool,YES,,,
commercial,capture_vision,table,9,is_shelf,boolean,bool,YES,,,
commercial,capture_vision,table,10,own_brand_visible,boolean,bool,YES,,,
commercial,capture_vision,table,11,competitor_visible,boolean,bool,YES,,,
commercial,capture_vision,table,12,shelf_quality,numeric,numeric,YES,,,
commercial,capture_vision,table,13,out_of_stock,boolean,bool,YES,,,
commercial,capture_vision,table,14,photo_quality,character varying,varchar,YES,,12,
commercial,capture_vision,table,15,mismatch,boolean,bool,YES,,,
commercial,capture_vision,table,16,verdict,jsonb,jsonb,NO,'{}'::jsonb,,
commercial,capture_vision,table,17,model,character varying,varchar,YES,,60,
commercial,capture_vision,table,18,status,character varying,varchar,NO,'analyzed'::character varying,12,
commercial,capture_vision,table,19,error,text,text,YES,,,
commercial,capture_vision,table,20,analyzed_at,timestamp with time zone,timestamptz,YES,,,
commercial,capture_vision,table,21,created_at,timestamp with time zone,timestamptz,NO,CURRENT_TIMESTAMP,,
commercial,capture_vision,table,22,updated_at,timestamp with time zone,timestamptz,NO,CURRENT_TIMESTAMP,,
commercial,capture_vision,table,23,products_seen,jsonb,jsonb,NO,'[]'::jsonb,,
commercial,capture_vision,table,24,seen_product_count,integer,int4,NO,0,,
commercial,capture_vision,table,25,seen_brand_count,integer,int4,NO,0,,
commercial,capture_vision,table,26,phash,character varying,varchar,YES,,16,
commercial,carga_load_items,table,1,id,uuid,uuid,NO,gen_random_uuid(),,
commercial,carga_load_items,table,2,tenant_id,uuid,uuid,NO,,,1
commercial,carga_load_items,table,3,order_id,uuid,uuid,NO,,,
commercial,carga_load_items,table,4,product_id,uuid,uuid,NO,,,
commercial,carga_load_items,table,5,product_name,text,text,YES,,,
commercial,carga_load_items,table,6,delivery_date,date,date,YES,,,
commercial,carga_load_items,table,7,status,text,text,NO,,,
commercial,carga_load_items,table,8,reason,text,text,YES,,,
commercial,carga_load_items,table,9,quantity,numeric,numeric,YES,,,
commercial,carga_load_items,table,10,created_at,timestamp with time zone,timestamptz,NO,CURRENT_TIMESTAMP,,
commercial,carga_load_items,table,11,updated_at,timestamp with time zone,timestamptz,NO,CURRENT_TIMESTAMP,,
commercial,carga_load_items,table,12,created_by,uuid,uuid,YES,,,
commercial,carga_load_items,table,13,updated_by,uuid,uuid,YES,,,
commercial,coaching_notes,table,1,id,uuid,uuid,NO,gen_random_uuid(),,
commercial,coaching_notes,table,2,tenant_id,uuid,uuid,NO,,,1
commercial,coaching_notes,table,3,collaborator_id,uuid,uuid,NO,,,
commercial,coaching_notes,table,4,supervisor_id,uuid,uuid,YES,,,
commercial,coaching_notes,table,5,action_id,uuid,uuid,YES,,,
commercial,coaching_notes,table,6,finding_id,uuid,uuid,YES,,,
commercial,coaching_notes,table,7,category,character varying,varchar,NO,'general'::character varying,30,
commercial,coaching_notes,table,8,message,text,text,NO,,,
commercial,coaching_notes,table,9,status,character varying,varchar,NO,'open'::character varying,20,
commercial,coaching_notes,table,10,acknowledged_at,timestamp with time zone,timestamptz,YES,,,
commercial,coaching_notes,table,11,created_at,timestamp with time zone,timestamptz,NO,CURRENT_TIMESTAMP,,
commercial,coaching_notes,table,12,created_by,uuid,uuid,YES,,,
commercial,coaching_notes,table,13,updated_at,timestamp with time zone,timestamptz,NO,CURRENT_TIMESTAMP,,
commercial,coaching_notes,table,14,deleted_at,timestamp with time zone,timestamptz,YES,,,
commercial,commerce_signals,table,1,id,uuid,uuid,NO,gen_random_uuid(),,
commercial,commerce_signals,table,2,tenant_id,uuid,uuid,NO,,,1
commercial,commerce_signals,table,3,customer_id,uuid,uuid,NO,,,
commercial,commerce_signals,table,4,signal_type,character varying,varchar,NO,,40,
commercial,commerce_signals,table,5,channel,character varying,varchar,NO,,20,
commercial,commerce_signals,table,6,user_id,uuid,uuid,YES,,,
commercial,commerce_signals,table,7,context,jsonb,jsonb,NO,'{}'::jsonb,,
commercial,commerce_signals,table,8,created_at,timestamp with time zone,timestamptz,NO,CURRENT_TIMESTAMP,,
commercial,commercial_actions,table,1,id,uuid,uuid,NO,gen_random_uuid(),,
commercial,commercial_actions,table,2,tenant_id,uuid,uuid,NO,,,1
commercial,commercial_actions,table,3,finding_id,uuid,uuid,YES,,,
commercial,commercial_actions,table,4,diagnosis_id,uuid,uuid,YES,,,
commercial,commercial_actions,table,5,dedup_key,character varying,varchar,NO,,200,
commercial,commercial_actions,table,6,kind,character varying,varchar,NO,'finding'::character varying,20,
commercial,commercial_actions,table,7,action_type,character varying,varchar,NO,,40,
commercial,commercial_actions,table,8,subject_type,character varying,varchar,NO,,20,
commercial,commercial_actions,table,9,subject_id,uuid,uuid,NO,,,
commercial,commercial_actions,table,10,label,character varying,varchar,YES,,160,
commercial,commercial_actions,table,11,title,character varying,varchar,NO,,300,
commercial,commercial_actions,table,12,rationale,text,text,YES,,,
commercial,commercial_actions,table,13,payload,jsonb,jsonb,NO,'{}'::jsonb,,
commercial,commercial_actions,table,14,confidence,numeric,numeric,YES,,,
commercial,commercial_actions,table,15,expected_impact,jsonb,jsonb,YES,,,
commercial,commercial_actions,table,16,priority,numeric,numeric,YES,,,
commercial,commercial_actions,table,17,root_cause,character varying,varchar,YES,,40,
commercial,commercial_actions,table,18,proposed_by,character varying,varchar,NO,'thot'::character varying,20,
commercial,commercial_actions,table,19,status,character varying,varchar,NO,'pending_approval'::character varying,20,
commercial,commercial_actions,table,20,result,jsonb,jsonb,YES,,,
commercial,commercial_actions,table,21,approved_by,uuid,uuid,YES,,,
commercial,commercial_actions,table,22,approved_at,timestamp with time zone,timestamptz,YES,,,
commercial,commercial_actions,table,23,executed_at,timestamp with time zone,timestamptz,YES,,,
commercial,commercial_actions,table,24,created_at,timestamp with time zone,timestamptz,NO,CURRENT_TIMESTAMP,,
commercial,commercial_actions,table,25,updated_at,timestamp with time zone,timestamptz,NO,CURRENT_TIMESTAMP,,
commercial,commercial_actions,table,26,auto_executed,boolean,bool,NO,false,,
commercial,commercial_diagnoses,table,1,id,uuid,uuid,NO,gen_random_uuid(),,
commercial,commercial_diagnoses,table,2,tenant_id,uuid,uuid,NO,,,1
commercial,commercial_diagnoses,table,3,dedup_key,character varying,varchar,NO,,200,
commercial,commercial_diagnoses,table,4,root_cause,character varying,varchar,NO,,40,
commercial,commercial_diagnoses,table,5,severity,character varying,varchar,NO,'warn'::character varying,10,
commercial,commercial_diagnoses,table,6,subject_type,character varying,varchar,NO,,20,
commercial,commercial_diagnoses,table,7,subject_id,uuid,uuid,NO,,,
commercial,commercial_diagnoses,table,8,label,character varying,varchar,YES,,160,
commercial,commercial_diagnoses,table,9,finding_ids,jsonb,jsonb,NO,'[]'::jsonb,,
commercial,commercial_diagnoses,table,10,finding_types,jsonb,jsonb,NO,'[]'::jsonb,,
commercial,commercial_diagnoses,table,11,confidence,numeric,numeric,YES,,,
commercial,commercial_diagnoses,table,12,summary,text,text,YES,,,
commercial,commercial_diagnoses,table,13,evidence,jsonb,jsonb,NO,'{}'::jsonb,,
commercial,commercial_diagnoses,table,14,status,character varying,varchar,NO,'open'::character varying,15,
commercial,commercial_diagnoses,table,15,reviewed_by,uuid,uuid,YES,,,
commercial,commercial_diagnoses,table,16,reviewed_at,timestamp with time zone,timestamptz,YES,,,
commercial,commercial_diagnoses,table,17,created_at,timestamp with time zone,timestamptz,NO,CURRENT_TIMESTAMP,,
commercial,commercial_diagnoses,table,18,updated_at,timestamp with time zone,timestamptz,NO,CURRENT_TIMESTAMP,,
commercial,commercial_findings,table,1,id,uuid,uuid,NO,gen_random_uuid(),,
commercial,commercial_findings,table,2,tenant_id,uuid,uuid,NO,,,1
commercial,commercial_findings,table,3,dedup_key,character varying,varchar,NO,,200,
commercial,commercial_findings,table,4,finding_type,character varying,varchar,NO,,40,
commercial,commercial_findings,table,5,severity,character varying,varchar,NO,'warn'::character varying,10,
commercial,commercial_findings,table,6,subject_type,character varying,varchar,NO,,20,
commercial,commercial_findings,table,7,subject_id,uuid,uuid,NO,,,
commercial,commercial_findings,table,8,label,character varying,varchar,YES,,160,
commercial,commercial_findings,table,9,score,numeric,numeric,YES,,,
commercial,commercial_findings,table,10,evidence,jsonb,jsonb,NO,'{}'::jsonb,,
commercial,commercial_findings,table,11,explanation,text,text,YES,,,
commercial,commercial_findings,table,12,source,character varying,varchar,NO,'engine'::character varying,20,
commercial,commercial_findings,table,13,status,character varying,varchar,NO,'open'::character varying,15,
commercial,commercial_findings,table,14,reviewed_by,uuid,uuid,YES,,,
commercial,commercial_findings,table,15,reviewed_at,timestamp with time zone,timestamptz,YES,,,
commercial,commercial_findings,table,16,created_at,timestamp with time zone,timestamptz,NO,CURRENT_TIMESTAMP,,
commercial,commercial_findings,table,17,updated_at,timestamp with time zone,timestamptz,NO,CURRENT_TIMESTAMP,,
commercial,commercial_rule_stats,table,1,id,uuid,uuid,NO,gen_random_uuid(),,
commercial,commercial_rule_stats,table,2,tenant_id,uuid,uuid,NO,,,1
commercial,commercial_rule_stats,table,3,finding_type,character varying,varchar,NO,,40,
commercial,commercial_rule_stats,table,4,n_total,integer,int4,NO,0,,
commercial,commercial_rule_stats,table,5,n_open,integer,int4,NO,0,,
commercial,commercial_rule_stats,table,6,n_confirmed,integer,int4,NO,0,,
commercial,commercial_rule_stats,table,7,n_dismissed,integer,int4,NO,0,,
commercial,commercial_rule_stats,table,8,n_resolved,integer,int4,NO,0,,
commercial,commercial_rule_stats,table,9,reviewed_total,integer,int4,NO,0,,
commercial,commercial_rule_stats,table,10,precision,numeric,numeric,YES,,,
commercial,commercial_rule_stats,table,11,floor_met,boolean,bool,NO,false,,
commercial,commercial_rule_stats,table,12,auto_suppressed,boolean,bool,NO,false,,
commercial,commercial_rule_stats,table,13,severity_cap,character varying,varchar,YES,,10,
commercial,commercial_rule_stats,table,14,manual_override,character varying,varchar,YES,,12,
commercial,commercial_rule_stats,table,15,weight,numeric,numeric,NO,'1'::numeric,,
commercial,commercial_rule_stats,table,16,computed_at,timestamp with time zone,timestamptz,NO,CURRENT_TIMESTAMP,,
commercial,commercial_rule_stats,table,17,updated_at,timestamp with time zone,timestamptz,NO,CURRENT_TIMESTAMP,,
commercial,commission_bonuses,table,1,id,uuid,uuid,NO,gen_random_uuid(),,
commercial,commission_bonuses,table,2,tenant_id,uuid,uuid,NO,,,1
commercial,commission_bonuses,table,3,scale_id,uuid,uuid,NO,,,
commercial,commission_bonuses,table,4,beneficiario,character varying,varchar,NO,,16,
commercial,commission_bonuses,table,5,nombre,character varying,varchar,NO,,80,
commercial,commission_bonuses,table,6,metrica,character varying,varchar,NO,,16,
commercial,commission_bonuses,table,7,umbral,numeric,numeric,NO,,,
commercial,commission_bonuses,table,8,monto,numeric,numeric,NO,,,
commercial,commission_bonuses,table,9,route_code,character varying,varchar,YES,,24,
commercial,commission_bonuses,table,10,gate_venta_min,numeric,numeric,YES,,,
commercial,commission_bonuses,table,11,created_at,timestamp with time zone,timestamptz,NO,CURRENT_TIMESTAMP,,
commercial,commission_bonuses,table,12,updated_at,timestamp with time zone,timestamptz,NO,CURRENT_TIMESTAMP,,
commercial,commission_bonuses,table,13,created_by,uuid,uuid,YES,,,
commercial,commission_bonuses,table,14,updated_by,uuid,uuid,YES,,,
commercial,commission_bonuses,table,15,deleted_at,timestamp with time zone,timestamptz,YES,,,
commercial,commission_bonuses,table,16,deleted_by,uuid,uuid,YES,,,
commercial,commission_bonuses,table,17,comparador,character varying,varchar,NO,'gte'::character varying,4,
commercial,commission_periods,table,1,id,uuid,uuid,NO,gen_random_uuid(),,
commercial,commission_periods,table,2,tenant_id,uuid,uuid,NO,,,1
commercial,commission_periods,table,3,anio,integer,int4,NO,,,
commercial,commission_periods,table,4,period_no,integer,int4,NO,,,
commercial,commission_periods,table,5,date_from,date,date,NO,,,
commercial,commission_periods,table,6,date_to,date,date,NO,,,
commercial,commission_periods,table,7,pay_date,date,date,YES,,,
commercial,commission_periods,table,8,created_at,timestamp with time zone,timestamptz,NO,CURRENT_TIMESTAMP,,
commercial,commission_periods,table,9,updated_at,timestamp with time zone,timestamptz,NO,CURRENT_TIMESTAMP,,
commercial,commission_periods,table,10,created_by,uuid,uuid,YES,,,
commercial,commission_periods,table,11,updated_by,uuid,uuid,YES,,,
commercial,commission_periods,table,12,deleted_at,timestamp with time zone,timestamptz,YES,,,
commercial,commission_periods,table,13,deleted_by,uuid,uuid,YES,,,
commercial,commission_route_config,table,1,id,uuid,uuid,NO,gen_random_uuid(),,
commercial,commission_route_config,table,2,tenant_id,uuid,uuid,NO,,,1
commercial,commission_route_config,table,3,route_code,character varying,varchar,NO,,24,
commercial,commission_route_config,table,4,scale_id,uuid,uuid,NO,,,
commercial,commission_route_config,table,5,nomina_banco,numeric,numeric,NO,'0'::numeric,,
commercial,commission_route_config,table,6,zona,character varying,varchar,YES,,80,
commercial,commission_route_config,table,7,chofer_user_id,uuid,uuid,YES,,,
commercial,commission_route_config,table,8,chofer_nombre,character varying,varchar,YES,,160,
commercial,commission_route_config,table,9,supervisor_user_id,uuid,uuid,YES,,,
commercial,commission_route_config,table,10,supervisor_nombre,character varying,varchar,YES,,160,
commercial,commission_route_config,table,11,activo,boolean,bool,NO,true,,
commercial,commission_route_config,table,12,created_at,timestamp with time zone,timestamptz,NO,CURRENT_TIMESTAMP,,
commercial,commission_route_config,table,13,updated_at,timestamp with time zone,timestamptz,NO,CURRENT_TIMESTAMP,,
commercial,commission_route_config,table,14,created_by,uuid,uuid,YES,,,
commercial,commission_route_config,table,15,updated_by,uuid,uuid,YES,,,
commercial,commission_route_config,table,16,deleted_at,timestamp with time zone,timestamptz,YES,,,
commercial,commission_route_config,table,17,deleted_by,uuid,uuid,YES,,,
commercial,commission_run_lines,table,1,id,uuid,uuid,NO,gen_random_uuid(),,
commercial,commission_run_lines,table,2,tenant_id,uuid,uuid,NO,,,1
commercial,commission_run_lines,table,3,run_id,uuid,uuid,NO,,,
commercial,commission_run_lines,table,4,route_code,character varying,varchar,NO,,24,
commercial,commission_run_lines,table,5,beneficiario,character varying,varchar,NO,,16,
commercial,commission_run_lines,table,6,subtotal,numeric,numeric,YES,,,
commercial,commission_run_lines,table,7,venta,numeric,numeric,YES,,,
commercial,commission_run_lines,table,8,costo,numeric,numeric,YES,,,
commercial,commission_run_lines,table,9,margen_pct,numeric,numeric,YES,,,
commercial,commission_run_lines,table,10,subtotal_origen,character varying,varchar,YES,,32,
commercial,commission_run_lines,table,11,costo_status,character varying,varchar,YES,,40,
commercial,commission_run_lines,table,12,pct_aplicado,numeric,numeric,YES,,,
commercial,commission_run_lines,table,13,comision,numeric,numeric,NO,'0'::numeric,,
commercial,commission_run_lines,table,14,bonos,numeric,numeric,NO,'0'::numeric,,
commercial,commission_run_lines,table,15,bonos_detalle,jsonb,jsonb,NO,'[]'::jsonb,,
commercial,commission_run_lines,table,16,nomina_banco,numeric,numeric,NO,'0'::numeric,,
commercial,commission_run_lines,table,17,a_pagar,numeric,numeric,NO,'0'::numeric,,
commercial,commission_run_lines,table,18,motivo_no_pago,character varying,varchar,YES,,64,
commercial,commission_run_lines,table,19,created_at,timestamp with time zone,timestamptz,NO,CURRENT_TIMESTAMP,,
commercial,commission_run_lines,table,20,updated_at,timestamp with time zone,timestamptz,NO,CURRENT_TIMESTAMP,,
commercial,commission_run_lines,table,21,created_by,uuid,uuid,YES,,,
commercial,commission_run_lines,table,22,updated_by,uuid,uuid,YES,,,
commercial,commission_run_lines,table,23,deleted_at,timestamp with time zone,timestamptz,YES,,,
commercial,commission_run_lines,table,24,deleted_by,uuid,uuid,YES,,,
commercial,commission_runs,table,1,id,uuid,uuid,NO,gen_random_uuid(),,
commercial,commission_runs,table,2,tenant_id,uuid,uuid,NO,,,1
commercial,commission_runs,table,3,period_id,uuid,uuid,NO,,,
commercial,commission_runs,table,4,scale_id,uuid,uuid,NO,,,
commercial,commission_runs,table,5,status,character varying,varchar,NO,'borrador'::character varying,16,
commercial,commission_runs,table,6,total_subtotal,numeric,numeric,NO,'0'::numeric,,
commercial,commission_runs,table,7,total_venta,numeric,numeric,NO,'0'::numeric,,
commercial,commission_runs,table,8,total_comision,numeric,numeric,NO,'0'::numeric,,
commercial,commission_runs,table,9,total_a_pagar,numeric,numeric,NO,'0'::numeric,,
commercial,commission_runs,table,10,rutas_con_dato,integer,int4,NO,0,,
commercial,commission_runs,table,11,rutas_sin_dato,integer,int4,NO,0,,
commercial,commission_runs,table,12,approved_at,timestamp with time zone,timestamptz,YES,,,
commercial,commission_runs,table,13,approved_by,uuid,uuid,YES,,,
commercial,commission_runs,table,14,paid_at,timestamp with time zone,timestamptz,YES,,,
commercial,commission_runs,table,15,paid_by,uuid,uuid,YES,,,
commercial,commission_runs,table,16,notes,text,text,YES,,,
commercial,commission_runs,table,17,created_at,timestamp with time zone,timestamptz,NO,CURRENT_TIMESTAMP,,
commercial,commission_runs,table,18,updated_at,timestamp with time zone,timestamptz,NO,CURRENT_TIMESTAMP,,
commercial,commission_runs,table,19,created_by,uuid,uuid,YES,,,
commercial,commission_runs,table,20,updated_by,uuid,uuid,YES,,,
commercial,commission_runs,table,21,deleted_at,timestamp with time zone,timestamptz,YES,,,
commercial,commission_runs,table,22,deleted_by,uuid,uuid,YES,,,
commercial,commission_scale_tiers,table,1,id,uuid,uuid,NO,gen_random_uuid(),,
commercial,commission_scale_tiers,table,2,tenant_id,uuid,uuid,NO,,,1
commercial,commission_scale_tiers,table,3,scale_id,uuid,uuid,NO,,,
commercial,commission_scale_tiers,table,4,min_amount,numeric,numeric,NO,,,
commercial,commission_scale_tiers,table,5,max_amount,numeric,numeric,YES,,,
commercial,commission_scale_tiers,table,6,pct,numeric,numeric,NO,,,
commercial,commission_scale_tiers,table,7,created_at,timestamp with time zone,timestamptz,NO,CURRENT_TIMESTAMP,,
commercial,commission_scale_tiers,table,8,updated_at,timestamp with time zone,timestamptz,NO,CURRENT_TIMESTAMP,,
commercial,commission_scale_tiers,table,9,created_by,uuid,uuid,YES,,,
commercial,commission_scale_tiers,table,10,updated_by,uuid,uuid,YES,,,
commercial,commission_scale_tiers,table,11,deleted_at,timestamp with time zone,timestamptz,YES,,,
commercial,commission_scale_tiers,table,12,deleted_by,uuid,uuid,YES,,,
commercial,commission_scales,table,1,id,uuid,uuid,NO,gen_random_uuid(),,
commercial,commission_scales,table,2,tenant_id,uuid,uuid,NO,,,1
commercial,commission_scales,table,3,code,character varying,varchar,NO,,40,
commercial,commission_scales,table,4,nombre,character varying,varchar,NO,,160,
commercial,commission_scales,table,5,valid_from,date,date,NO,,,
commercial,commission_scales,table,6,valid_to,date,date,YES,,,
commercial,commission_scales,table,7,base_field,character varying,varchar,NO,'subtotal'::character varying,16,
commercial,commission_scales,table,8,gate_field,character varying,varchar,NO,'venta'::character varying,16,
commercial,commission_scales,table,9,share_supervisor_pct,numeric,numeric,NO,'20'::numeric,,
commercial,commission_scales,table,10,notes,text,text,YES,,,
commercial,commission_scales,table,11,created_at,timestamp with time zone,timestamptz,NO,CURRENT_TIMESTAMP,,
commercial,commission_scales,table,12,updated_at,timestamp with time zone,timestamptz,NO,CURRENT_TIMESTAMP,,
commercial,commission_scales,table,13,created_by,uuid,uuid,YES,,,
commercial,commission_scales,table,14,updated_by,uuid,uuid,YES,,,
commercial,commission_scales,table,15,deleted_at,timestamp with time zone,timestamptz,YES,,,
commercial,commission_scales,table,16,deleted_by,uuid,uuid,YES,,,
commercial,contact_trust_features,table,1,id,uuid,uuid,NO,gen_random_uuid(),,
commercial,contact_trust_features,table,2,tenant_id,uuid,uuid,NO,,,1
commercial,contact_trust_features,table,3,phone,text,text,NO,,,
commercial,contact_trust_features,table,4,customer_id,uuid,uuid,YES,,,
commercial,contact_trust_features,table,5,orders_created,integer,int4,NO,0,,
commercial,contact_trust_features,table,6,orders_confirmed,integer,int4,NO,0,,
commercial,contact_trust_features,table,7,orders_fulfilled,integer,int4,NO,0,,
commercial,contact_trust_features,table,8,orders_cancelled,integer,int4,NO,0,,
commercial,contact_trust_features,table,9,deliveries_total,integer,int4,NO,0,,
commercial,contact_trust_features,table,10,deliveries_failed,integer,int4,NO,0,,
commercial,contact_trust_features,table,11,calls_total,integer,int4,NO,0,,
commercial,contact_trust_features,table,12,calls_unproductive,integer,int4,NO,0,,
commercial,contact_trust_features,table,13,conversations_total,integer,int4,NO,0,,
commercial,contact_trust_features,table,14,conversations_without_order,integer,int4,NO,0,,
commercial,contact_trust_features,table,15,reservations_expired,integer,int4,NO,0,,
commercial,contact_trust_features,table,16,balance,numeric,numeric,NO,'0'::numeric,,
commercial,contact_trust_features,table,17,observations,integer,int4,NO,0,,
commercial,contact_trust_features,table,18,risk_score,numeric,numeric,NO,'0'::numeric,,
commercial,contact_trust_features,table,19,tier,text,text,NO,'neutral'::text,,
commercial,contact_trust_features,table,20,reasons,jsonb,jsonb,NO,'[]'::jsonb,,
commercial,contact_trust_features,table,21,computed_at,timestamp with time zone,timestamptz,NO,CURRENT_TIMESTAMP,,
commercial,contact_trust_features,table,22,created_at,timestamp with time zone,timestamptz,NO,CURRENT_TIMESTAMP,,
commercial,contact_trust_features,table,23,updated_at,timestamp with time zone,timestamptz,NO,CURRENT_TIMESTAMP,,
commercial,customer_360,table,1,id,uuid,uuid,NO,gen_random_uuid(),,
commercial,customer_360,table,2,tenant_id,uuid,uuid,NO,,,1
commercial,customer_360,table,3,customer_id,uuid,uuid,NO,,,
commercial,customer_360,table,4,orders_count,integer,int4,NO,0,,
commercial,customer_360,table,5,first_order_at,timestamp with time zone,timestamptz,YES,,,
commercial,customer_360,table,6,last_order_at,timestamp with time zone,timestamptz,YES,,,
commercial,customer_360,table,7,recency_days,integer,int4,YES,,,
commercial,customer_360,table,8,frequency_90d,integer,int4,NO,0,,
commercial,customer_360,table,9,monetary_90d,numeric,numeric,NO,'0'::numeric,,
commercial,customer_360,table,10,aov,numeric,numeric,NO,'0'::numeric,,
commercial,customer_360,table,11,cadence_days,numeric,numeric,YES,,,
commercial,customer_360,table,12,next_order_estimate,date,date,YES,,,
commercial,customer_360,table,13,lifecycle_stage,character varying,varchar,NO,'new'::character varying,20,
commercial,customer_360,table,14,computed_at,timestamp with time zone,timestamptz,NO,CURRENT_TIMESTAMP,,
commercial,customer_360,table,15,created_at,timestamp with time zone,timestamptz,NO,CURRENT_TIMESTAMP,,
commercial,customer_360,table,16,updated_at,timestamp with time zone,timestamptz,NO,CURRENT_TIMESTAMP,,
commercial,customers,table,1,id,uuid,uuid,NO,gen_random_uuid(),,
commercial,customers,table,2,tenant_id,uuid,uuid,NO,,,1
commercial,customers,table,3,code,character varying,varchar,NO,,50,
commercial,customers,table,4,name,character varying,varchar,NO,,200,
commercial,customers,table,5,legal_name,character varying,varchar,YES,,200,
commercial,customers,table,6,rfc,character varying,varchar,YES,,13,
commercial,customers,table,7,email,character varying,varchar,YES,,200,
commercial,customers,table,8,phone,character varying,varchar,YES,,50,
commercial,customers,table,9,billing_address,jsonb,jsonb,YES,,,
commercial,customers,table,10,shipping_address,jsonb,jsonb,YES,,,
commercial,customers,table,11,store_id,uuid,uuid,YES,,,
commercial,customers,table,12,default_price_list_id,uuid,uuid,YES,,,
commercial,customers,table,13,credit_limit,numeric,numeric,NO,'0'::numeric,,
commercial,customers,table,14,balance,numeric,numeric,NO,'0'::numeric,,
commercial,customers,table,15,payment_terms_days,integer,int4,NO,0,,
commercial,customers,table,16,active,boolean,bool,NO,true,,
commercial,customers,table,17,notes,text,text,YES,,,
commercial,customers,table,18,created_at,timestamp with time zone,timestamptz,NO,CURRENT_TIMESTAMP,,
commercial,customers,table,19,created_by,uuid,uuid,YES,,,
commercial,customers,table,20,updated_at,timestamp with time zone,timestamptz,NO,CURRENT_TIMESTAMP,,
commercial,customers,table,21,updated_by,uuid,uuid,YES,,,
commercial,customers,table,22,deleted_at,timestamp with time zone,timestamptz,YES,,,
commercial,customers,table,23,deleted_by,uuid,uuid,YES,,,
commercial,customers,table,24,route_id,uuid,uuid,YES,,,
commercial,customers,table,25,whatsapp,character varying,varchar,YES,,20,
commercial,customers,table,26,sales_route,character varying,varchar,YES,,50,
commercial,customers,table,27,visit_sequence,integer,int4,YES,,,
commercial,customers,table,28,latitude,numeric,numeric,YES,,,
commercial,customers,table,29,longitude,numeric,numeric,YES,,,
commercial,customers,table,30,visit_days,ARRAY,_int2,YES,,,
commercial,customers,table,31,is_casual,boolean,bool,NO,false,,
commercial,customers,table,32,regimen_fiscal,text,text,YES,,,
commercial,customers,table,33,uso_cfdi,text,text,YES,,,
commercial,erp_sucursal_warehouse,table,1,tenant_id,uuid,uuid,NO,,,1
commercial,erp_sucursal_warehouse,table,2,sucursal,character varying,varchar,NO,,8,
commercial,erp_sucursal_warehouse,table,3,warehouse_id,uuid,uuid,NO,,,
commercial,erp_sucursal_warehouse,table,4,updated_at,timestamp with time zone,timestamptz,NO,CURRENT_TIMESTAMP,,
commercial,erp_sucursal_warehouse,table,5,updated_by,uuid,uuid,YES,,,
commercial,erp_transfer_origin,table,1,tenant_id,uuid,uuid,NO,,,1
commercial,erp_transfer_origin,table,2,code,character varying,varchar,NO,,60,
commercial,erp_transfer_origin,table,3,warehouse_id,uuid,uuid,NO,,,
commercial,erp_transfer_origin,table,4,note,text,text,YES,,,
commercial,erp_transfer_origin,table,5,updated_at,timestamp with time zone,timestamptz,NO,CURRENT_TIMESTAMP,,
commercial,erp_transfer_origin,table,6,updated_by,uuid,uuid,YES,,,
commercial,execution_360,table,1,id,uuid,uuid,NO,gen_random_uuid(),,
commercial,execution_360,table,2,tenant_id,uuid,uuid,NO,,,1
commercial,execution_360,table,3,subject_type,character varying,varchar,NO,,20,
commercial,execution_360,table,4,subject_id,uuid,uuid,NO,,,
commercial,execution_360,table,5,window_days,integer,int4,NO,,,
commercial,execution_360,table,6,label,character varying,varchar,YES,,160,
commercial,execution_360,table,7,visits_done,integer,int4,NO,0,,
commercial,execution_360,table,8,visits_planned,integer,int4,NO,0,,
commercial,execution_360,table,9,coverage_pct,numeric,numeric,YES,,,
commercial,execution_360,table,10,avg_score,numeric,numeric,YES,,,
commercial,execution_360,table,11,score_trend,numeric,numeric,YES,,,
commercial,execution_360,table,12,idle_min_avg,numeric,numeric,YES,,,
commercial,execution_360,table,13,own_share_pct,numeric,numeric,YES,,,
commercial,execution_360,table,14,competitor_share_pct,numeric,numeric,YES,,,
commercial,execution_360,table,15,photo_coverage_pct,numeric,numeric,YES,,,
commercial,execution_360,table,16,days_since_last_visit,integer,int4,YES,,,
commercial,execution_360,table,17,anomaly_count,integer,int4,NO,0,,
commercial,execution_360,table,18,computed_at,timestamp with time zone,timestamptz,NO,CURRENT_TIMESTAMP,,
commercial,execution_360,table,19,created_at,timestamp with time zone,timestamptz,NO,CURRENT_TIMESTAMP,,
commercial,execution_360,table,20,updated_at,timestamp with time zone,timestamptz,NO,CURRENT_TIMESTAMP,,
commercial,execution_360,table,21,exec_score,numeric,numeric,YES,,,
commercial,execution_360,table,22,exec_score_breakdown,jsonb,jsonb,YES,,,
commercial,execution_360,table,23,exec_level_score,numeric,numeric,YES,,,
commercial,execution_360,table,24,avg_visit_min,numeric,numeric,YES,,,
commercial,execution_360,table,25,avg_skus,numeric,numeric,YES,,,
commercial,execution_360,table,26,by_concept,jsonb,jsonb,YES,,,
commercial,execution_360,table,27,by_location,jsonb,jsonb,YES,,,
commercial,execution_360,table,28,planogram_present,integer,int4,YES,,,
commercial,execution_360,table,29,planogram_total,integer,int4,YES,,,
commercial,execution_360,table,30,position_quality,numeric,numeric,YES,,,
commercial,execution_360_snapshots,table,1,id,uuid,uuid,NO,gen_random_uuid(),,
commercial,execution_360_snapshots,table,2,tenant_id,uuid,uuid,NO,,,1
commercial,execution_360_snapshots,table,3,snapshot_date,date,date,NO,,,
commercial,execution_360_snapshots,table,4,subject_type,character varying,varchar,NO,,20,
commercial,execution_360_snapshots,table,5,subject_id,uuid,uuid,NO,,,
commercial,execution_360_snapshots,table,6,window_days,integer,int4,NO,,,
commercial,execution_360_snapshots,table,7,label,character varying,varchar,YES,,160,
commercial,execution_360_snapshots,table,8,visits_done,integer,int4,YES,,,
commercial,execution_360_snapshots,table,9,avg_score,numeric,numeric,YES,,,
commercial,execution_360_snapshots,table,10,exec_score,numeric,numeric,YES,,,
commercial,execution_360_snapshots,table,11,exec_level_score,numeric,numeric,YES,,,
commercial,execution_360_snapshots,table,12,own_share_pct,numeric,numeric,YES,,,
commercial,execution_360_snapshots,table,13,competitor_share_pct,numeric,numeric,YES,,,
commercial,execution_360_snapshots,table,14,photo_coverage_pct,numeric,numeric,YES,,,
commercial,execution_360_snapshots,table,15,days_since_last_visit,integer,int4,YES,,,
commercial,execution_360_snapshots,table,16,created_at,timestamp with time zone,timestamptz,NO,CURRENT_TIMESTAMP,,
commercial,execution_baselines,table,1,id,uuid,uuid,NO,gen_random_uuid(),,
commercial,execution_baselines,table,2,tenant_id,uuid,uuid,NO,,,1
commercial,execution_baselines,table,3,subject_type,character varying,varchar,NO,,20,
commercial,execution_baselines,table,4,subject_id,uuid,uuid,NO,,,
commercial,execution_baselines,table,5,window_days,integer,int4,NO,,,
commercial,execution_baselines,table,6,metric,character varying,varchar,NO,,40,
commercial,execution_baselines,table,7,mean,numeric,numeric,YES,,,
commercial,execution_baselines,table,8,stddev,numeric,numeric,YES,,,
commercial,execution_baselines,table,9,n_obs,integer,int4,NO,0,,
commercial,execution_baselines,table,10,min_val,numeric,numeric,YES,,,
commercial,execution_baselines,table,11,max_val,numeric,numeric,YES,,,
commercial,execution_baselines,table,12,floor_met,boolean,bool,NO,false,,
commercial,execution_baselines,table,13,computed_at,timestamp with time zone,timestamptz,NO,CURRENT_TIMESTAMP,,
commercial,execution_baselines,table,14,updated_at,timestamp with time zone,timestamptz,NO,CURRENT_TIMESTAMP,,
commercial,execution_rule_stats,table,1,id,uuid,uuid,NO,gen_random_uuid(),,
commercial,execution_rule_stats,table,2,tenant_id,uuid,uuid,NO,,,1
commercial,execution_rule_stats,table,3,finding_type,character varying,varchar,NO,,40,
commercial,execution_rule_stats,table,4,source,character varying,varchar,NO,'engine'::character varying,20,
commercial,execution_rule_stats,table,5,n_total,integer,int4,NO,0,,
commercial,execution_rule_stats,table,6,n_open,integer,int4,NO,0,,
commercial,execution_rule_stats,table,7,n_confirmed,integer,int4,NO,0,,
commercial,execution_rule_stats,table,8,n_dismissed,integer,int4,NO,0,,
commercial,execution_rule_stats,table,9,n_reviewed,integer,int4,NO,0,,
commercial,execution_rule_stats,table,10,n_resolved,integer,int4,NO,0,,
commercial,execution_rule_stats,table,11,reviewed_total,integer,int4,NO,0,,
commercial,execution_rule_stats,table,12,precision,numeric,numeric,YES,,,
commercial,execution_rule_stats,table,13,floor_met,boolean,bool,NO,false,,
commercial,execution_rule_stats,table,14,auto_suppressed,boolean,bool,NO,false,,
commercial,execution_rule_stats,table,15,severity_cap,character varying,varchar,YES,,10,
commercial,execution_rule_stats,table,16,manual_override,character varying,varchar,YES,,12,
commercial,execution_rule_stats,table,17,weight,numeric,numeric,NO,'1'::numeric,,
commercial,execution_rule_stats,table,18,computed_at,timestamp with time zone,timestamptz,NO,CURRENT_TIMESTAMP,,
commercial,execution_rule_stats,table,19,updated_at,timestamp with time zone,timestamptz,NO,CURRENT_TIMESTAMP,,
commercial,execution_thresholds,table,1,id,uuid,uuid,NO,gen_random_uuid(),,
commercial,execution_thresholds,table,2,tenant_id,uuid,uuid,NO,,,1
commercial,execution_thresholds,table,3,score_min_pct,numeric,numeric,NO,'25'::numeric,,
commercial,execution_thresholds,table,4,score_drop_pct,numeric,numeric,NO,'8'::numeric,,
commercial,execution_thresholds,table,5,competitor_dominance_pct,numeric,numeric,NO,'70'::numeric,,
commercial,execution_thresholds,table,6,days_no_visit_max,integer,int4,NO,14,,
commercial,execution_thresholds,table,7,coverage_min_pct,numeric,numeric,NO,'80'::numeric,,
commercial,execution_thresholds,table,8,idle_max_min,integer,int4,NO,120,,
commercial,execution_thresholds,table,9,photo_min_pct,numeric,numeric,NO,'60'::numeric,,
commercial,execution_thresholds,table,10,created_at,timestamp with time zone,timestamptz,NO,CURRENT_TIMESTAMP,,
commercial,execution_thresholds,table,11,updated_at,timestamp with time zone,timestamptz,NO,CURRENT_TIMESTAMP,,
commercial,execution_thresholds,table,12,auto_tuned_at,timestamp with time zone,timestamptz,YES,,,
commercial,execution_thresholds,table,13,manual_lock,boolean,bool,NO,false,,
commercial,expiry_folio_sequences,table,1,tenant_id,uuid,uuid,NO,,,1
commercial,expiry_folio_sequences,table,2,warehouse_code,character varying,varchar,NO,,10,
commercial,expiry_folio_sequences,table,3,year,integer,int4,NO,,,
commercial,expiry_folio_sequences,table,4,current_value,integer,int4,NO,0,,
commercial,expiry_folio_sequences,table,5,created_at,timestamp with time zone,timestamptz,YES,CURRENT_TIMESTAMP,,
commercial,expiry_folio_sequences,table,6,updated_at,timestamp with time zone,timestamptz,YES,CURRENT_TIMESTAMP,,
commercial,expiry_receiving_policy,table,1,id,uuid,uuid,NO,gen_random_uuid(),,
commercial,expiry_receiving_policy,table,2,tenant_id,uuid,uuid,NO,,,1
commercial,expiry_receiving_policy,table,3,product_id,uuid,uuid,YES,,,
commercial,expiry_receiving_policy,table,4,category,character varying,varchar,YES,,120,
commercial,expiry_receiving_policy,table,5,supplier_code,character varying,varchar,YES,,60,
commercial,expiry_receiving_policy,table,6,min_shelf_life_days,integer,int4,YES,,,
commercial,expiry_receiving_policy,table,7,allow_older_than_existing,boolean,bool,NO,false,,
commercial,expiry_receiving_policy,table,8,source,character varying,varchar,NO,'manual'::character varying,20,
commercial,expiry_receiving_policy,table,9,notes,text,text,YES,,,
commercial,expiry_receiving_policy,table,10,created_at,timestamp with time zone,timestamptz,NO,CURRENT_TIMESTAMP,,
commercial,expiry_receiving_policy,table,11,updated_at,timestamp with time zone,timestamptz,NO,CURRENT_TIMESTAMP,,
commercial,expiry_receiving_policy,table,12,updated_by,uuid,uuid,YES,,,
commercial,expiry_review_lines,table,1,id,uuid,uuid,NO,gen_random_uuid(),,
commercial,expiry_review_lines,table,2,tenant_id,uuid,uuid,NO,,,1
commercial,expiry_review_lines,table,3,review_id,uuid,uuid,NO,,,
commercial,expiry_review_lines,table,4,product_id,uuid,uuid,YES,,,
commercial,expiry_review_lines,table,5,product_code_raw,character varying,varchar,YES,,60,
commercial,expiry_review_lines,table,6,product_name_raw,character varying,varchar,YES,,240,
commercial,expiry_review_lines,table,7,quantity,numeric,numeric,NO,'0'::numeric,,
commercial,expiry_review_lines,table,8,expiry_date,date,date,YES,,,
commercial,expiry_review_lines,table,9,condition,character varying,varchar,YES,,12,
commercial,expiry_review_lines,table,10,observations,text,text,YES,,,
commercial,expiry_review_lines,table,11,action,text,text,YES,,,
commercial,expiry_review_lines,table,12,files,jsonb,jsonb,NO,'[]'::jsonb,,
commercial,expiry_review_lines,table,13,fed_to_fefo,boolean,bool,NO,false,,
commercial,expiry_review_lines,table,14,fefo_qty,numeric,numeric,NO,'0'::numeric,,
commercial,expiry_review_lines,table,15,created_at,timestamp with time zone,timestamptz,NO,CURRENT_TIMESTAMP,,
commercial,expiry_review_lines,table,16,updated_at,timestamp with time zone,timestamptz,NO,CURRENT_TIMESTAMP,,
commercial,expiry_review_lines,table,17,created_by,uuid,uuid,YES,,,
commercial,expiry_review_lines,table,18,updated_by,uuid,uuid,YES,,,
commercial,expiry_review_lines,table,19,location,character varying,varchar,YES,,120,
commercial,expiry_review_lines,table,20,unit,character varying,varchar,YES,,10,
commercial,expiry_review_lines,table,21,folio,character varying,varchar,YES,,30,
commercial,expiry_reviews,table,1,id,uuid,uuid,NO,gen_random_uuid(),,
commercial,expiry_reviews,table,2,tenant_id,uuid,uuid,NO,,,1
commercial,expiry_reviews,table,3,warehouse_id,uuid,uuid,NO,,,
commercial,expiry_reviews,table,4,review_date,date,date,NO,CURRENT_DATE,,
commercial,expiry_reviews,table,5,responsible_user_id,uuid,uuid,YES,,,
commercial,expiry_reviews,table,6,responsible_name,character varying,varchar,YES,,160,
commercial,expiry_reviews,table,7,status,character varying,varchar,NO,'draft'::character varying,20,
commercial,expiry_reviews,table,8,notes,text,text,YES,,,
commercial,expiry_reviews,table,9,submitted_at,timestamp with time zone,timestamptz,YES,,,
commercial,expiry_reviews,table,10,created_at,timestamp with time zone,timestamptz,NO,CURRENT_TIMESTAMP,,
commercial,expiry_reviews,table,11,updated_at,timestamp with time zone,timestamptz,NO,CURRENT_TIMESTAMP,,
commercial,expiry_reviews,table,12,created_by,uuid,uuid,YES,,,
commercial,expiry_reviews,table,13,updated_by,uuid,uuid,YES,,,
commercial,expiry_reviews,table,14,default_location,character varying,varchar,YES,,120,
commercial,field_live_position,table,1,tenant_id,uuid,uuid,NO,,,1
commercial,field_live_position,table,2,user_id,uuid,uuid,NO,,,
commercial,field_live_position,table,3,latitude,numeric,numeric,NO,,,
commercial,field_live_position,table,4,longitude,numeric,numeric,NO,,,
commercial,field_live_position,table,5,accuracy_m,numeric,numeric,YES,,,
commercial,field_live_position,table,6,recorded_at,timestamp with time zone,timestamptz,NO,,,
commercial,field_live_position,table,7,updated_at,timestamp with time zone,timestamptz,NO,CURRENT_TIMESTAMP,,
commercial,field_routes,table,1,id,uuid,uuid,NO,gen_random_uuid(),,
commercial,field_routes,table,2,tenant_id,uuid,uuid,NO,,,1
commercial,field_routes,table,3,user_id,uuid,uuid,NO,,,
commercial,field_routes,table,4,route_date,date,date,NO,,,
commercial,field_routes,table,5,polyline,text,text,NO,,,
commercial,field_routes,table,6,point_count,integer,int4,NO,0,,
commercial,field_routes,table,7,distance_m,numeric,numeric,NO,'0'::numeric,,
commercial,field_routes,table,8,started_at,timestamp with time zone,timestamptz,YES,,,
commercial,field_routes,table,9,ended_at,timestamp with time zone,timestamptz,YES,,,
commercial,field_routes,table,10,created_at,timestamp with time zone,timestamptz,NO,CURRENT_TIMESTAMP,,
commercial,field_routes,table,11,updated_at,timestamp with time zone,timestamptz,NO,CURRENT_TIMESTAMP,,
commercial,field_track_points,table,1,id,uuid,uuid,NO,gen_random_uuid(),,
commercial,field_track_points,table,2,tenant_id,uuid,uuid,NO,,,1
commercial,field_track_points,table,3,user_id,uuid,uuid,NO,,,
commercial,field_track_points,table,4,latitude,numeric,numeric,NO,,,
commercial,field_track_points,table,5,longitude,numeric,numeric,NO,,,
commercial,field_track_points,table,6,accuracy_m,numeric,numeric,YES,,,
commercial,field_track_points,table,7,recorded_at,timestamp with time zone,timestamptz,NO,,,
commercial,field_track_points,table,8,created_at,timestamp with time zone,timestamptz,NO,CURRENT_TIMESTAMP,,
commercial,goods_receipt_lines,table,1,id,uuid,uuid,NO,gen_random_uuid(),,
commercial,goods_receipt_lines,table,2,tenant_id,uuid,uuid,NO,,,1
commercial,goods_receipt_lines,table,3,goods_receipt_id,uuid,uuid,NO,,,
commercial,goods_receipt_lines,table,4,purchase_order_line_id,uuid,uuid,NO,,,
commercial,goods_receipt_lines,table,5,product_id,uuid,uuid,NO,,,
commercial,goods_receipt_lines,table,6,received_qty,numeric,numeric,NO,0,,
commercial,goods_receipt_lines,table,7,unit_cost,numeric,numeric,NO,0,,
commercial,goods_receipt_lines,table,8,line_cost,numeric,numeric,NO,0,,
commercial,goods_receipt_lines,table,9,created_at,timestamp with time zone,timestamptz,NO,now(),,
commercial,goods_receipts,table,1,id,uuid,uuid,NO,gen_random_uuid(),,
commercial,goods_receipts,table,2,tenant_id,uuid,uuid,NO,,,1
commercial,goods_receipts,table,3,folio,character varying,varchar,NO,,20,
commercial,goods_receipts,table,4,purchase_order_id,uuid,uuid,NO,,,
commercial,goods_receipts,table,5,warehouse_id,uuid,uuid,NO,,,
commercial,goods_receipts,table,6,total_units,numeric,numeric,NO,0,,
commercial,goods_receipts,table,7,total_cost,numeric,numeric,NO,0,,
commercial,goods_receipts,table,8,stock_applied,boolean,bool,NO,false,,
commercial,goods_receipts,table,9,notes,text,text,YES,,,
commercial,goods_receipts,table,10,received_by,uuid,uuid,YES,,,
commercial,goods_receipts,table,11,received_at,timestamp with time zone,timestamptz,NO,now(),,
commercial,goods_receipts,table,12,created_at,timestamp with time zone,timestamptz,NO,now(),,
commercial,goods_receipts,table,13,source,character varying,varchar,NO,'manual'::character varying,8,
commercial,goods_receipts,table,14,source_kepler_folio,text,text,YES,,,
commercial,home_deliveries,table,1,id,uuid,uuid,NO,gen_random_uuid(),,
commercial,home_deliveries,table,2,tenant_id,uuid,uuid,NO,,,1
commercial,home_deliveries,table,3,folio,character varying,varchar,YES,,40,
commercial,home_deliveries,table,4,rider_user_id,uuid,uuid,YES,,,
commercial,home_deliveries,table,5,vehicle_id,uuid,uuid,YES,,,
commercial,home_deliveries,table,6,order_id,uuid,uuid,YES,,,
commercial,home_deliveries,table,7,customer_id,uuid,uuid,YES,,,
commercial,home_deliveries,table,8,kepler_folio,character varying,varchar,YES,,40,
commercial,home_deliveries,table,9,kepler_serie,character varying,varchar,YES,,40,
commercial,home_deliveries,table,10,kepler_warehouse_code,character varying,varchar,YES,,10,
commercial,home_deliveries,table,11,customer_name,character varying,varchar,YES,,200,
commercial,home_deliveries,table,12,phone,character varying,varchar,YES,,40,
commercial,home_deliveries,table,13,delivery_address,jsonb,jsonb,YES,,,
commercial,home_deliveries,table,14,items_snapshot,jsonb,jsonb,YES,,,
commercial,home_deliveries,table,15,value,numeric,numeric,NO,'0'::numeric,,
commercial,home_deliveries,table,16,units,integer,int4,NO,0,,
commercial,home_deliveries,table,17,collect_on_delivery,boolean,bool,NO,false,,
commercial,home_deliveries,table,18,amount_to_collect,numeric,numeric,YES,,,
commercial,home_deliveries,table,19,requires_cedis,boolean,bool,NO,false,,
commercial,home_deliveries,table,20,cedis_note,text,text,YES,,,
commercial,home_deliveries,table,21,status,character varying,varchar,NO,'pendiente'::character varying,20,
commercial,home_deliveries,table,22,shipment_date,date,date,NO,,,
commercial,home_deliveries,table,23,dispatched_at,timestamp with time zone,timestamptz,NO,CURRENT_TIMESTAMP,,
commercial,home_deliveries,table,24,dispatched_by,uuid,uuid,YES,,,
commercial,home_deliveries,table,25,delivered_at,timestamp with time zone,timestamptz,YES,,,
commercial,home_deliveries,table,26,attempted_at,timestamp with time zone,timestamptz,YES,,,
commercial,home_deliveries,table,27,delivered_to,character varying,varchar,YES,,200,
commercial,home_deliveries,table,28,proof_photo_url,text,text,YES,,,
commercial,home_deliveries,table,29,signature_url,text,text,YES,,,
commercial,home_deliveries,table,30,whatsapp_confirmed,boolean,bool,NO,false,,
commercial,home_deliveries,table,31,gps_lat,numeric,numeric,YES,,,
commercial,home_deliveries,table,32,gps_lng,numeric,numeric,YES,,,
commercial,home_deliveries,table,33,incident_type,character varying,varchar,YES,,30,
commercial,home_deliveries,table,34,incident_notes,text,text,YES,,,
commercial,home_deliveries,table,35,created_at,timestamp with time zone,timestamptz,NO,CURRENT_TIMESTAMP,,
commercial,home_deliveries,table,36,created_by,uuid,uuid,YES,,,
commercial,home_deliveries,table,37,updated_at,timestamp with time zone,timestamptz,NO,CURRENT_TIMESTAMP,,
commercial,home_deliveries,table,38,updated_by,uuid,uuid,YES,,,
commercial,home_deliveries,table,39,deleted_at,timestamp with time zone,timestamptz,YES,,,
commercial,home_deliveries,table,40,deleted_by,uuid,uuid,YES,,,
commercial,home_deliveries,table,41,sequence_order,integer,int4,YES,,,
commercial,home_deliveries,table,42,route_eta_min,integer,int4,YES,,,
commercial,home_deliveries,table,43,route_computed_at,timestamp with time zone,timestamptz,YES,,,
commercial,home_delivery_sequences,table,1,tenant_id,uuid,uuid,NO,,,1
commercial,home_delivery_sequences,table,2,year,integer,int4,NO,,,
commercial,home_delivery_sequences,table,3,current_value,integer,int4,NO,0,,
commercial,home_delivery_sequences,table,4,created_at,timestamp with time zone,timestamptz,NO,CURRENT_TIMESTAMP,,
commercial,home_delivery_sequences,table,5,updated_at,timestamp with time zone,timestamptz,NO,CURRENT_TIMESTAMP,,
commercial,horus_chat_log,table,1,tenant_id,uuid,uuid,NO,,,1
commercial,horus_chat_log,table,2,id,uuid,uuid,NO,gen_random_uuid(),,
commercial,horus_chat_log,table,3,user_id,uuid,uuid,YES,,,
commercial,horus_chat_log,table,4,user_name,character varying,varchar,YES,,255,
commercial,horus_chat_log,table,5,question,text,text,NO,,,
commercial,horus_chat_log,table,6,answer,text,text,YES,,,
commercial,horus_chat_log,table,7,tools_used,jsonb,jsonb,NO,'[]'::jsonb,,
commercial,horus_chat_log,table,8,iterations,integer,int4,YES,0,,
commercial,horus_chat_log,table,9,source,character varying,varchar,YES,,20,
commercial,horus_chat_log,table,10,feedback,smallint,int2,YES,,,
commercial,horus_chat_log,table,11,created_at,timestamp with time zone,timestamptz,NO,CURRENT_TIMESTAMP,,
commercial,inventory_count_assignments,table,1,id,uuid,uuid,NO,gen_random_uuid(),,
commercial,inventory_count_assignments,table,2,tenant_id,uuid,uuid,NO,,,1
commercial,inventory_count_assignments,table,3,count_id,uuid,uuid,NO,,,
commercial,inventory_count_assignments,table,4,user_id,uuid,uuid,NO,,,
commercial,inventory_count_assignments,table,5,assignment_role,character varying,varchar,NO,,12,
commercial,inventory_count_assignments,table,6,assigned_by,uuid,uuid,YES,,,
commercial,inventory_count_assignments,table,7,created_at,timestamp with time zone,timestamptz,NO,CURRENT_TIMESTAMP,,
commercial,inventory_count_assignments,table,8,aisle_id,uuid,uuid,YES,,,
commercial,inventory_count_interruptions,table,1,id,uuid,uuid,NO,gen_random_uuid(),,
commercial,inventory_count_interruptions,table,2,tenant_id,uuid,uuid,NO,,,1
commercial,inventory_count_interruptions,table,3,count_id,uuid,uuid,NO,,,
commercial,inventory_count_interruptions,table,4,user_id,uuid,uuid,NO,,,
commercial,inventory_count_interruptions,table,5,username,character varying,varchar,YES,,80,
commercial,inventory_count_interruptions,table,6,left_at,timestamp with time zone,timestamptz,NO,,,
commercial,inventory_count_interruptions,table,7,returned_at,timestamp with time zone,timestamptz,YES,,,
commercial,inventory_count_interruptions,table,8,duration_seconds,integer,int4,YES,,,
commercial,inventory_count_interruptions,table,9,source,character varying,varchar,NO,'visibility'::character varying,16,
commercial,inventory_count_interruptions,table,10,created_at,timestamp with time zone,timestamptz,NO,CURRENT_TIMESTAMP,,
commercial,inventory_count_items,table,1,id,uuid,uuid,NO,gen_random_uuid(),,
commercial,inventory_count_items,table,2,tenant_id,uuid,uuid,NO,,,1
commercial,inventory_count_items,table,3,count_id,uuid,uuid,NO,,,
commercial,inventory_count_items,table,4,product_id,uuid,uuid,YES,,,
commercial,inventory_count_items,table,5,location,character varying,varchar,YES,,40,
commercial,inventory_count_items,table,6,expected_qty,numeric,numeric,NO,'0'::numeric,,
commercial,inventory_count_items,table,7,count_1,numeric,numeric,YES,,,
commercial,inventory_count_items,table,8,counted_by_1,uuid,uuid,YES,,,
commercial,inventory_count_items,table,9,counted_at_1,timestamp with time zone,timestamptz,YES,,,
commercial,inventory_count_items,table,10,count_2,numeric,numeric,YES,,,
commercial,inventory_count_items,table,11,counted_by_2,uuid,uuid,YES,,,
commercial,inventory_count_items,table,12,counted_at_2,timestamp with time zone,timestamptz,YES,,,
commercial,inventory_count_items,table,13,count_3,numeric,numeric,YES,,,
commercial,inventory_count_items,table,14,counted_by_3,uuid,uuid,YES,,,
commercial,inventory_count_items,table,15,counted_at_3,timestamp with time zone,timestamptz,YES,,,
commercial,inventory_count_items,table,16,final_qty,numeric,numeric,YES,,,
commercial,inventory_count_items,table,17,variance,numeric,numeric,YES,,,
commercial,inventory_count_items,table,18,status,character varying,varchar,NO,'pending'::character varying,16,
commercial,inventory_count_items,table,19,notes,text,text,YES,,,
commercial,inventory_count_items,table,20,created_at,timestamp with time zone,timestamptz,NO,CURRENT_TIMESTAMP,,
commercial,inventory_count_items,table,21,updated_at,timestamp with time zone,timestamptz,NO,CURRENT_TIMESTAMP,,
commercial,inventory_count_items,table,22,updated_by,uuid,uuid,YES,,,
commercial,inventory_count_items,table,23,product_sku,character varying,varchar,YES,,40,
commercial,inventory_count_items,table,24,reason_code,character varying,varchar,YES,,30,
commercial,inventory_count_items,table,25,aisle_id,uuid,uuid,YES,,,
commercial,inventory_count_items,table,26,resolved_by,uuid,uuid,YES,,,
commercial,inventory_count_items,table,27,book_at_count,numeric,numeric,YES,,,
commercial,inventory_count_items,table,28,unit_cost,numeric,numeric,YES,,,
commercial,inventory_count_scan_log,table,1,tenant_id,uuid,uuid,NO,,,1
commercial,inventory_count_scan_log,table,2,count_id,uuid,uuid,NO,,,
commercial,inventory_count_scan_log,table,3,scan_uuid,uuid,uuid,NO,,,
commercial,inventory_count_scan_log,table,4,item_id,uuid,uuid,YES,,,
commercial,inventory_count_scan_log,table,5,slot,character varying,varchar,YES,,10,
commercial,inventory_count_scan_log,table,6,applied_by,uuid,uuid,YES,,,
commercial,inventory_count_scan_log,table,7,applied_at,timestamp with time zone,timestamptz,NO,CURRENT_TIMESTAMP,,
commercial,inventory_count_sequences,table,1,tenant_id,uuid,uuid,NO,,,1
commercial,inventory_count_sequences,table,2,year,integer,int4,NO,,,
commercial,inventory_count_sequences,table,3,current_value,integer,int4,NO,0,,
commercial,inventory_count_sequences,table,4,created_at,timestamp with time zone,timestamptz,NO,CURRENT_TIMESTAMP,,
commercial,inventory_count_sequences,table,5,updated_at,timestamp with time zone,timestamptz,NO,CURRENT_TIMESTAMP,,
commercial,inventory_count_sessions,table,1,id,uuid,uuid,NO,gen_random_uuid(),,
commercial,inventory_count_sessions,table,2,tenant_id,uuid,uuid,NO,,,1
commercial,inventory_count_sessions,table,3,count_id,uuid,uuid,NO,,,
commercial,inventory_count_sessions,table,4,user_id,uuid,uuid,NO,,,
commercial,inventory_count_sessions,table,5,username,character varying,varchar,YES,,80,
commercial,inventory_count_sessions,table,6,pass,smallint,int2,NO,'1'::smallint,,
commercial,inventory_count_sessions,table,7,started_at,timestamp with time zone,timestamptz,NO,CURRENT_TIMESTAMP,,
commercial,inventory_count_sessions,table,8,finished_at,timestamp with time zone,timestamptz,YES,,,
commercial,inventory_count_sessions,table,9,status,character varying,varchar,NO,'active'::character varying,12,
commercial,inventory_count_sessions,table,10,created_at,timestamp with time zone,timestamptz,NO,CURRENT_TIMESTAMP,,
commercial,inventory_counts,table,1,id,uuid,uuid,NO,gen_random_uuid(),,
commercial,inventory_counts,table,2,tenant_id,uuid,uuid,NO,,,1
commercial,inventory_counts,table,3,warehouse_id,uuid,uuid,NO,,,
commercial,inventory_counts,table,4,folio,character varying,varchar,NO,,30,
commercial,inventory_counts,table,5,type,character varying,varchar,NO,'full'::character varying,20,
commercial,inventory_counts,table,6,status,character varying,varchar,NO,'counting'::character varying,24,
commercial,inventory_counts,table,7,freeze_movements,boolean,bool,NO,true,,
commercial,inventory_counts,table,8,blind_double_count,boolean,bool,NO,true,,
commercial,inventory_counts,table,9,notes,text,text,YES,,,
commercial,inventory_counts,table,10,started_at,timestamp with time zone,timestamptz,YES,,,
commercial,inventory_counts,table,11,closed_at,timestamp with time zone,timestamptz,YES,,,
commercial,inventory_counts,table,12,reconciled_at,timestamp with time zone,timestamptz,YES,,,
commercial,inventory_counts,table,13,reconciled_by,uuid,uuid,YES,,,
commercial,inventory_counts,table,14,created_at,timestamp with time zone,timestamptz,NO,CURRENT_TIMESTAMP,,
commercial,inventory_counts,table,15,created_by,uuid,uuid,YES,,,
commercial,inventory_counts,table,16,updated_at,timestamp with time zone,timestamptz,NO,CURRENT_TIMESTAMP,,
commercial,inventory_counts,table,17,updated_by,uuid,uuid,YES,,,
commercial,inventory_counts,table,18,stock_source,character varying,varchar,NO,'commercial'::character varying,12,
commercial,inventory_counts,table,19,current_pass,smallint,int2,NO,'1'::smallint,,
commercial,inventory_counts,table,20,recount_threshold_pct,numeric,numeric,NO,'0'::numeric,,
commercial,inventory_counts,table,21,net_variance_value,numeric,numeric,YES,,,
commercial,inventory_counts,table,22,variance_value_abs,numeric,numeric,YES,,,
commercial,inventory_investigation_sequences,table,1,tenant_id,uuid,uuid,NO,,,1
commercial,inventory_investigation_sequences,table,2,year,integer,int4,NO,,,
commercial,inventory_investigation_sequences,table,3,last_seq,integer,int4,NO,0,,
commercial,inventory_investigations,table,1,id,uuid,uuid,NO,gen_random_uuid(),,
commercial,inventory_investigations,table,2,tenant_id,uuid,uuid,NO,,,1
commercial,inventory_investigations,table,3,folio,character varying,varchar,NO,,24,
commercial,inventory_investigations,table,4,warehouse_id,uuid,uuid,NO,,,
commercial,inventory_investigations,table,5,product_id,uuid,uuid,NO,,,
commercial,inventory_investigations,table,6,source_count_id,uuid,uuid,YES,,,
commercial,inventory_investigations,table,7,source_item_id,uuid,uuid,YES,,,
commercial,inventory_investigations,table,8,expected_qty,numeric,numeric,NO,'0'::numeric,,
commercial,inventory_investigations,table,9,physical_qty,numeric,numeric,NO,'0'::numeric,,
commercial,inventory_investigations,table,10,difference,numeric,numeric,NO,'0'::numeric,,
commercial,inventory_investigations,table,11,unit_cost,numeric,numeric,NO,'0'::numeric,,
commercial,inventory_investigations,table,12,value_at_cost,numeric,numeric,NO,'0'::numeric,,
commercial,inventory_investigations,table,13,status,character varying,varchar,NO,'open'::character varying,16,
commercial,inventory_investigations,table,14,root_cause,character varying,varchar,YES,,8,
commercial,inventory_investigations,table,15,reason_code,character varying,varchar,YES,,30,
commercial,inventory_investigations,table,16,resolution_notes,text,text,YES,,,
commercial,inventory_investigations,table,17,adjustment_movement_id,uuid,uuid,YES,,,
commercial,inventory_investigations,table,18,opened_by,uuid,uuid,YES,,,
commercial,inventory_investigations,table,19,opened_at,timestamp with time zone,timestamptz,NO,CURRENT_TIMESTAMP,,
commercial,inventory_investigations,table,20,resolved_by,uuid,uuid,YES,,,
commercial,inventory_investigations,table,21,resolved_at,timestamp with time zone,timestamptz,YES,,,
commercial,inventory_investigations,table,22,updated_at,timestamp with time zone,timestamptz,NO,CURRENT_TIMESTAMP,,
commercial,inventory_monitoring,table,1,id,uuid,uuid,NO,gen_random_uuid(),,
commercial,inventory_monitoring,table,2,tenant_id,uuid,uuid,NO,,,1
commercial,inventory_monitoring,table,3,warehouse_id,uuid,uuid,NO,,,
commercial,inventory_monitoring,table,4,product_id,uuid,uuid,NO,,,
commercial,inventory_monitoring,table,5,source_investigation_id,uuid,uuid,YES,,,
commercial,inventory_monitoring,table,6,status,character varying,varchar,NO,'active'::character varying,12,
commercial,inventory_monitoring,table,7,counts_per_day,integer,int4,NO,2,,
commercial,inventory_monitoring,table,8,reason,text,text,YES,,,
commercial,inventory_monitoring,table,9,started_at,timestamp with time zone,timestamptz,NO,CURRENT_TIMESTAMP,,
commercial,inventory_monitoring,table,10,started_by,uuid,uuid,YES,,,
commercial,inventory_monitoring,table,11,closed_at,timestamp with time zone,timestamptz,YES,,,
commercial,inventory_monitoring,table,12,closed_by,uuid,uuid,YES,,,
commercial,inventory_monitoring,table,13,updated_at,timestamp with time zone,timestamptz,NO,CURRENT_TIMESTAMP,,
commercial,inventory_monitoring_counts,table,1,id,uuid,uuid,NO,gen_random_uuid(),,
commercial,inventory_monitoring_counts,table,2,tenant_id,uuid,uuid,NO,,,1
commercial,inventory_monitoring_counts,table,3,monitoring_id,uuid,uuid,NO,,,
commercial,inventory_monitoring_counts,table,4,expected_qty,numeric,numeric,NO,'0'::numeric,,
commercial,inventory_monitoring_counts,table,5,physical_qty,numeric,numeric,NO,'0'::numeric,,
commercial,inventory_monitoring_counts,table,6,difference,numeric,numeric,NO,'0'::numeric,,
commercial,inventory_monitoring_counts,table,7,window_from,timestamp with time zone,timestamptz,YES,,,
commercial,inventory_monitoring_counts,table,8,window_to,timestamp with time zone,timestamptz,NO,CURRENT_TIMESTAMP,,
commercial,inventory_monitoring_counts,table,9,counted_at,timestamp with time zone,timestamptz,NO,CURRENT_TIMESTAMP,,
commercial,inventory_monitoring_counts,table,10,counted_by,uuid,uuid,YES,,,
commercial,inventory_monitoring_counts,table,11,notes,text,text,YES,,,
commercial,inventory_risk_index,table,1,id,uuid,uuid,NO,gen_random_uuid(),,
commercial,inventory_risk_index,table,2,tenant_id,uuid,uuid,NO,,,1
commercial,inventory_risk_index,table,3,warehouse_id,uuid,uuid,NO,,,
commercial,inventory_risk_index,table,4,product_id,uuid,uuid,NO,,,
commercial,inventory_risk_index,table,5,investigations_count,integer,int4,NO,0,,
commercial,inventory_risk_index,table,6,pni_count,integer,int4,NO,0,,
commercial,inventory_risk_index,table,7,monitoring_losses,integer,int4,NO,0,,
commercial,inventory_risk_index,table,8,shrink_value,numeric,numeric,NO,'0'::numeric,,
commercial,inventory_risk_index,table,9,risk_score,numeric,numeric,NO,'0'::numeric,,
commercial,inventory_risk_index,table,10,risk_level,character varying,varchar,NO,'bajo'::character varying,10,
commercial,inventory_risk_index,table,11,last_event_at,timestamp with time zone,timestamptz,YES,,,
commercial,inventory_risk_index,table,12,computed_at,timestamp with time zone,timestamptz,NO,CURRENT_TIMESTAMP,,
commercial,lead_reservations,table,1,id,uuid,uuid,NO,gen_random_uuid(),,
commercial,lead_reservations,table,2,tenant_id,uuid,uuid,NO,,,1
commercial,lead_reservations,table,3,customer_id,uuid,uuid,NO,,,
commercial,lead_reservations,table,4,reserved_by_user_id,uuid,uuid,NO,,,
commercial,lead_reservations,table,5,reserved_at,timestamp with time zone,timestamptz,NO,CURRENT_TIMESTAMP,,
commercial,lead_reservations,table,6,expires_at,timestamp with time zone,timestamptz,NO,,,
commercial,lead_reservations,table,7,released_at,timestamp with time zone,timestamptz,YES,,,
commercial,lead_reservations,table,8,released_reason,text,text,YES,,,
commercial,order_lines,table,1,id,uuid,uuid,NO,gen_random_uuid(),,
commercial,order_lines,table,2,tenant_id,uuid,uuid,NO,,,1
commercial,order_lines,table,3,order_id,uuid,uuid,NO,,,
commercial,order_lines,table,4,product_id,uuid,uuid,NO,,,
commercial,order_lines,table,5,line_number,integer,int4,NO,,,
commercial,order_lines,table,6,quantity,numeric,numeric,NO,,,
commercial,order_lines,table,7,unit_price,numeric,numeric,NO,,,
commercial,order_lines,table,8,tax_rate,numeric,numeric,NO,0.16,,
commercial,order_lines,table,9,discount_percent,numeric,numeric,NO,'0'::numeric,,
commercial,order_lines,table,10,line_subtotal,numeric,numeric,NO,,,
commercial,order_lines,table,11,line_tax,numeric,numeric,NO,,,
commercial,order_lines,table,12,line_total,numeric,numeric,NO,,,
commercial,order_lines,table,13,notes,text,text,YES,,,
commercial,order_lines,table,14,created_at,timestamp with time zone,timestamptz,NO,CURRENT_TIMESTAMP,,
commercial,order_lines,table,15,requested_quantity,numeric,numeric,YES,,,
commercial,order_lines,table,16,applied_promo_code,text,text,YES,,,
commercial,order_lines,table,17,applied_promo_type,text,text,YES,,,
commercial,order_lines,table,18,discount_amount,numeric,numeric,NO,'0'::numeric,,
commercial,order_sequences,table,1,tenant_id,uuid,uuid,NO,,,1
commercial,order_sequences,table,2,year,integer,int4,NO,,,
commercial,order_sequences,table,3,current_value,integer,int4,NO,0,,
commercial,order_sequences,table,4,created_at,timestamp with time zone,timestamptz,NO,CURRENT_TIMESTAMP,,
commercial,order_sequences,table,5,updated_at,timestamp with time zone,timestamptz,NO,CURRENT_TIMESTAMP,,
commercial,order_status_history,table,1,id,uuid,uuid,NO,gen_random_uuid(),,
commercial,order_status_history,table,2,tenant_id,uuid,uuid,NO,,,1
commercial,order_status_history,table,3,order_id,uuid,uuid,NO,,,
commercial,order_status_history,table,4,from_status,character varying,varchar,YES,,20,
commercial,order_status_history,table,5,to_status,character varying,varchar,NO,,20,
commercial,order_status_history,table,6,changed_by,uuid,uuid,YES,,,
commercial,order_status_history,table,7,changed_by_username,character varying,varchar,YES,,100,
commercial,order_status_history,table,8,reason,text,text,YES,,,
commercial,order_status_history,table,9,snapshot,jsonb,jsonb,YES,,,
commercial,order_status_history,table,10,changed_at,timestamp with time zone,timestamptz,NO,CURRENT_TIMESTAMP,,
commercial,orders,table,1,id,uuid,uuid,NO,gen_random_uuid(),,
commercial,orders,table,2,tenant_id,uuid,uuid,NO,,,1
commercial,orders,table,3,code,character varying,varchar,NO,,30,
commercial,orders,table,4,customer_id,uuid,uuid,NO,,,
commercial,orders,table,5,user_id,uuid,uuid,NO,,,
commercial,orders,table,6,warehouse_id,uuid,uuid,NO,,,
commercial,orders,table,7,price_list_id,uuid,uuid,YES,,,
commercial,orders,table,8,status,character varying,varchar,NO,'draft'::character varying,20,
commercial,orders,table,9,payment_method,character varying,varchar,NO,'cash'::character varying,20,
commercial,orders,table,10,subtotal,numeric,numeric,NO,'0'::numeric,,
commercial,orders,table,11,tax_total,numeric,numeric,NO,'0'::numeric,,
commercial,orders,table,12,total,numeric,numeric,NO,'0'::numeric,,
commercial,orders,table,13,paid_amount,numeric,numeric,NO,'0'::numeric,,
commercial,orders,table,14,balance_due,numeric,numeric,NO,'0'::numeric,,
commercial,orders,table,15,currency,character varying,varchar,NO,'MXN'::character varying,3,
commercial,orders,table,16,notes,text,text,YES,,,
commercial,orders,table,17,confirmed_at,timestamp with time zone,timestamptz,YES,,,
commercial,orders,table,18,fulfilled_at,timestamp with time zone,timestamptz,YES,,,
commercial,orders,table,19,cancelled_at,timestamp with time zone,timestamptz,YES,,,
commercial,orders,table,20,cancellation_reason,text,text,YES,,,
commercial,orders,table,21,created_at,timestamp with time zone,timestamptz,NO,CURRENT_TIMESTAMP,,
commercial,orders,table,22,created_by,uuid,uuid,YES,,,
commercial,orders,table,23,updated_at,timestamp with time zone,timestamptz,NO,CURRENT_TIMESTAMP,,
commercial,orders,table,24,updated_by,uuid,uuid,YES,,,
commercial,orders,table,25,deleted_at,timestamp with time zone,timestamptz,YES,,,
commercial,orders,table,26,deleted_by,uuid,uuid,YES,,,
commercial,orders,table,27,delivery_type,character varying,varchar,NO,'route'::character varying,20,
commercial,orders,table,28,pending_approval_at,timestamp with time zone,timestamptz,YES,,,
commercial,orders,table,29,route_id,uuid,uuid,YES,,,
commercial,orders,table,30,basket_promo_code,text,text,YES,,,
commercial,orders,table,31,basket_discount_amount,numeric,numeric,NO,'0'::numeric,,
commercial,orders,table,32,requested_delivery_date,date,date,YES,,,
commercial,orders,table,33,delivery_address,jsonb,jsonb,YES,,,
commercial,orders,table,34,delivery_channel,character varying,varchar,YES,,20,
commercial,orders,table,35,received_at,timestamp with time zone,timestamptz,YES,,,
commercial,orders,table,36,promised_eta_min,smallint,int2,YES,,,
commercial,orders,table,37,cfdi_uuid,character varying,varchar,YES,,36,
commercial,orders,table,38,cfdi_error,text,text,YES,,,
commercial,orders,table,39,cfdi_attempts,integer,int4,NO,0,,
commercial,orders,table,40,cfdi_last_attempt_at,timestamp with time zone,timestamptz,YES,,,
commercial,orders,table,41,client_uuid,uuid,uuid,YES,,,
commercial,payments,table,1,id,uuid,uuid,NO,gen_random_uuid(),,
commercial,payments,table,2,tenant_id,uuid,uuid,NO,,,1
commercial,payments,table,3,order_id,uuid,uuid,YES,,,
commercial,payments,table,4,customer_id,uuid,uuid,YES,,,
commercial,payments,table,5,amount,numeric,numeric,NO,,,
commercial,payments,table,6,payment_method,character varying,varchar,NO,'cash'::character varying,20,
commercial,payments,table,7,reference,character varying,varchar,YES,,100,
commercial,payments,table,8,received_by,uuid,uuid,NO,,,
commercial,payments,table,9,received_at,timestamp with time zone,timestamptz,NO,CURRENT_TIMESTAMP,,
commercial,payments,table,10,notes,text,text,YES,,,
commercial,payments,table,11,created_at,timestamp with time zone,timestamptz,NO,CURRENT_TIMESTAMP,,
commercial,payments,table,12,created_by,uuid,uuid,YES,,,
commercial,payments,table,13,updated_at,timestamp with time zone,timestamptz,NO,CURRENT_TIMESTAMP,,
commercial,payments,table,14,updated_by,uuid,uuid,YES,,,
commercial,payments,table,15,deleted_at,timestamp with time zone,timestamptz,YES,,,
commercial,payments,table,16,deleted_by,uuid,uuid,YES,,,
commercial,payments,table,17,status,character varying,varchar,NO,'received'::character varying,20,
commercial,payments,table,18,cash_received,numeric,numeric,YES,,,
commercial,payments,table,19,change_given,numeric,numeric,YES,,,
commercial,payments,table,20,proof_url,text,text,YES,,,
commercial,payments,table,21,liquidation_id,uuid,uuid,YES,,,
commercial,payments,table,22,kepler_folio,character varying,varchar,YES,,40,
commercial,payments,table,23,kepler_serie,character varying,varchar,YES,,40,
commercial,payments,table,24,kepler_warehouse_code,character varying,varchar,YES,,10,
commercial,portal_telemetry_events,table,1,id,uuid,uuid,NO,gen_random_uuid(),,
commercial,portal_telemetry_events,table,2,kind,character varying,varchar,NO,,32,
commercial,portal_telemetry_events,table,3,name,character varying,varchar,NO,,120,
commercial,portal_telemetry_events,table,4,value,double precision,float8,YES,,,
commercial,portal_telemetry_events,table,5,rating,character varying,varchar,YES,,32,
commercial,portal_telemetry_events,table,6,props,jsonb,jsonb,YES,,,
commercial,portal_telemetry_events,table,7,session_id,character varying,varchar,YES,,80,
commercial,portal_telemetry_events,table,8,env,character varying,varchar,YES,,24,
commercial,portal_telemetry_events,table,9,release,character varying,varchar,YES,,60,
commercial,portal_telemetry_events,table,10,url,character varying,varchar,YES,,512,
commercial,portal_telemetry_events,table,11,tenant_id,uuid,uuid,YES,,,1
commercial,portal_telemetry_events,table,12,user_id,uuid,uuid,YES,,,
commercial,portal_telemetry_events,table,13,ip,character varying,varchar,YES,,64,
commercial,portal_telemetry_events,table,14,user_agent,character varying,varchar,YES,,400,
commercial,portal_telemetry_events,table,15,client_ts,timestamp with time zone,timestamptz,YES,,,
commercial,portal_telemetry_events,table,16,created_at,timestamp with time zone,timestamptz,NO,CURRENT_TIMESTAMP,,
commercial,price_lists,table,1,id,uuid,uuid,NO,gen_random_uuid(),,
commercial,price_lists,table,2,tenant_id,uuid,uuid,NO,,,1
commercial,price_lists,table,3,code,character varying,varchar,NO,,50,
commercial,price_lists,table,4,name,character varying,varchar,NO,,200,
commercial,price_lists,table,5,currency,character varying,varchar,NO,'MXN'::character varying,3,
commercial,price_lists,table,6,valid_from,date,date,YES,,,
commercial,price_lists,table,7,valid_to,date,date,YES,,,
commercial,price_lists,table,8,is_default,boolean,bool,NO,false,,
commercial,price_lists,table,9,active,boolean,bool,NO,true,,
commercial,price_lists,table,10,notes,text,text,YES,,,
commercial,price_lists,table,11,created_at,timestamp with time zone,timestamptz,NO,CURRENT_TIMESTAMP,,
commercial,price_lists,table,12,created_by,uuid,uuid,YES,,,
commercial,price_lists,table,13,updated_at,timestamp with time zone,timestamptz,NO,CURRENT_TIMESTAMP,,
commercial,price_lists,table,14,updated_by,uuid,uuid,YES,,,
commercial,price_lists,table,15,deleted_at,timestamp with time zone,timestamptz,YES,,,
commercial,price_lists,table,16,deleted_by,uuid,uuid,YES,,,
commercial,product_aliases,table,1,id,uuid,uuid,NO,gen_random_uuid(),,
commercial,product_aliases,table,2,tenant_id,uuid,uuid,NO,,,1
commercial,product_aliases,table,3,alias_product_id,uuid,uuid,NO,,,
commercial,product_aliases,table,4,canonical_product_id,uuid,uuid,NO,,,
commercial,product_aliases,table,5,note,text,text,YES,,,
commercial,product_aliases,table,6,created_at,timestamp with time zone,timestamptz,NO,now(),,
commercial,product_aliases,table,7,created_by,uuid,uuid,YES,,,
commercial,product_aliases,table,8,deleted_at,timestamp with time zone,timestamptz,YES,,,
commercial,product_label_prices,table,1,id,uuid,uuid,NO,gen_random_uuid(),,
commercial,product_label_prices,table,2,tenant_id,uuid,uuid,NO,,,1
commercial,product_label_prices,table,3,product_id,uuid,uuid,NO,,,
commercial,product_label_prices,table,4,content,character varying,varchar,YES,,40,
commercial,product_label_prices,table,5,barcode,character varying,varchar,YES,,30,
commercial,product_label_prices,table,6,barcode_format,character varying,varchar,YES,,10,
commercial,product_label_prices,table,7,piece_price,numeric,numeric,YES,,,
commercial,product_label_prices,table,8,wholesale_piece_min_qty,integer,int4,YES,,,
commercial,product_label_prices,table,9,wholesale_piece_price,numeric,numeric,YES,,,
commercial,product_label_prices,table,10,pack_size,integer,int4,YES,,,
commercial,product_label_prices,table,11,pack_price,numeric,numeric,YES,,,
commercial,product_label_prices,table,12,wholesale_pack_price,numeric,numeric,YES,,,
commercial,product_label_prices,table,13,box_size,integer,int4,YES,,,
commercial,product_label_prices,table,14,box_price,numeric,numeric,YES,,,
commercial,product_label_prices,table,15,source,character varying,varchar,NO,'kepler'::character varying,12,
commercial,product_label_prices,table,16,computed_at,timestamp with time zone,timestamptz,YES,,,
commercial,product_label_prices,table,17,created_at,timestamp with time zone,timestamptz,NO,now(),,
commercial,product_label_prices,table,18,updated_at,timestamp with time zone,timestamptz,NO,now(),,
commercial,product_label_prices,table,19,unit_base,character varying,varchar,YES,,8,
commercial,product_label_prices,table,20,wholesale_pack_min_qty,integer,int4,YES,,,
commercial,product_label_prices,table,21,sold_by_kg,boolean,bool,NO,false,,
commercial,product_prices,table,1,id,uuid,uuid,NO,gen_random_uuid(),,
commercial,product_prices,table,2,tenant_id,uuid,uuid,NO,,,1
commercial,product_prices,table,3,price_list_id,uuid,uuid,NO,,,
commercial,product_prices,table,4,product_id,uuid,uuid,NO,,,
commercial,product_prices,table,5,price,numeric,numeric,NO,,,
commercial,product_prices,table,6,tax_rate,numeric,numeric,NO,0.16,,
commercial,product_prices,table,7,min_qty,integer,int4,NO,1,,
commercial,product_prices,table,8,created_at,timestamp with time zone,timestamptz,NO,CURRENT_TIMESTAMP,,
commercial,product_prices,table,9,created_by,uuid,uuid,YES,,,
commercial,product_prices,table,10,updated_at,timestamp with time zone,timestamptz,NO,CURRENT_TIMESTAMP,,
commercial,product_prices,table,11,updated_by,uuid,uuid,YES,,,
commercial,product_prices,table,12,deleted_at,timestamp with time zone,timestamptz,YES,,,
commercial,product_prices,table,13,deleted_by,uuid,uuid,YES,,,
commercial,product_unit_overrides,table,1,id,uuid,uuid,NO,gen_random_uuid(),,
commercial,product_unit_overrides,table,2,tenant_id,uuid,uuid,NO,,,1
commercial,product_unit_overrides,table,3,product_id,uuid,uuid,NO,,,
commercial,product_unit_overrides,table,4,pieces_per_unit,numeric,numeric,YES,,,
commercial,product_unit_overrides,table,5,box_factor,numeric,numeric,YES,,,
commercial,product_unit_overrides,table,6,sold_as,text,text,YES,,,
commercial,product_unit_overrides,table,7,note,text,text,YES,,,
commercial,product_unit_overrides,table,8,created_at,timestamp with time zone,timestamptz,NO,now(),,
commercial,product_unit_overrides,table,9,created_by,uuid,uuid,YES,,,
commercial,product_unit_overrides,table,10,updated_at,timestamp with time zone,timestamptz,NO,now(),,
commercial,product_unit_overrides,table,11,deleted_at,timestamp with time zone,timestamptz,YES,,,
commercial,promoter_brands,table,1,id,uuid,uuid,NO,gen_random_uuid(),,
commercial,promoter_brands,table,2,tenant_id,uuid,uuid,NO,,,1
commercial,promoter_brands,table,3,user_id,uuid,uuid,NO,,,
commercial,promoter_brands,table,4,brand_id,uuid,uuid,NO,,,
commercial,promoter_brands,table,5,created_at,timestamp with time zone,timestamptz,NO,CURRENT_TIMESTAMP,,
commercial,promoter_brands,table,6,created_by,uuid,uuid,YES,,,
commercial,promotions,table,1,id,uuid,uuid,NO,gen_random_uuid(),,
commercial,promotions,table,2,tenant_id,uuid,uuid,NO,,,1
commercial,promotions,table,3,code,text,text,NO,,,
commercial,promotions,table,4,name,text,text,NO,,,
commercial,promotions,table,5,description,text,text,YES,,,
commercial,promotions,table,6,promotion_type,text,text,NO,,,
commercial,promotions,table,7,rules,jsonb,jsonb,NO,,,
commercial,promotions,table,8,priority,integer,int4,NO,100,,
commercial,promotions,table,9,starts_at,timestamp with time zone,timestamptz,YES,,,
commercial,promotions,table,10,ends_at,timestamp with time zone,timestamptz,YES,,,
commercial,promotions,table,11,usage_limit,integer,int4,YES,,,
commercial,promotions,table,12,usage_count,integer,int4,NO,0,,
commercial,promotions,table,13,min_order_amount,numeric,numeric,YES,,,
commercial,promotions,table,14,applies_to,text,text,NO,'all_customers'::text,,
commercial,promotions,table,15,applies_to_customer_ids,jsonb,jsonb,YES,,,
commercial,promotions,table,16,active,boolean,bool,NO,true,,
commercial,promotions,table,17,created_by_user_id,uuid,uuid,YES,,,
commercial,promotions,table,18,created_at,timestamp with time zone,timestamptz,NO,CURRENT_TIMESTAMP,,
commercial,promotions,table,19,updated_at,timestamp with time zone,timestamptz,NO,CURRENT_TIMESTAMP,,
commercial,promotions,table,20,deleted_at,timestamp with time zone,timestamptz,YES,,,
commercial,promotions,table,21,banner_url,text,text,YES,,,
commercial,prospect_sources,table,1,id,uuid,uuid,NO,gen_random_uuid(),,
commercial,prospect_sources,table,2,tenant_id,uuid,uuid,NO,,,1
commercial,prospect_sources,table,3,scian_codes,jsonb,jsonb,NO,"""'[""""461160"""", """"461110"""", """"462112""""]'::jsonb""",,
commercial,prospect_sources,table,4,entidad,character varying,varchar,YES,,2,
commercial,prospect_sources,table,5,municipios,jsonb,jsonb,YES,,,
commercial,prospect_sources,table,6,default_radius_m,integer,int4,NO,1000,,
commercial,prospect_sources,table,7,center_lat,numeric,numeric,YES,,,
commercial,prospect_sources,table,8,center_lng,numeric,numeric,YES,,,
commercial,prospect_sources,table,9,max_radius_km,integer,int4,YES,,,
commercial,prospect_sources,table,10,active,boolean,bool,NO,true,,
commercial,prospect_sources,table,11,attribution,character varying,varchar,NO,'INEGI · DENUE'::character varying,120,
commercial,prospect_sources,table,12,last_ingested_at,timestamp with time zone,timestamptz,YES,,,
commercial,prospect_sources,table,13,created_at,timestamp with time zone,timestamptz,NO,CURRENT_TIMESTAMP,,
commercial,prospect_sources,table,14,updated_at,timestamp with time zone,timestamptz,NO,CURRENT_TIMESTAMP,,
commercial,prospect_stores,table,1,id,uuid,uuid,NO,gen_random_uuid(),,
commercial,prospect_stores,table,2,tenant_id,uuid,uuid,NO,,,1
commercial,prospect_stores,table,3,source,character varying,varchar,NO,'denue'::character varying,20,
commercial,prospect_stores,table,4,source_ref,character varying,varchar,NO,,64,
commercial,prospect_stores,table,5,nombre,character varying,varchar,YES,,300,
commercial,prospect_stores,table,6,razon_social,character varying,varchar,YES,,300,
commercial,prospect_stores,table,7,scian,character varying,varchar,YES,,10,
commercial,prospect_stores,table,8,scian_label,character varying,varchar,YES,,200,
commercial,prospect_stores,table,9,estrato,character varying,varchar,YES,,80,
commercial,prospect_stores,table,10,tipo,character varying,varchar,YES,,40,
commercial,prospect_stores,table,11,lat,numeric,numeric,YES,,,
commercial,prospect_stores,table,12,lng,numeric,numeric,YES,,,
commercial,prospect_stores,table,13,calle,character varying,varchar,YES,,200,
commercial,prospect_stores,table,14,num_ext,character varying,varchar,YES,,40,
commercial,prospect_stores,table,15,colonia,character varying,varchar,YES,,160,
commercial,prospect_stores,table,16,cp,character varying,varchar,YES,,10,
commercial,prospect_stores,table,17,municipio,character varying,varchar,YES,,160,
commercial,prospect_stores,table,18,entidad,character varying,varchar,YES,,80,
commercial,prospect_stores,table,19,telefono,character varying,varchar,YES,,40,
commercial,prospect_stores,table,20,email,character varying,varchar,YES,,160,
commercial,prospect_stores,table,21,web,character varying,varchar,YES,,200,
commercial,prospect_stores,table,22,status,character varying,varchar,NO,'candidate'::character varying,20,
commercial,prospect_stores,table,23,matched_store_id,uuid,uuid,YES,,,
commercial,prospect_stores,table,24,matched_customer_id,uuid,uuid,YES,,,
commercial,prospect_stores,table,25,match_distance_m,integer,int4,YES,,,
commercial,prospect_stores,table,26,match_name_sim,numeric,numeric,YES,,,
commercial,prospect_stores,table,27,nearest_customer_m,integer,int4,YES,,,
commercial,prospect_stores,table,28,whitespace_score,numeric,numeric,YES,,,
commercial,prospect_stores,table,29,raw,jsonb,jsonb,YES,,,
commercial,prospect_stores,table,30,discovered_at,timestamp with time zone,timestamptz,NO,CURRENT_TIMESTAMP,,
commercial,prospect_stores,table,31,last_seen_at,timestamp with time zone,timestamptz,NO,CURRENT_TIMESTAMP,,
commercial,prospect_stores,table,32,created_at,timestamp with time zone,timestamptz,NO,CURRENT_TIMESTAMP,,
commercial,prospect_stores,table,33,updated_at,timestamp with time zone,timestamptz,NO,CURRENT_TIMESTAMP,,
commercial,purchase_doc_sequences,table,1,tenant_id,uuid,uuid,NO,,,1
commercial,purchase_doc_sequences,table,2,year,integer,int4,NO,,,
commercial,purchase_doc_sequences,table,3,doc_kind,character varying,varchar,NO,,4,
commercial,purchase_doc_sequences,table,4,last_seq,integer,int4,NO,0,,
commercial,purchase_order_lines,table,1,id,uuid,uuid,NO,gen_random_uuid(),,
commercial,purchase_order_lines,table,2,tenant_id,uuid,uuid,NO,,,1
commercial,purchase_order_lines,table,3,purchase_order_id,uuid,uuid,NO,,,
commercial,purchase_order_lines,table,4,product_id,uuid,uuid,NO,,,
commercial,purchase_order_lines,table,5,requisition_line_id,uuid,uuid,YES,,,
commercial,purchase_order_lines,table,6,ordered_qty,numeric,numeric,NO,0,,
commercial,purchase_order_lines,table,7,received_qty,numeric,numeric,NO,0,,
commercial,purchase_order_lines,table,8,unit_cost,numeric,numeric,NO,0,,
commercial,purchase_order_lines,table,9,line_cost,numeric,numeric,NO,0,,
commercial,purchase_order_lines,table,10,created_at,timestamp with time zone,timestamptz,NO,now(),,
commercial,purchase_orders,table,1,id,uuid,uuid,NO,gen_random_uuid(),,
commercial,purchase_orders,table,2,tenant_id,uuid,uuid,NO,,,1
commercial,purchase_orders,table,3,folio,character varying,varchar,NO,,20,
commercial,purchase_orders,table,4,warehouse_id,uuid,uuid,NO,,,
commercial,purchase_orders,table,5,supplier_id,uuid,uuid,YES,,,
commercial,purchase_orders,table,6,source_type,character varying,varchar,NO,'supplier'::character varying,8,
commercial,purchase_orders,table,7,source_warehouse_id,uuid,uuid,YES,,,
commercial,purchase_orders,table,8,requisition_id,uuid,uuid,YES,,,
commercial,purchase_orders,table,9,expected_date,date,date,YES,,,
commercial,purchase_orders,table,10,estado,character varying,varchar,NO,'open'::character varying,12,
commercial,purchase_orders,table,11,target_basis,character varying,varchar,NO,'max'::character varying,12,
commercial,purchase_orders,table,12,total_lines,integer,int4,NO,0,,
commercial,purchase_orders,table,13,total_units,numeric,numeric,NO,0,,
commercial,purchase_orders,table,14,received_units,numeric,numeric,NO,0,,
commercial,purchase_orders,table,15,total_cost,numeric,numeric,NO,0,,
commercial,purchase_orders,table,16,notes,text,text,YES,,,
commercial,purchase_orders,table,17,created_by,uuid,uuid,YES,,,
commercial,purchase_orders,table,18,created_at,timestamp with time zone,timestamptz,NO,now(),,
commercial,purchase_orders,table,19,closed_at,timestamp with time zone,timestamptz,YES,,,
commercial,purchase_orders,table,20,cancelled_by,uuid,uuid,YES,,,
commercial,purchase_orders,table,21,updated_at,timestamp with time zone,timestamptz,NO,now(),,
commercial,purchase_requisition_lines,table,1,id,uuid,uuid,NO,gen_random_uuid(),,
commercial,purchase_requisition_lines,table,2,tenant_id,uuid,uuid,NO,,,1
commercial,purchase_requisition_lines,table,3,requisition_id,uuid,uuid,NO,,,
commercial,purchase_requisition_lines,table,4,product_id,uuid,uuid,NO,,,
commercial,purchase_requisition_lines,table,5,supplier_id,uuid,uuid,YES,,,
commercial,purchase_requisition_lines,table,6,on_hand,numeric,numeric,NO,0,,
commercial,purchase_requisition_lines,table,7,in_transit,numeric,numeric,NO,0,,
commercial,purchase_requisition_lines,table,8,min_stock,numeric,numeric,NO,0,,
commercial,purchase_requisition_lines,table,9,reorder_point,numeric,numeric,NO,0,,
commercial,purchase_requisition_lines,table,10,max_stock,numeric,numeric,NO,0,,
commercial,purchase_requisition_lines,table,11,suggested_qty,numeric,numeric,NO,0,,
commercial,purchase_requisition_lines,table,12,final_qty,numeric,numeric,NO,0,,
commercial,purchase_requisition_lines,table,13,unit_cost,numeric,numeric,NO,0,,
commercial,purchase_requisition_lines,table,14,line_cost,numeric,numeric,NO,0,,
commercial,purchase_requisition_lines,table,15,created_at,timestamp with time zone,timestamptz,NO,now(),,
commercial,purchase_requisition_lines,table,16,source_type,character varying,varchar,NO,'supplier'::character varying,8,
commercial,purchase_requisition_lines,table,17,source_warehouse_id,uuid,uuid,YES,,,
commercial,purchase_requisition_lines,table,18,received_qty,numeric,numeric,YES,,,
commercial,purchase_requisition_lines,table,19,received_at,timestamp with time zone,timestamptz,YES,,,
commercial,purchase_requisitions,table,1,id,uuid,uuid,NO,gen_random_uuid(),,
commercial,purchase_requisitions,table,2,tenant_id,uuid,uuid,NO,,,1
commercial,purchase_requisitions,table,3,warehouse_id,uuid,uuid,NO,,,
commercial,purchase_requisitions,table,4,supplier_id,uuid,uuid,YES,,,
commercial,purchase_requisitions,table,5,folio,character varying,varchar,NO,,20,
commercial,purchase_requisitions,table,6,estado,character varying,varchar,NO,'pending_approval'::character varying,16,
commercial,purchase_requisitions,table,7,target_basis,character varying,varchar,NO,'max'::character varying,12,
commercial,purchase_requisitions,table,8,total_lines,integer,int4,NO,0,,
commercial,purchase_requisitions,table,9,total_units,numeric,numeric,NO,0,,
commercial,purchase_requisitions,table,10,total_cost,numeric,numeric,NO,0,,
commercial,purchase_requisitions,table,11,notes,text,text,YES,,,
commercial,purchase_requisitions,table,12,created_by,uuid,uuid,YES,,,
commercial,purchase_requisitions,table,13,approved_by,uuid,uuid,YES,,,
commercial,purchase_requisitions,table,14,approved_at,timestamp with time zone,timestamptz,YES,,,
commercial,purchase_requisitions,table,15,created_at,timestamp with time zone,timestamptz,NO,now(),,
commercial,purchase_requisitions,table,16,updated_at,timestamp with time zone,timestamptz,NO,now(),,
commercial,purchase_requisitions,table,17,source_type,character varying,varchar,NO,'supplier'::character varying,8,
commercial,purchase_requisitions,table,18,source_warehouse_id,uuid,uuid,YES,,,
commercial,purchase_requisitions,table,19,ordered_at,timestamp with time zone,timestamptz,YES,,,
commercial,purchase_requisitions,table,20,ordered_by,uuid,uuid,YES,,,
commercial,purchase_requisitions,table,21,received_at,timestamp with time zone,timestamptz,YES,,,
commercial,purchase_requisitions,table,22,received_by,uuid,uuid,YES,,,
commercial,push_subscriptions,table,1,id,uuid,uuid,NO,gen_random_uuid(),,
commercial,push_subscriptions,table,2,tenant_id,uuid,uuid,YES,,,1
commercial,push_subscriptions,table,3,user_id,uuid,uuid,NO,,,
commercial,push_subscriptions,table,4,customer_id,uuid,uuid,YES,,,
commercial,push_subscriptions,table,5,endpoint,text,text,NO,,,
commercial,push_subscriptions,table,6,p256dh,text,text,NO,,,
commercial,push_subscriptions,table,7,auth,text,text,NO,,,
commercial,push_subscriptions,table,8,user_agent,character varying,varchar,YES,,400,
commercial,push_subscriptions,table,9,created_at,timestamp with time zone,timestamptz,NO,CURRENT_TIMESTAMP,,
commercial,push_subscriptions,table,10,last_used_at,timestamp with time zone,timestamptz,YES,,,
commercial,receiving_claims,table,1,id,uuid,uuid,NO,gen_random_uuid(),,
commercial,receiving_claims,table,2,tenant_id,uuid,uuid,NO,,,1
commercial,receiving_claims,table,3,session_id,uuid,uuid,NO,,,
commercial,receiving_claims,table,4,receiving_line_id,uuid,uuid,NO,,,
commercial,receiving_claims,table,5,warehouse_id,uuid,uuid,NO,,,
commercial,receiving_claims,table,6,product_id,uuid,uuid,YES,,,
commercial,receiving_claims,table,7,folio,character varying,varchar,NO,,24,
commercial,receiving_claims,table,8,source_ref,character varying,varchar,YES,,120,
commercial,receiving_claims,table,9,sku,character varying,varchar,YES,,60,
commercial,receiving_claims,table,10,product_name,character varying,varchar,YES,,200,
commercial,receiving_claims,table,11,kind,character varying,varchar,NO,,24,
commercial,receiving_claims,table,12,expected_qty,numeric,numeric,NO,0,,
commercial,receiving_claims,table,13,received_qty,numeric,numeric,NO,0,,
commercial,receiving_claims,table,14,qty_claimed,numeric,numeric,YES,,,
commercial,receiving_claims,table,15,qty_unit,character varying,varchar,YES,,12,
commercial,receiving_claims,table,16,responsible_kind,character varying,varchar,NO,,12,
commercial,receiving_claims,table,17,responsible_code,character varying,varchar,YES,,60,
commercial,receiving_claims,table,18,responsible_label,character varying,varchar,YES,,200,
commercial,receiving_claims,table,19,supplier_id,uuid,uuid,YES,,,
commercial,receiving_claims,table,20,responsible_warehouse_id,uuid,uuid,YES,,,
commercial,receiving_claims,table,21,unit_cost,numeric,numeric,YES,,,
commercial,receiving_claims,table,22,amount,numeric,numeric,YES,,,
commercial,receiving_claims,table,23,amount_source,character varying,varchar,NO,'sin_dato'::character varying,12,
commercial,receiving_claims,table,24,status,character varying,varchar,NO,'open'::character varying,16,
commercial,receiving_claims,table,25,opened_at,timestamp with time zone,timestamptz,NO,now(),,
commercial,receiving_claims,table,26,claimed_at,timestamp with time zone,timestamptz,YES,,,
commercial,receiving_claims,table,27,claimed_by,uuid,uuid,YES,,,
commercial,receiving_claims,table,28,claimed_by_username,character varying,varchar,YES,,80,
commercial,receiving_claims,table,29,claim_channel,character varying,varchar,YES,,24,
commercial,receiving_claims,table,30,resolved_at,timestamp with time zone,timestamptz,YES,,,
commercial,receiving_claims,table,31,resolved_by,uuid,uuid,YES,,,
commercial,receiving_claims,table,32,resolved_by_username,character varying,varchar,YES,,80,
commercial,receiving_claims,table,33,resolution_note,text,text,YES,,,
commercial,receiving_claims,table,34,notes,text,text,YES,,,
commercial,receiving_claims,table,35,dedup_key,text,text,NO,,,
commercial,receiving_claims,table,36,created_at,timestamp with time zone,timestamptz,NO,now(),,
commercial,receiving_claims,table,37,created_by,uuid,uuid,YES,,,
commercial,receiving_claims,table,38,updated_at,timestamp with time zone,timestamptz,NO,now(),,
commercial,receiving_claims,table,39,updated_by,uuid,uuid,YES,,,
commercial,receiving_lines,table,1,id,uuid,uuid,NO,gen_random_uuid(),,
commercial,receiving_lines,table,2,tenant_id,uuid,uuid,NO,,,1
commercial,receiving_lines,table,3,session_id,uuid,uuid,NO,,,
commercial,receiving_lines,table,4,product_id,uuid,uuid,YES,,,
commercial,receiving_lines,table,5,expected_sku,character varying,varchar,YES,,60,
commercial,receiving_lines,table,6,expected_name,character varying,varchar,YES,,200,
commercial,receiving_lines,table,7,expected_qty,numeric,numeric,NO,'0'::numeric,,
commercial,receiving_lines,table,8,received_qty,numeric,numeric,NO,'0'::numeric,,
commercial,receiving_lines,table,9,barcode_scanned,character varying,varchar,YES,,80,
commercial,receiving_lines,table,10,discrepancy_kind,character varying,varchar,NO,'pending'::character varying,24,
commercial,receiving_lines,table,11,notes,text,text,YES,,,
commercial,receiving_lines,table,12,created_at,timestamp with time zone,timestamptz,NO,CURRENT_TIMESTAMP,,
commercial,receiving_lines,table,13,updated_at,timestamp with time zone,timestamptz,NO,CURRENT_TIMESTAMP,,
commercial,receiving_lot_captures,table,1,id,uuid,uuid,NO,gen_random_uuid(),,
commercial,receiving_lot_captures,table,2,tenant_id,uuid,uuid,NO,,,1
commercial,receiving_lot_captures,table,3,warehouse_id,uuid,uuid,NO,,,
commercial,receiving_lot_captures,table,4,product_id,uuid,uuid,NO,,,
commercial,receiving_lot_captures,table,5,supplier_code,character varying,varchar,YES,,60,
commercial,receiving_lot_captures,table,6,source_ref,character varying,varchar,YES,,120,
commercial,receiving_lot_captures,table,7,quantity,numeric,numeric,NO,,,
commercial,receiving_lot_captures,table,8,photo_key,text,text,YES,,,
commercial,receiving_lot_captures,table,9,ocr_lot,character varying,varchar,YES,,60,
commercial,receiving_lot_captures,table,10,ocr_expiry,date,date,YES,,,
commercial,receiving_lot_captures,table,11,ocr_confidence,numeric,numeric,YES,,,
commercial,receiving_lot_captures,table,12,confirmed_lot,character varying,varchar,NO,'NA'::character varying,60,
commercial,receiving_lot_captures,table,13,confirmed_expiry,date,date,YES,,,
commercial,receiving_lot_captures,table,14,existing_min_expiry,date,date,YES,,,
commercial,receiving_lot_captures,table,15,days_of_life,integer,int4,YES,,,
commercial,receiving_lot_captures,table,16,verdict,character varying,varchar,NO,,10,
commercial,receiving_lot_captures,table,17,rule_broken,character varying,varchar,YES,,40,
commercial,receiving_lot_captures,table,18,status,character varying,varchar,NO,'accepted'::character varying,24,
commercial,receiving_lot_captures,table,19,stock_movement_id,uuid,uuid,YES,,,
commercial,receiving_lot_captures,table,20,authorized_by,uuid,uuid,YES,,,
commercial,receiving_lot_captures,table,21,authorized_at,timestamp with time zone,timestamptz,YES,,,
commercial,receiving_lot_captures,table,22,resolution_notes,text,text,YES,,,
commercial,receiving_lot_captures,table,23,created_at,timestamp with time zone,timestamptz,NO,CURRENT_TIMESTAMP,,
commercial,receiving_lot_captures,table,24,created_by,uuid,uuid,YES,,,
commercial,receiving_lot_captures,table,25,receiving_line_id,uuid,uuid,YES,,,
commercial,receiving_session_sequences,table,1,tenant_id,uuid,uuid,NO,,,1
commercial,receiving_session_sequences,table,2,year,integer,int4,NO,,,
commercial,receiving_session_sequences,table,3,last_seq,integer,int4,NO,0,,
commercial,receiving_sessions,table,1,id,uuid,uuid,NO,gen_random_uuid(),,
commercial,receiving_sessions,table,2,tenant_id,uuid,uuid,NO,,,1
commercial,receiving_sessions,table,3,folio,character varying,varchar,NO,,24,
commercial,receiving_sessions,table,4,warehouse_id,uuid,uuid,NO,,,
commercial,receiving_sessions,table,5,supplier_code,character varying,varchar,YES,,60,
commercial,receiving_sessions,table,6,source_kind,character varying,varchar,NO,'manual'::character varying,20,
commercial,receiving_sessions,table,7,source_ref,character varying,varchar,YES,,120,
commercial,receiving_sessions,table,8,status,character varying,varchar,NO,'open'::character varying,16,
commercial,receiving_sessions,table,9,notes,text,text,YES,,,
commercial,receiving_sessions,table,10,created_at,timestamp with time zone,timestamptz,NO,CURRENT_TIMESTAMP,,
commercial,receiving_sessions,table,11,created_by,uuid,uuid,YES,,,
commercial,receiving_sessions,table,12,closed_at,timestamp with time zone,timestamptz,YES,,,
commercial,receiving_sessions,table,13,closed_by,uuid,uuid,YES,,,
commercial,receiving_sessions,table,14,updated_at,timestamp with time zone,timestamptz,NO,CURRENT_TIMESTAMP,,
commercial,recommended_baskets,table,1,id,uuid,uuid,NO,gen_random_uuid(),,
commercial,recommended_baskets,table,2,tenant_id,uuid,uuid,NO,,,1
commercial,recommended_baskets,table,3,customer_id,uuid,uuid,NO,,,
commercial,recommended_baskets,table,4,items,jsonb,jsonb,NO,'[]'::jsonb,,
commercial,recommended_baskets,table,5,category_counts,jsonb,jsonb,NO,'{}'::jsonb,,
commercial,recommended_baskets,table,6,total_recommendations,integer,int4,NO,0,,
commercial,recommended_baskets,table,7,computed_at,timestamp with time zone,timestamptz,NO,CURRENT_TIMESTAMP,,
commercial,recommended_baskets,table,8,created_at,timestamp with time zone,timestamptz,NO,CURRENT_TIMESTAMP,,
commercial,recommended_baskets,table,9,updated_at,timestamp with time zone,timestamptz,NO,CURRENT_TIMESTAMP,,
commercial,reorder_policy,table,1,id,uuid,uuid,NO,gen_random_uuid(),,
commercial,reorder_policy,table,2,tenant_id,uuid,uuid,NO,,,1
commercial,reorder_policy,table,3,warehouse_id,uuid,uuid,NO,,,
commercial,reorder_policy,table,4,product_id,uuid,uuid,NO,,,
commercial,reorder_policy,table,5,min_stock,numeric,numeric,NO,0,,
commercial,reorder_policy,table,6,reorder_point,numeric,numeric,NO,0,,
commercial,reorder_policy,table,7,max_stock,numeric,numeric,NO,0,,
commercial,reorder_policy,table,8,source,character varying,varchar,NO,'manual'::character varying,12,
commercial,reorder_policy,table,9,lead_time_days,integer,int4,YES,,,
commercial,reorder_policy,table,10,safety_stock,numeric,numeric,YES,,,
commercial,reorder_policy,table,11,computed_at,timestamp with time zone,timestamptz,YES,,,
commercial,reorder_policy,table,12,updated_by,uuid,uuid,YES,,,
commercial,reorder_policy,table,13,created_at,timestamp with time zone,timestamptz,NO,now(),,
commercial,reorder_policy,table,14,updated_at,timestamp with time zone,timestamptz,NO,now(),,
commercial,reorder_policy,table,15,service_level,numeric,numeric,YES,,,
commercial,reorder_policy,table,16,abc_class,character,bpchar,YES,,1,
commercial,reorder_policy,table,17,xyz_class,character,bpchar,YES,,1,
commercial,reorder_policy,table,18,demand_cv,numeric,numeric,YES,,,
commercial,reorder_policy,table,19,policy_method,character varying,varchar,YES,,16,
commercial,replenishment_channel,table,1,id,uuid,uuid,NO,gen_random_uuid(),,
commercial,replenishment_channel,table,2,tenant_id,uuid,uuid,NO,,,1
commercial,replenishment_channel,table,3,warehouse_id,uuid,uuid,NO,,,
commercial,replenishment_channel,table,4,supplier_id,uuid,uuid,NO,,,
commercial,replenishment_channel,table,5,via,character varying,varchar,NO,'purchase'::character varying,10,
commercial,replenishment_channel,table,6,source_warehouse_id,uuid,uuid,YES,,,
commercial,replenishment_channel,table,7,cadence_days,numeric,numeric,YES,,,
commercial,replenishment_channel,table,8,cadence_source,character varying,varchar,NO,'derived'::character varying,10,
commercial,replenishment_channel,table,9,avg_gap_days,numeric,numeric,YES,,,
commercial,replenishment_channel,table,10,min_gap_days,integer,int4,YES,,,
commercial,replenishment_channel,table,11,max_gap_days,integer,int4,YES,,,
commercial,replenishment_channel,table,12,n_deliveries,integer,int4,NO,0,,
commercial,replenishment_channel,table,13,last_delivery_date,date,date,YES,,,
commercial,replenishment_channel,table,14,next_due_date,date,date,YES,,,
commercial,replenishment_channel,table,15,lead_time_days,integer,int4,YES,,,
commercial,replenishment_channel,table,16,health_band,character varying,varchar,YES,,12,
commercial,replenishment_channel,table,17,computed_at,timestamp with time zone,timestamptz,YES,,,
commercial,replenishment_channel,table,18,updated_by,uuid,uuid,YES,,,
commercial,replenishment_channel,table,19,created_at,timestamp with time zone,timestamptz,NO,now(),,
commercial,replenishment_channel,table,20,updated_at,timestamp with time zone,timestamptz,NO,now(),,
commercial,replenishment_findings,table,1,id,uuid,uuid,NO,gen_random_uuid(),,
commercial,replenishment_findings,table,2,tenant_id,uuid,uuid,NO,,,1
commercial,replenishment_findings,table,3,warehouse_id,uuid,uuid,NO,,,
commercial,replenishment_findings,table,4,product_id,uuid,uuid,NO,,,
commercial,replenishment_findings,table,5,kind,character varying,varchar,NO,,24,
commercial,replenishment_findings,table,6,severity,character varying,varchar,NO,,8,
commercial,replenishment_findings,table,7,dedup_key,text,text,NO,,,
commercial,replenishment_findings,table,8,status,character varying,varchar,NO,'open'::character varying,10,
commercial,replenishment_findings,table,9,abc_class,character varying,varchar,YES,,1,
commercial,replenishment_findings,table,10,on_hand,numeric,numeric,NO,0,,
commercial,replenishment_findings,table,11,reorder_point,numeric,numeric,NO,0,,
commercial,replenishment_findings,table,12,in_transit,numeric,numeric,NO,0,,
commercial,replenishment_findings,table,13,suggested_qty,numeric,numeric,NO,0,,
commercial,replenishment_findings,table,14,suggested_cost,numeric,numeric,YES,0,,
commercial,replenishment_findings,table,15,first_seen_at,timestamp with time zone,timestamptz,NO,now(),,
commercial,replenishment_findings,table,16,last_seen_at,timestamp with time zone,timestamptz,NO,now(),,
commercial,replenishment_findings,table,17,resolved_at,timestamp with time zone,timestamptz,YES,,,
commercial,replenishment_findings,table,18,created_at,timestamp with time zone,timestamptz,NO,now(),,
commercial,replenishment_findings,table,19,updated_at,timestamp with time zone,timestamptz,NO,now(),,
commercial,replenishment_settings,table,1,tenant_id,uuid,uuid,NO,,,1
commercial,replenishment_settings,table,2,fill_window_days,integer,int4,NO,180,,
commercial,replenishment_settings,table,3,fill_min_lines,integer,int4,NO,3,,
commercial,replenishment_settings,table,4,fill_max_inflate,numeric,numeric,NO,1.30,,
commercial,replenishment_settings,table,5,default_coverage_days,integer,int4,NO,30,,
commercial,replenishment_settings,table,6,updated_at,timestamp with time zone,timestamptz,NO,now(),,
commercial,replenishment_settings,table,7,updated_by,uuid,uuid,YES,,,
commercial,requisition_sequences,table,1,tenant_id,uuid,uuid,NO,,,1
commercial,requisition_sequences,table,2,year,integer,int4,NO,,,
commercial,requisition_sequences,table,3,last_seq,integer,int4,NO,0,,
commercial,reservation_sequences,table,1,tenant_id,uuid,uuid,NO,,,1
commercial,reservation_sequences,table,2,year,integer,int4,NO,,,
commercial,reservation_sequences,table,3,current_value,integer,int4,NO,0,,
commercial,reservation_sequences,table,4,created_at,timestamp with time zone,timestamptz,NO,CURRENT_TIMESTAMP,,
commercial,reservation_sequences,table,5,updated_at,timestamp with time zone,timestamptz,NO,CURRENT_TIMESTAMP,,
commercial,rider_liquidation_sequences,table,1,tenant_id,uuid,uuid,NO,,,1
commercial,rider_liquidation_sequences,table,2,year,integer,int4,NO,,,
commercial,rider_liquidation_sequences,table,3,current_value,integer,int4,NO,0,,
commercial,rider_liquidation_sequences,table,4,created_at,timestamp with time zone,timestamptz,NO,CURRENT_TIMESTAMP,,
commercial,rider_liquidation_sequences,table,5,updated_at,timestamp with time zone,timestamptz,NO,CURRENT_TIMESTAMP,,
commercial,rider_liquidations,table,1,id,uuid,uuid,NO,gen_random_uuid(),,
commercial,rider_liquidations,table,2,tenant_id,uuid,uuid,NO,,,1
commercial,rider_liquidations,table,3,rider_user_id,uuid,uuid,NO,,,
commercial,rider_liquidations,table,4,branch_store_id,uuid,uuid,YES,,,
commercial,rider_liquidations,table,5,business_date,date,date,NO,,,
commercial,rider_liquidations,table,6,folio,character varying,varchar,YES,,40,
commercial,rider_liquidations,table,7,deliveries_count,integer,int4,NO,0,,
commercial,rider_liquidations,table,8,cash_expected,numeric,numeric,NO,'0'::numeric,,
commercial,rider_liquidations,table,9,cash_counted,numeric,numeric,YES,,,
commercial,rider_liquidations,table,10,cash_breakdown,jsonb,jsonb,YES,,,
commercial,rider_liquidations,table,11,cash_difference,numeric,numeric,YES,,,
commercial,rider_liquidations,table,12,transfer_total,numeric,numeric,NO,'0'::numeric,,
commercial,rider_liquidations,table,13,card_total,numeric,numeric,NO,'0'::numeric,,
commercial,rider_liquidations,table,14,incidents_count,integer,int4,NO,0,,
commercial,rider_liquidations,table,15,status,character varying,varchar,NO,'open'::character varying,20,
commercial,rider_liquidations,table,16,closed_by,uuid,uuid,YES,,,
commercial,rider_liquidations,table,17,closed_at,timestamp with time zone,timestamptz,YES,,,
commercial,rider_liquidations,table,18,notes,text,text,YES,,,
commercial,rider_liquidations,table,19,created_at,timestamp with time zone,timestamptz,NO,CURRENT_TIMESTAMP,,
commercial,rider_liquidations,table,20,created_by,uuid,uuid,YES,,,
commercial,rider_liquidations,table,21,updated_at,timestamp with time zone,timestamptz,NO,CURRENT_TIMESTAMP,,
commercial,rider_liquidations,table,22,updated_by,uuid,uuid,YES,,,
commercial,rider_liquidations,table,23,deleted_at,timestamp with time zone,timestamptz,YES,,,
commercial,rider_liquidations,table,24,deleted_by,uuid,uuid,YES,,,
commercial,rider_liquidations,table,25,is_blind,boolean,bool,NO,false,,
commercial,rider_liquidations,table,26,reconciled_by,uuid,uuid,YES,,,
commercial,rider_liquidations,table,27,reconciled_at,timestamp with time zone,timestamptz,YES,,,
commercial,route_rebalance_log,table,1,id,uuid,uuid,NO,gen_random_uuid(),,
commercial,route_rebalance_log,table,2,tenant_id,uuid,uuid,NO,,,1
commercial,route_rebalance_log,table,3,day_of_week,integer,int4,NO,,,
commercial,route_rebalance_log,table,4,applied_by,uuid,uuid,YES,,,
commercial,route_rebalance_log,table,5,moves,jsonb,jsonb,NO,'[]'::jsonb,,
commercial,route_rebalance_log,table,6,previous_state,jsonb,jsonb,NO,'[]'::jsonb,,
commercial,route_rebalance_log,table,7,metrics,jsonb,jsonb,YES,,,
commercial,route_rebalance_log,table,8,status,character varying,varchar,NO,'applied'::character varying,12,
commercial,route_rebalance_log,table,9,applied_at,timestamp with time zone,timestamptz,NO,CURRENT_TIMESTAMP,,
commercial,route_rebalance_log,table,10,reverted_at,timestamp with time zone,timestamptz,YES,,,
commercial,route_rebalance_log,table,11,created_at,timestamp with time zone,timestamptz,NO,CURRENT_TIMESTAMP,,
commercial,route_rebalance_log,table,12,updated_at,timestamp with time zone,timestamptz,NO,CURRENT_TIMESTAMP,,
commercial,route_tickets,table,1,id,uuid,uuid,NO,gen_random_uuid(),,
commercial,route_tickets,table,2,tenant_id,uuid,uuid,NO,,,1
commercial,route_tickets,table,3,vendor_user_id,uuid,uuid,NO,,,
commercial,route_tickets,table,4,ticket_type,character varying,varchar,NO,,20,
commercial,route_tickets,table,5,route_code,character varying,varchar,NO,,10,
commercial,route_tickets,table,6,ticket_date,date,date,NO,,,
commercial,route_tickets,table,7,total,numeric,numeric,YES,,,
commercial,route_tickets,table,8,corte_number,character varying,varchar,YES,,20,
commercial,route_tickets,table,9,reference,character varying,varchar,YES,,50,
commercial,route_tickets,table,10,liters,numeric,numeric,YES,,,
commercial,route_tickets,table,11,cloudinary_public_id,character varying,varchar,YES,,255,
commercial,route_tickets,table,12,photo_url,text,text,YES,,,
commercial,route_tickets,table,13,photo_preview_url,text,text,YES,,,
commercial,route_tickets,table,14,ocr_text,text,text,YES,,,
commercial,route_tickets,table,15,ocr_json,jsonb,jsonb,YES,,,
commercial,route_tickets,table,16,reviewed,boolean,bool,NO,true,,
commercial,route_tickets,table,17,created_at,timestamp with time zone,timestamptz,NO,CURRENT_TIMESTAMP,,
commercial,route_tickets,table,18,created_by,uuid,uuid,YES,,,
commercial,route_tickets,table,19,updated_at,timestamp with time zone,timestamptz,NO,CURRENT_TIMESTAMP,,
commercial,route_tickets,table,20,updated_by,uuid,uuid,YES,,,
commercial,route_tickets,table,21,deleted_at,timestamp with time zone,timestamptz,YES,,,
commercial,route_tickets,table,22,deleted_by,uuid,uuid,YES,,,
commercial,route_tickets,table,23,folio,character varying,varchar,YES,,40,
commercial,route_tickets,table,24,ticket_time,time without time zone,time,YES,,,
commercial,route_warehouses,table,1,tenant_id,uuid,uuid,NO,,,1
commercial,route_warehouses,table,2,route_id,uuid,uuid,NO,,,
commercial,route_warehouses,table,3,warehouse_id,uuid,uuid,NO,,,
commercial,route_warehouses,table,4,created_at,timestamp with time zone,timestamptz,NO,CURRENT_TIMESTAMP,,
commercial,route_warehouses,table,5,created_by,uuid,uuid,YES,,,
commercial,route_warehouses,table,6,updated_at,timestamp with time zone,timestamptz,NO,CURRENT_TIMESTAMP,,
commercial,route_warehouses,table,7,updated_by,uuid,uuid,YES,,,
commercial,sales_targets,table,1,id,uuid,uuid,NO,gen_random_uuid(),,
commercial,sales_targets,table,2,tenant_id,uuid,uuid,NO,,,1
commercial,sales_targets,table,3,scope,character varying,varchar,NO,,10,
commercial,sales_targets,table,4,scope_key,character varying,varchar,NO,''::character varying,64,
commercial,sales_targets,table,5,year_month,character varying,varchar,NO,,7,
commercial,sales_targets,table,6,target_monto,numeric,numeric,NO,'0'::numeric,,
commercial,sales_targets,table,7,created_at,timestamp with time zone,timestamptz,NO,CURRENT_TIMESTAMP,,
commercial,sales_targets,table,8,updated_at,timestamp with time zone,timestamptz,NO,CURRENT_TIMESTAMP,,
commercial,sales_targets,table,9,created_by,uuid,uuid,YES,,,
commercial,sales_targets,table,10,updated_by,uuid,uuid,YES,,,
commercial,stock,table,1,id,uuid,uuid,NO,gen_random_uuid(),,
commercial,stock,table,2,tenant_id,uuid,uuid,NO,,,1
commercial,stock,table,3,warehouse_id,uuid,uuid,NO,,,
commercial,stock,table,4,product_id,uuid,uuid,NO,,,
commercial,stock,table,5,quantity,numeric,numeric,NO,'0'::numeric,,
commercial,stock,table,6,reserved_quantity,numeric,numeric,NO,'0'::numeric,,
commercial,stock,table,7,created_at,timestamp with time zone,timestamptz,NO,CURRENT_TIMESTAMP,,
commercial,stock,table,8,updated_at,timestamp with time zone,timestamptz,NO,CURRENT_TIMESTAMP,,
commercial,stock,table,9,updated_by,uuid,uuid,YES,,,
commercial,stock,table,10,aisle_id,uuid,uuid,YES,,,
commercial,stock_lot_locations,table,1,id,uuid,uuid,NO,gen_random_uuid(),,
commercial,stock_lot_locations,table,2,tenant_id,uuid,uuid,NO,,,1
commercial,stock_lot_locations,table,3,warehouse_id,uuid,uuid,NO,,,
commercial,stock_lot_locations,table,4,product_id,uuid,uuid,NO,,,
commercial,stock_lot_locations,table,5,lot_code,character varying,varchar,NO,'NA'::character varying,60,
commercial,stock_lot_locations,table,6,expiry_date,date,date,YES,,,
commercial,stock_lot_locations,table,7,bin_id,uuid,uuid,NO,,,
commercial,stock_lot_locations,table,8,quantity,numeric,numeric,NO,'0'::numeric,,
commercial,stock_lot_locations,table,9,created_at,timestamp with time zone,timestamptz,NO,CURRENT_TIMESTAMP,,
commercial,stock_lot_locations,table,10,updated_at,timestamp with time zone,timestamptz,NO,CURRENT_TIMESTAMP,,
commercial,stock_lot_locations,table,11,updated_by,uuid,uuid,YES,,,
commercial,stock_lot_movements,table,1,id,uuid,uuid,NO,gen_random_uuid(),,
commercial,stock_lot_movements,table,2,tenant_id,uuid,uuid,NO,,,1
commercial,stock_lot_movements,table,3,warehouse_id,uuid,uuid,NO,,,
commercial,stock_lot_movements,table,4,product_id,uuid,uuid,NO,,,
commercial,stock_lot_movements,table,5,lot_code,character varying,varchar,NO,,60,
commercial,stock_lot_movements,table,6,expiry_date,date,date,YES,,,
commercial,stock_lot_movements,table,7,movement_type,character varying,varchar,NO,,20,
commercial,stock_lot_movements,table,8,quantity,numeric,numeric,NO,,,
commercial,stock_lot_movements,table,9,reference_type,character varying,varchar,YES,,40,
commercial,stock_lot_movements,table,10,reference_id,uuid,uuid,YES,,,
commercial,stock_lot_movements,table,11,created_at,timestamp with time zone,timestamptz,NO,CURRENT_TIMESTAMP,,
commercial,stock_lot_movements,table,12,created_by,uuid,uuid,YES,,,
commercial,stock_lots,table,1,id,uuid,uuid,NO,gen_random_uuid(),,
commercial,stock_lots,table,2,tenant_id,uuid,uuid,NO,,,1
commercial,stock_lots,table,3,warehouse_id,uuid,uuid,NO,,,
commercial,stock_lots,table,4,product_id,uuid,uuid,NO,,,
commercial,stock_lots,table,5,lot_code,character varying,varchar,NO,'NA'::character varying,60,
commercial,stock_lots,table,6,expiry_date,date,date,YES,,,
commercial,stock_lots,table,7,quantity,numeric,numeric,NO,'0'::numeric,,
commercial,stock_lots,table,8,reserved_quantity,numeric,numeric,NO,'0'::numeric,,
commercial,stock_lots,table,9,received_at,timestamp with time zone,timestamptz,YES,,,
commercial,stock_lots,table,10,created_at,timestamp with time zone,timestamptz,NO,CURRENT_TIMESTAMP,,
commercial,stock_lots,table,11,updated_at,timestamp with time zone,timestamptz,NO,CURRENT_TIMESTAMP,,
commercial,stock_lots,table,12,updated_by,uuid,uuid,YES,,,
commercial,stock_movement_audits,table,1,id,uuid,uuid,NO,gen_random_uuid(),,
commercial,stock_movement_audits,table,2,tenant_id,uuid,uuid,NO,,,1
commercial,stock_movement_audits,table,3,warehouse_id,uuid,uuid,NO,,,
commercial,stock_movement_audits,table,4,doc_code,text,text,NO,,,
commercial,stock_movement_audits,table,5,doc_serie,text,text,NO,''::text,,
commercial,stock_movement_audits,table,6,folio,text,text,NO,,,
commercial,stock_movement_audits,table,7,audited_by,text,text,YES,,,
commercial,stock_movement_audits,table,8,note,text,text,YES,,,
commercial,stock_movement_audits,table,9,created_at,timestamp with time zone,timestamptz,NO,now(),,
commercial,stock_movement_audits,table,10,updated_at,timestamp with time zone,timestamptz,NO,now(),,
commercial,stock_movements,table,1,id,uuid,uuid,NO,gen_random_uuid(),,
commercial,stock_movements,table,2,tenant_id,uuid,uuid,NO,,,1
commercial,stock_movements,table,3,warehouse_id,uuid,uuid,NO,,,
commercial,stock_movements,table,4,product_id,uuid,uuid,NO,,,
commercial,stock_movements,table,5,movement_type,character varying,varchar,NO,,20,
commercial,stock_movements,table,6,quantity,numeric,numeric,NO,,,
commercial,stock_movements,table,7,quantity_before,numeric,numeric,YES,,,
commercial,stock_movements,table,8,quantity_after,numeric,numeric,YES,,,
commercial,stock_movements,table,9,reference_type,character varying,varchar,YES,,50,
commercial,stock_movements,table,10,reference_id,uuid,uuid,YES,,,
commercial,stock_movements,table,11,notes,text,text,YES,,,
commercial,stock_movements,table,12,created_at,timestamp with time zone,timestamptz,NO,CURRENT_TIMESTAMP,,
commercial,stock_movements,table,13,created_by,uuid,uuid,YES,,,
commercial,stock_movements,table,14,reason_code,character varying,varchar,YES,,30,
commercial,stock_reservation_lines,table,1,id,uuid,uuid,NO,gen_random_uuid(),,
commercial,stock_reservation_lines,table,2,tenant_id,uuid,uuid,NO,,,1
commercial,stock_reservation_lines,table,3,reservation_id,uuid,uuid,NO,,,
commercial,stock_reservation_lines,table,4,product_id,uuid,uuid,NO,,,
commercial,stock_reservation_lines,table,5,warehouse_id,uuid,uuid,NO,,,
commercial,stock_reservation_lines,table,6,quantity,numeric,numeric,NO,,,
commercial,stock_reservation_lines,table,7,unit_price,numeric,numeric,NO,'0'::numeric,,
commercial,stock_reservation_lines,table,8,line_total,numeric,numeric,NO,'0'::numeric,,
commercial,stock_reservation_lines,table,9,created_at,timestamp with time zone,timestamptz,NO,CURRENT_TIMESTAMP,,
commercial,stock_reservations,table,1,id,uuid,uuid,NO,gen_random_uuid(),,
commercial,stock_reservations,table,2,tenant_id,uuid,uuid,NO,,,1
commercial,stock_reservations,table,3,folio,text,text,NO,,,
commercial,stock_reservations,table,4,phone,text,text,NO,,,
commercial,stock_reservations,table,5,customer_id,uuid,uuid,YES,,,
commercial,stock_reservations,table,6,warehouse_id,uuid,uuid,NO,,,
commercial,stock_reservations,table,7,reserved_at,timestamp with time zone,timestamptz,NO,CURRENT_TIMESTAMP,,
commercial,stock_reservations,table,8,expires_at,timestamp with time zone,timestamptz,NO,,,
commercial,stock_reservations,table,9,released_at,timestamp with time zone,timestamptz,YES,,,
commercial,stock_reservations,table,10,released_reason,text,text,YES,,,
commercial,stock_reservations,table,11,total,numeric,numeric,NO,'0'::numeric,,
commercial,stock_reservations,table,12,notes,text,text,YES,,,
commercial,stock_reservations,table,13,created_by,uuid,uuid,YES,,,
commercial,stock_reservations,table,14,created_at,timestamp with time zone,timestamptz,NO,CURRENT_TIMESTAMP,,
commercial,stock_reservations,table,15,updated_at,timestamp with time zone,timestamptz,NO,CURRENT_TIMESTAMP,,
commercial,supervisor_actions,table,1,id,uuid,uuid,NO,gen_random_uuid(),,
commercial,supervisor_actions,table,2,tenant_id,uuid,uuid,NO,,,1
commercial,supervisor_actions,table,3,finding_id,uuid,uuid,YES,,,
commercial,supervisor_actions,table,4,dedup_key,character varying,varchar,NO,,200,
commercial,supervisor_actions,table,5,action_type,character varying,varchar,NO,,40,
commercial,supervisor_actions,table,6,subject_type,character varying,varchar,NO,,20,
commercial,supervisor_actions,table,7,subject_id,uuid,uuid,NO,,,
commercial,supervisor_actions,table,8,label,character varying,varchar,YES,,160,
commercial,supervisor_actions,table,9,title,character varying,varchar,NO,,300,
commercial,supervisor_actions,table,10,payload,jsonb,jsonb,NO,'{}'::jsonb,,
commercial,supervisor_actions,table,11,proposed_by,character varying,varchar,NO,'horus'::character varying,20,
commercial,supervisor_actions,table,12,status,character varying,varchar,NO,'pending_approval'::character varying,20,
commercial,supervisor_actions,table,13,result,jsonb,jsonb,YES,,,
commercial,supervisor_actions,table,14,approved_by,uuid,uuid,YES,,,
commercial,supervisor_actions,table,15,approved_at,timestamp with time zone,timestamptz,YES,,,
commercial,supervisor_actions,table,16,executed_at,timestamp with time zone,timestamptz,YES,,,
commercial,supervisor_actions,table,17,created_at,timestamp with time zone,timestamptz,NO,CURRENT_TIMESTAMP,,
commercial,supervisor_actions,table,18,updated_at,timestamp with time zone,timestamptz,NO,CURRENT_TIMESTAMP,,
commercial,supervisor_actions,table,19,kind,character varying,varchar,NO,'finding'::character varying,20,
commercial,supervisor_actions,table,20,rationale,text,text,YES,,,
commercial,supervisor_actions,table,21,confidence,numeric,numeric,YES,,,
commercial,supervisor_actions,table,22,priority,numeric,numeric,YES,,,
commercial,supervisor_actions,table,23,expected_impact,jsonb,jsonb,YES,,,
commercial,supervisor_actions,table,24,diagnosis_id,uuid,uuid,YES,,,
commercial,supervisor_actions,table,25,root_cause,character varying,varchar,YES,,40,
commercial,supervisor_actions,table,26,outcome_status,character varying,varchar,NO,'pending'::character varying,20,
commercial,supervisor_actions,table,27,outcome_verdict,character varying,varchar,YES,,20,
commercial,supervisor_actions,table,28,outcome_delta,numeric,numeric,YES,,,
commercial,supervisor_actions,table,29,outcome_detail,jsonb,jsonb,YES,,,
commercial,supervisor_actions,table,30,outcome_measured_at,timestamp with time zone,timestamptz,YES,,,
commercial,supervisor_diagnoses,table,1,id,uuid,uuid,NO,gen_random_uuid(),,
commercial,supervisor_diagnoses,table,2,tenant_id,uuid,uuid,NO,,,1
commercial,supervisor_diagnoses,table,3,dedup_key,character varying,varchar,NO,,200,
commercial,supervisor_diagnoses,table,4,root_cause,character varying,varchar,NO,,40,
commercial,supervisor_diagnoses,table,5,severity,character varying,varchar,NO,'warn'::character varying,10,
commercial,supervisor_diagnoses,table,6,subject_type,character varying,varchar,NO,,20,
commercial,supervisor_diagnoses,table,7,subject_id,uuid,uuid,NO,,,
commercial,supervisor_diagnoses,table,8,label,character varying,varchar,YES,,160,
commercial,supervisor_diagnoses,table,9,finding_ids,jsonb,jsonb,NO,'[]'::jsonb,,
commercial,supervisor_diagnoses,table,10,finding_types,jsonb,jsonb,NO,'[]'::jsonb,,
commercial,supervisor_diagnoses,table,11,confidence,numeric,numeric,YES,,,
commercial,supervisor_diagnoses,table,12,summary,text,text,YES,,,
commercial,supervisor_diagnoses,table,13,evidence,jsonb,jsonb,NO,'{}'::jsonb,,
commercial,supervisor_diagnoses,table,14,status,character varying,varchar,NO,'open'::character varying,15,
commercial,supervisor_diagnoses,table,15,reviewed_by,uuid,uuid,YES,,,
commercial,supervisor_diagnoses,table,16,reviewed_at,timestamp with time zone,timestamptz,YES,,,
commercial,supervisor_diagnoses,table,17,created_at,timestamp with time zone,timestamptz,NO,CURRENT_TIMESTAMP,,
commercial,supervisor_diagnoses,table,18,updated_at,timestamp with time zone,timestamptz,NO,CURRENT_TIMESTAMP,,
commercial,supervisor_findings,table,1,id,uuid,uuid,NO,gen_random_uuid(),,
commercial,supervisor_findings,table,2,tenant_id,uuid,uuid,NO,,,1
commercial,supervisor_findings,table,3,dedup_key,character varying,varchar,NO,,200,
commercial,supervisor_findings,table,4,finding_type,character varying,varchar,NO,,40,
commercial,supervisor_findings,table,5,severity,character varying,varchar,NO,'warn'::character varying,10,
commercial,supervisor_findings,table,6,subject_type,character varying,varchar,NO,,20,
commercial,supervisor_findings,table,7,subject_id,uuid,uuid,NO,,,
commercial,supervisor_findings,table,8,label,character varying,varchar,YES,,160,
commercial,supervisor_findings,table,9,capture_id,uuid,uuid,YES,,,
commercial,supervisor_findings,table,10,score,numeric,numeric,YES,,,
commercial,supervisor_findings,table,11,evidence,jsonb,jsonb,NO,'{}'::jsonb,,
commercial,supervisor_findings,table,12,explanation,text,text,YES,,,
commercial,supervisor_findings,table,13,source,character varying,varchar,NO,'engine'::character varying,20,
commercial,supervisor_findings,table,14,status,character varying,varchar,NO,'open'::character varying,15,
commercial,supervisor_findings,table,15,reviewed_by,uuid,uuid,YES,,,
commercial,supervisor_findings,table,16,reviewed_at,timestamp with time zone,timestamptz,YES,,,
commercial,supervisor_findings,table,17,created_at,timestamp with time zone,timestamptz,NO,CURRENT_TIMESTAMP,,
commercial,supervisor_findings,table,18,updated_at,timestamp with time zone,timestamptz,NO,CURRENT_TIMESTAMP,,
commercial,supervisor_tasks,table,1,id,uuid,uuid,NO,gen_random_uuid(),,
commercial,supervisor_tasks,table,2,tenant_id,uuid,uuid,NO,,,1
commercial,supervisor_tasks,table,3,action_id,uuid,uuid,YES,,,
commercial,supervisor_tasks,table,4,task_type,character varying,varchar,NO,,20,
commercial,supervisor_tasks,table,5,assigned_to_user,uuid,uuid,YES,,,
commercial,supervisor_tasks,table,6,store_id,uuid,uuid,YES,,,
commercial,supervisor_tasks,table,7,route_id,uuid,uuid,YES,,,
commercial,supervisor_tasks,table,8,due_date,date,date,YES,,,
commercial,supervisor_tasks,table,9,title,character varying,varchar,NO,,300,
commercial,supervisor_tasks,table,10,details,jsonb,jsonb,NO,'{}'::jsonb,,
commercial,supervisor_tasks,table,11,status,character varying,varchar,NO,'pending'::character varying,20,
commercial,supervisor_tasks,table,12,done_at,timestamp with time zone,timestamptz,YES,,,
commercial,supervisor_tasks,table,13,created_at,timestamp with time zone,timestamptz,NO,CURRENT_TIMESTAMP,,
commercial,supervisor_tasks,table,14,created_by,uuid,uuid,YES,,,
commercial,supervisor_tasks,table,15,updated_at,timestamp with time zone,timestamptz,NO,CURRENT_TIMESTAMP,,
commercial,supervisor_tasks,table,16,deleted_at,timestamp with time zone,timestamptz,YES,,,
commercial,supplier_discount_policy,table,1,tenant_id,uuid,uuid,NO,,,1
commercial,supplier_discount_policy,table,2,proveedor_code,text,text,NO,,,
commercial,supplier_discount_policy,table,3,proveedor_nombre,text,text,YES,,,
commercial,supplier_discount_policy,table,4,expected_discount_rate,numeric,numeric,NO,0,,
commercial,supplier_discount_policy,table,5,discount_days,integer,int4,YES,,,
commercial,supplier_discount_policy,table,6,discount_type,text,text,NO,'pronto_pago'::text,,
commercial,supplier_discount_policy,table,7,source,text,text,NO,'manual'::text,,
commercial,supplier_discount_policy,table,8,notes,text,text,YES,,,
commercial,supplier_discount_policy,table,9,active,boolean,bool,NO,true,,
commercial,supplier_discount_policy,table,10,created_by,text,text,YES,,,
commercial,supplier_discount_policy,table,11,updated_by,text,text,YES,,,
commercial,supplier_discount_policy,table,12,created_at,timestamp with time zone,timestamptz,NO,now(),,
commercial,supplier_discount_policy,table,13,updated_at,timestamp with time zone,timestamptz,NO,now(),,
commercial,supplier_item_aliases,table,1,id,uuid,uuid,NO,gen_random_uuid(),,
commercial,supplier_item_aliases,table,2,tenant_id,uuid,uuid,NO,,,1
commercial,supplier_item_aliases,table,3,proveedor_rfc,text,text,NO,,,
commercial,supplier_item_aliases,table,4,proveedor_nombre,text,text,YES,,,
commercial,supplier_item_aliases,table,5,descripcion_norm,text,text,NO,,,
commercial,supplier_item_aliases,table,6,descripcion_raw,text,text,YES,,,
commercial,supplier_item_aliases,table,7,sku,text,text,NO,,,
commercial,supplier_item_aliases,table,8,nombre_interno,text,text,YES,,,
commercial,supplier_item_aliases,table,9,unidad_proveedor,text,text,YES,,,
commercial,supplier_item_aliases,table,10,box_factor,numeric,numeric,YES,,,
commercial,supplier_item_aliases,table,11,veces_confirmado,integer,int4,NO,1,,
commercial,supplier_item_aliases,table,12,confianza,numeric,numeric,NO,0.5,,
commercial,supplier_item_aliases,table,13,last_seen,timestamp with time zone,timestamptz,NO,now(),,
commercial,supplier_item_aliases,table,14,created_at,timestamp with time zone,timestamptz,NO,now(),,
commercial,supplier_item_aliases,table,15,created_by,uuid,uuid,YES,,,
commercial,supplier_item_aliases,table,16,updated_at,timestamp with time zone,timestamptz,NO,now(),,
commercial,supplier_item_aliases,table,17,updated_by,uuid,uuid,YES,,,
commercial,supplier_item_aliases,table,18,deleted_at,timestamp with time zone,timestamptz,YES,,,
commercial,thot_chat_examples,table,1,tenant_id,uuid,uuid,NO,,,1
commercial,thot_chat_examples,table,2,id,uuid,uuid,NO,gen_random_uuid(),,
commercial,thot_chat_examples,table,3,profile,character varying,varchar,NO,'admin'::character varying,12,
commercial,thot_chat_examples,table,4,question,text,text,NO,,,
commercial,thot_chat_examples,table,5,answer,text,text,YES,,,
commercial,thot_chat_examples,table,6,tools,jsonb,jsonb,NO,'[]'::jsonb,,
commercial,thot_chat_examples,table,7,note,text,text,YES,,,
commercial,thot_chat_examples,table,8,enabled,boolean,bool,NO,true,,
commercial,thot_chat_examples,table,9,created_by,uuid,uuid,YES,,,
commercial,thot_chat_examples,table,10,created_at,timestamp with time zone,timestamptz,NO,CURRENT_TIMESTAMP,,
commercial,thot_chat_log,table,1,tenant_id,uuid,uuid,NO,,,1
commercial,thot_chat_log,table,2,id,uuid,uuid,NO,gen_random_uuid(),,
commercial,thot_chat_log,table,3,user_id,uuid,uuid,YES,,,
commercial,thot_chat_log,table,4,user_name,character varying,varchar,YES,,255,
commercial,thot_chat_log,table,5,question,text,text,NO,,,
commercial,thot_chat_log,table,6,answer,text,text,YES,,,
commercial,thot_chat_log,table,7,tools_used,jsonb,jsonb,NO,'[]'::jsonb,,
commercial,thot_chat_log,table,8,iterations,integer,int4,YES,0,,
commercial,thot_chat_log,table,9,source,character varying,varchar,YES,,20,
commercial,thot_chat_log,table,10,created_at,timestamp with time zone,timestamptz,NO,CURRENT_TIMESTAMP,,
commercial,thot_chat_log,table,11,feedback,smallint,int2,NO,'0'::smallint,,
commercial,thot_chat_log,table,12,promoted,boolean,bool,NO,false,,
commercial,thot_notes,table,1,tenant_id,uuid,uuid,NO,,,1
commercial,thot_notes,table,2,id,uuid,uuid,NO,gen_random_uuid(),,
commercial,thot_notes,table,3,title,text,text,NO,,,
commercial,thot_notes,table,4,body,text,text,NO,,,
commercial,thot_notes,table,5,created_by,character varying,varchar,YES,,255,
commercial,thot_notes,table,6,pinned,boolean,bool,NO,false,,
commercial,thot_notes,table,7,created_at,timestamp with time zone,timestamptz,NO,CURRENT_TIMESTAMP,,
commercial,thot_notes,table,8,updated_at,timestamp with time zone,timestamptz,NO,CURRENT_TIMESTAMP,,
commercial,trust_thresholds,table,1,tenant_id,uuid,uuid,NO,,,1
commercial,trust_thresholds,table,2,min_observations,integer,int4,NO,3,,
commercial,trust_thresholds,table,3,block_fail_rate,numeric,numeric,NO,0.5,,
commercial,trust_thresholds,table,4,deposit_fail_rate,numeric,numeric,NO,0.25,,
commercial,trust_thresholds,table,5,block_fail_count,integer,int4,NO,2,,
commercial,trust_thresholds,table,6,deposit_cancel_rate,numeric,numeric,NO,0.5,,
commercial,trust_thresholds,table,7,deposit_playing_convos,integer,int4,NO,6,,
commercial,trust_thresholds,table,8,deposit_min_balance,numeric,numeric,NO,0.01,,
commercial,trust_thresholds,table,9,updated_at,timestamp with time zone,timestamptz,NO,CURRENT_TIMESTAMP,,
commercial,vendor_sale_lines,table,1,id,uuid,uuid,NO,gen_random_uuid(),,
commercial,vendor_sale_lines,table,2,tenant_id,uuid,uuid,NO,,,1
commercial,vendor_sale_lines,table,3,capture_ref,uuid,uuid,NO,,,
commercial,vendor_sale_lines,table,4,vendor_user_id,uuid,uuid,NO,,,
commercial,vendor_sale_lines,table,5,store_id,uuid,uuid,YES,,,
commercial,vendor_sale_lines,table,6,sale_date,date,date,NO,,,
commercial,vendor_sale_lines,table,7,product_id,uuid,uuid,YES,,,
commercial,vendor_sale_lines,table,8,product_name,text,text,YES,,,
commercial,vendor_sale_lines,table,9,quantity,numeric,numeric,NO,,,
commercial,vendor_sale_lines,table,10,confidence,character varying,varchar,YES,,20,
commercial,vendor_sale_lines,table,11,ticket_photo_url,text,text,YES,,,
commercial,vendor_sale_lines,table,12,ticket_cloudinary_public_id,character varying,varchar,YES,,255,
commercial,vendor_sale_lines,table,13,daily_capture_id,uuid,uuid,YES,,,
commercial,vendor_sale_lines,table,14,sync_uuid,uuid,uuid,YES,,,
commercial,vendor_sale_lines,table,15,created_at,timestamp with time zone,timestamptz,NO,CURRENT_TIMESTAMP,,
commercial,vendor_sale_lines,table,16,created_by,uuid,uuid,YES,,,
commercial,vendor_sale_lines,table,17,updated_at,timestamp with time zone,timestamptz,NO,CURRENT_TIMESTAMP,,
commercial,vendor_sale_lines,table,18,updated_by,uuid,uuid,YES,,,
commercial,vendor_sale_lines,table,19,deleted_at,timestamp with time zone,timestamptz,YES,,,
commercial,vendor_sale_lines,table,20,deleted_by,uuid,uuid,YES,,,
commercial,vendor_sale_lines,table,21,activo,boolean,bool,YES,,,
commercial,vendor_sale_lines,table,23,sku,character varying,varchar,YES,,20,
commercial,vendor_sale_lines,table,24,customer_id,uuid,uuid,YES,,,
commercial,vendor_sale_lines,table,25,route_id,uuid,uuid,YES,,,
commercial,vendor_sales_routes,table,1,id,uuid,uuid,NO,gen_random_uuid(),,
commercial,vendor_sales_routes,table,2,tenant_id,uuid,uuid,NO,,,1
commercial,vendor_sales_routes,table,3,user_id,uuid,uuid,NO,,,
commercial,vendor_sales_routes,table,4,sales_route,character varying,varchar,NO,,50,
commercial,vendor_sales_routes,table,5,created_at,timestamp with time zone,timestamptz,NO,CURRENT_TIMESTAMP,,
commercial,vendor_sales_routes,table,6,created_by,uuid,uuid,YES,,,
commercial,vendor_visits,table,1,id,uuid,uuid,NO,gen_random_uuid(),,
commercial,vendor_visits,table,2,tenant_id,uuid,uuid,NO,,,1
commercial,vendor_visits,table,3,user_id,uuid,uuid,NO,,,
commercial,vendor_visits,table,4,customer_id,uuid,uuid,NO,,,
commercial,vendor_visits,table,5,visited_at,timestamp with time zone,timestamptz,NO,CURRENT_TIMESTAMP,,
commercial,vendor_visits,table,6,notes,text,text,YES,,,
commercial,vendor_visits,table,7,latitude,numeric,numeric,YES,,,
commercial,vendor_visits,table,8,longitude,numeric,numeric,YES,,,
commercial,vendor_visits,table,9,created_at,timestamp with time zone,timestamptz,NO,CURRENT_TIMESTAMP,,
commercial,vendor_visits,table,10,ended_at,timestamp with time zone,timestamptz,YES,,,
commercial,vendor_visits,table,11,had_order,boolean,bool,NO,false,,
commercial,vendor_visits,table,12,had_ticket,boolean,bool,NO,false,,
commercial,vendor_visits,table,13,no_sale_reason,character varying,varchar,YES,,40,
commercial,warehouse_aisles,table,1,id,uuid,uuid,NO,gen_random_uuid(),,
commercial,warehouse_aisles,table,2,tenant_id,uuid,uuid,NO,,,1
commercial,warehouse_aisles,table,3,warehouse_id,uuid,uuid,NO,,,
commercial,warehouse_aisles,table,4,code,character varying,varchar,NO,,40,
commercial,warehouse_aisles,table,5,name,character varying,varchar,YES,,120,
commercial,warehouse_aisles,table,6,grid_row,integer,int4,NO,0,,
commercial,warehouse_aisles,table,7,grid_col,integer,int4,NO,0,,
commercial,warehouse_aisles,table,8,span_rows,integer,int4,NO,1,,
commercial,warehouse_aisles,table,9,span_cols,integer,int4,NO,1,,
commercial,warehouse_aisles,table,10,active,boolean,bool,NO,true,,
commercial,warehouse_aisles,table,11,created_at,timestamp with time zone,timestamptz,NO,CURRENT_TIMESTAMP,,
commercial,warehouse_aisles,table,12,updated_at,timestamp with time zone,timestamptz,NO,CURRENT_TIMESTAMP,,
commercial,warehouse_aisles,table,13,updated_by,uuid,uuid,YES,,,
commercial,warehouse_bins,table,1,id,uuid,uuid,NO,gen_random_uuid(),,
commercial,warehouse_bins,table,2,tenant_id,uuid,uuid,NO,,,1
commercial,warehouse_bins,table,3,warehouse_id,uuid,uuid,NO,,,
commercial,warehouse_bins,table,4,aisle_id,uuid,uuid,YES,,,
commercial,warehouse_bins,table,5,code,character varying,varchar,NO,,40,
commercial,warehouse_bins,table,6,label,character varying,varchar,YES,,120,
commercial,warehouse_bins,table,7,active,boolean,bool,NO,true,,
commercial,warehouse_bins,table,8,created_at,timestamp with time zone,timestamptz,NO,CURRENT_TIMESTAMP,,
commercial,warehouse_bins,table,9,updated_at,timestamp with time zone,timestamptz,NO,CURRENT_TIMESTAMP,,
commercial,warehouse_bins,table,10,updated_by,uuid,uuid,YES,,,
commercial,warehouses,table,1,id,uuid,uuid,NO,gen_random_uuid(),,
commercial,warehouses,table,2,tenant_id,uuid,uuid,NO,,,1
commercial,warehouses,table,3,code,character varying,varchar,NO,,50,
commercial,warehouses,table,4,name,character varying,varchar,NO,,200,
commercial,warehouses,table,5,address,text,text,YES,,,
commercial,warehouses,table,6,is_default,boolean,bool,NO,false,,
commercial,warehouses,table,7,active,boolean,bool,NO,true,,
commercial,warehouses,table,8,created_at,timestamp with time zone,timestamptz,NO,CURRENT_TIMESTAMP,,
commercial,warehouses,table,9,created_by,uuid,uuid,YES,,,
commercial,warehouses,table,10,updated_at,timestamp with time zone,timestamptz,NO,CURRENT_TIMESTAMP,,
commercial,warehouses,table,11,updated_by,uuid,uuid,YES,,,
commercial,warehouses,table,12,deleted_at,timestamp with time zone,timestamptz,YES,,,
commercial,warehouses,table,13,deleted_by,uuid,uuid,YES,,,
commercial,warehouses,table,14,kind,character varying,varchar,NO,'central'::character varying,20,
commercial,warehouses,table,15,owner_user_id,uuid,uuid,YES,,,
commercial,warehouses,table,16,fiscal_address,jsonb,jsonb,YES,,,
commercial,warehouses,table,17,latitude,numeric,numeric,YES,,,
commercial,warehouses,table,18,longitude,numeric,numeric,YES,,,
commercial,warehouses,table,19,source_warehouse_id,uuid,uuid,YES,,,
commercial,warehouses,table,20,kepler_code,text,text,YES,,,
commercial,warehouses,table,21,wincaja_source_branch,text,text,YES,,,
commercial,warehouses,table,22,sells_to_public,boolean,bool,YES,,,
commercial,warehouses,table,23,zone_id,uuid,uuid,YES,,,
commercial,warehouses,table,24,display_order,smallint,int2,YES,,,
commercial,warehouses,table,25,short_label,text,text,YES,,,
commercial,warehouses,table,26,purchase_zone,text,text,YES,,,
commercial,warehouses,table,27,is_purchase_hub,boolean,bool,NO,false,,
erp,staff,table,1,id,uuid,uuid,NO,gen_random_uuid(),,
erp,staff,table,2,tenant_id,uuid,uuid,NO,,,1
erp,staff,table,3,code,character varying,varchar,NO,,20,
erp,staff,table,4,name,character varying,varchar,NO,,100,
erp,staff,table,5,user_id,uuid,uuid,YES,,,
erp,staff,table,6,activo,boolean,bool,NO,true,,
erp,staff,table,7,created_at,timestamp with time zone,timestamptz,NO,CURRENT_TIMESTAMP,,
erp,staff,table,8,updated_at,timestamp with time zone,timestamptz,NO,CURRENT_TIMESTAMP,,
finance,bank_accounts,table,1,id,uuid,uuid,NO,gen_random_uuid(),,
finance,bank_accounts,table,2,tenant_id,uuid,uuid,NO,,,1
finance,bank_accounts,table,3,bank,text,text,NO,,,
finance,bank_accounts,table,4,account_label,text,text,NO,,,
finance,bank_accounts,table,5,alias,text,text,YES,,,
finance,bank_accounts,table,6,kind,text,text,NO,'bank'::text,,
finance,bank_accounts,table,7,kepler_link,text,text,YES,,,
finance,bank_accounts,table,8,active,boolean,bool,NO,true,,
finance,bank_accounts,table,9,created_at,timestamp with time zone,timestamptz,NO,now(),,
finance,bank_accounts,table,10,updated_at,timestamp with time zone,timestamptz,NO,now(),,
finance,bank_accounts,table,11,contpaqi_cuenta,text,text,YES,,,
finance,bank_accounts,table,12,contpaqi_cuenta_nombre,text,text,YES,,,
finance,bank_capture_inbox,table,1,id,uuid,uuid,NO,gen_random_uuid(),,
finance,bank_capture_inbox,table,2,tenant_id,uuid,uuid,NO,,,1
finance,bank_capture_inbox,table,3,source,text,text,NO,'whatsapp'::text,,
finance,bank_capture_inbox,table,4,from_phone,text,text,NO,,,
finance,bank_capture_inbox,table,5,sender_id,uuid,uuid,YES,,,
finance,bank_capture_inbox,table,6,wa_message_id,text,text,YES,,,
finance,bank_capture_inbox,table,7,files,jsonb,jsonb,NO,'[]'::jsonb,,
finance,bank_capture_inbox,table,8,ocr_monto,numeric,numeric,YES,,,
finance,bank_capture_inbox,table,9,ocr_fecha,date,date,YES,,,
finance,bank_capture_inbox,table,10,ocr_banco,text,text,YES,,,
finance,bank_capture_inbox,table,11,ocr_cuenta_dest,text,text,YES,,,
finance,bank_capture_inbox,table,12,ocr_referencia,text,text,YES,,,
finance,bank_capture_inbox,table,13,ocr_ordenante,text,text,YES,,,
finance,bank_capture_inbox,table,14,ocr_metodo,text,text,YES,,,
finance,bank_capture_inbox,table,15,ocr_raw,jsonb,jsonb,YES,,,
finance,bank_capture_inbox,table,16,ocr_status,text,text,NO,'pendiente'::text,,
finance,bank_capture_inbox,table,17,bank_account_id,uuid,uuid,YES,,,
finance,bank_capture_inbox,table,18,sucursal,text,text,YES,,,
finance,bank_capture_inbox,table,19,concept,text,text,YES,,,
finance,bank_capture_inbox,table,20,amount_in,numeric,numeric,NO,0,,
finance,bank_capture_inbox,table,21,amount_out,numeric,numeric,NO,0,,
finance,bank_capture_inbox,table,22,movement_date,date,date,YES,,,
finance,bank_capture_inbox,table,23,status,text,text,NO,'pendiente_confirmacion'::text,,
finance,bank_capture_inbox,table,24,bank_movement_id,uuid,uuid,YES,,,
finance,bank_capture_inbox,table,25,notified_at,timestamp with time zone,timestamptz,YES,,,
finance,bank_capture_inbox,table,26,comentarios,text,text,YES,,,
finance,bank_capture_inbox,table,27,validated_by,text,text,YES,,,
finance,bank_capture_inbox,table,28,validated_at,timestamp with time zone,timestamptz,YES,,,
finance,bank_capture_inbox,table,29,motivo_rechazo,text,text,YES,,,
finance,bank_capture_inbox,table,30,created_at,timestamp with time zone,timestamptz,NO,now(),,
finance,bank_capture_inbox,table,31,updated_at,timestamp with time zone,timestamptz,NO,now(),,
finance,bank_capture_inbox,table,32,error_detail,text,text,YES,,,
finance,bank_capture_inbox,table,33,customer_code,text,text,YES,,,
finance,bank_capture_inbox,table,34,rfc,text,text,YES,,,
finance,bank_capture_senders,table,1,id,uuid,uuid,NO,gen_random_uuid(),,
finance,bank_capture_senders,table,2,tenant_id,uuid,uuid,NO,,,1
finance,bank_capture_senders,table,3,phone,text,text,NO,,,
finance,bank_capture_senders,table,4,full_name,text,text,NO,,,
finance,bank_capture_senders,table,5,sucursal,text,text,YES,,,
finance,bank_capture_senders,table,6,default_bank_account_id,uuid,uuid,YES,,,
finance,bank_capture_senders,table,7,active,boolean,bool,NO,true,,
finance,bank_capture_senders,table,8,created_by,text,text,YES,,,
finance,bank_capture_senders,table,9,created_at,timestamp with time zone,timestamptz,NO,now(),,
finance,bank_capture_senders,table,10,updated_at,timestamp with time zone,timestamptz,NO,now(),,
finance,bank_capture_senders,table,11,customer_code,text,text,YES,,,
finance,bank_capture_senders,table,12,rfc,text,text,YES,,,
finance,bank_classify_rules,table,1,id,uuid,uuid,NO,gen_random_uuid(),,
finance,bank_classify_rules,table,2,tenant_id,uuid,uuid,NO,,,1
finance,bank_classify_rules,table,3,priority,integer,int4,NO,,,
finance,bank_classify_rules,table,4,match_type,text,text,YES,,,
finance,bank_classify_rules,table,5,match_code,text,text,YES,,,
finance,bank_classify_rules,table,6,match_concept,text,text,YES,,,
finance,bank_classify_rules,table,7,category_code,text,text,NO,,,
finance,bank_classify_rules,table,8,note,text,text,YES,,,
finance,bank_classify_rules,table,9,active,boolean,bool,NO,true,,
finance,bank_classify_rules,table,10,created_at,timestamp with time zone,timestamptz,NO,now(),,
finance,bank_classify_rules,table,11,updated_at,timestamp with time zone,timestamptz,NO,now(),,
finance,bank_concentrado_ref,table,1,tenant_id,uuid,uuid,NO,,,1
finance,bank_concentrado_ref,table,2,period,text,text,NO,,,
finance,bank_concentrado_ref,table,3,bank,text,text,NO,,,
finance,bank_concentrado_ref,table,4,cuenta,text,text,NO,,,
finance,bank_concentrado_ref,table,5,account_key,text,text,NO,,,
finance,bank_concentrado_ref,table,6,tipo,text,text,NO,,,
finance,bank_concentrado_ref,table,7,monto,numeric,numeric,NO,0,,
finance,bank_concentrado_ref,table,8,source_file,text,text,YES,,,
finance,bank_concentrado_ref,table,9,imported_at,timestamp with time zone,timestamptz,NO,now(),,
finance,bank_movements,table,1,id,uuid,uuid,NO,gen_random_uuid(),,
finance,bank_movements,table,2,tenant_id,uuid,uuid,NO,,,1
finance,bank_movements,table,3,statement_id,uuid,uuid,NO,,,
finance,bank_movements,table,4,bank_account_id,uuid,uuid,NO,,,
finance,bank_movements,table,5,movement_date,date,date,NO,,,
finance,bank_movements,table,6,category_id,uuid,uuid,YES,,,
finance,bank_movements,table,7,raw_type,text,text,YES,,,
finance,bank_movements,table,8,raw_code,text,text,YES,,,
finance,bank_movements,table,9,sucursal,text,text,YES,,,
finance,bank_movements,table,10,concept,text,text,YES,,,
finance,bank_movements,table,11,amount_in,numeric,numeric,NO,0,,
finance,bank_movements,table,12,amount_out,numeric,numeric,NO,0,,
finance,bank_movements,table,13,running_balance,numeric,numeric,YES,,,
finance,bank_movements,table,14,recon_status,text,text,NO,'pending'::text,,
finance,bank_movements,table,15,client_uuid,text,text,NO,,,
finance,bank_movements,table,16,source_file,text,text,YES,,,
finance,bank_movements,table,17,created_at,timestamp with time zone,timestamptz,NO,now(),,
finance,bank_movements,table,18,updated_at,timestamp with time zone,timestamptz,NO,now(),,
finance,bank_movements,table,19,classified_by,text,text,NO,'rule'::text,,
finance,bank_movements,table,20,sync_source,text,text,NO,'upload'::text,,
finance,bank_movements,table,21,deleted_at,timestamp with time zone,timestamptz,YES,,,
finance,bank_recon_matches,table,1,id,uuid,uuid,NO,gen_random_uuid(),,
finance,bank_recon_matches,table,2,tenant_id,uuid,uuid,NO,,,1
finance,bank_recon_matches,table,3,bank_movement_id,uuid,uuid,NO,,,
finance,bank_recon_matches,table,4,kepler_sucursal,text,text,YES,,,
finance,bank_recon_matches,table,5,kepler_doc_tipo,text,text,YES,,,
finance,bank_recon_matches,table,6,kepler_doc_folio,text,text,YES,,,
finance,bank_recon_matches,table,7,kepler_cuenta,text,text,YES,,,
finance,bank_recon_matches,table,8,kepler_amount,numeric,numeric,YES,,,
finance,bank_recon_matches,table,9,match_type,text,text,NO,'manual'::text,,
finance,bank_recon_matches,table,10,match_confidence,numeric,numeric,YES,,,
finance,bank_recon_matches,table,11,matched_by,text,text,YES,,,
finance,bank_recon_matches,table,12,created_at,timestamp with time zone,timestamptz,NO,now(),,
finance,bank_statements,table,1,id,uuid,uuid,NO,gen_random_uuid(),,
finance,bank_statements,table,2,tenant_id,uuid,uuid,NO,,,1
finance,bank_statements,table,3,bank_account_id,uuid,uuid,NO,,,
finance,bank_statements,table,4,period,text,text,NO,,,
finance,bank_statements,table,5,opening_balance,numeric,numeric,NO,0,,
finance,bank_statements,table,6,closing_balance,numeric,numeric,NO,0,,
finance,bank_statements,table,7,total_in,numeric,numeric,NO,0,,
finance,bank_statements,table,8,total_out,numeric,numeric,NO,0,,
finance,bank_statements,table,9,source_file,text,text,YES,,,
finance,bank_statements,table,10,status,text,text,NO,'imported'::text,,
finance,bank_statements,table,11,imported_at,timestamp with time zone,timestamptz,YES,,,
finance,bank_statements,table,12,imported_by,text,text,YES,,,
finance,bank_statements,table,13,created_at,timestamp with time zone,timestamptz,NO,now(),,
finance,bank_statements,table,14,updated_at,timestamp with time zone,timestamptz,NO,now(),,
finance,baselines,table,1,tenant_id,uuid,uuid,NO,,,1
finance,baselines,table,2,scope,text,text,NO,,,
finance,baselines,table,3,key_text,text,text,NO,,,
finance,baselines,table,4,key,jsonb,jsonb,NO,,,
finance,baselines,table,5,stats,jsonb,jsonb,NO,,,
finance,baselines,table,6,computed_at,timestamp with time zone,timestamptz,NO,now(),,
finance,caja_bank_crosswalk,table,1,id,uuid,uuid,NO,gen_random_uuid(),,
finance,caja_bank_crosswalk,table,2,tenant_id,uuid,uuid,NO,,,1
finance,caja_bank_crosswalk,table,3,source_instance,text,text,NO,'SI'::text,,
finance,caja_bank_crosswalk,table,4,banco_code,text,text,NO,,,
finance,caja_bank_crosswalk,table,5,banco_name,text,text,YES,,,
finance,caja_bank_crosswalk,table,6,account_label,text,text,YES,,,
finance,caja_bank_crosswalk,table,7,match_count,integer,int4,YES,0,,
finance,caja_bank_crosswalk,table,8,source,text,text,NO,'manual'::text,,
finance,caja_bank_crosswalk,table,9,confirmed_by,text,text,YES,,,
finance,caja_bank_crosswalk,table,10,confirmed_at,timestamp with time zone,timestamptz,YES,,,
finance,caja_bank_crosswalk,table,11,created_at,timestamp with time zone,timestamptz,NO,now(),,
finance,caja_bank_crosswalk,table,12,updated_at,timestamp with time zone,timestamptz,NO,now(),,
finance,chat_messages,table,1,id,uuid,uuid,NO,gen_random_uuid(),,
finance,chat_messages,table,2,tenant_id,uuid,uuid,NO,,,1
finance,chat_messages,table,3,session_id,uuid,uuid,NO,,,
finance,chat_messages,table,4,role,text,text,NO,,,
finance,chat_messages,table,5,content,text,text,YES,,,
finance,chat_messages,table,6,tool_calls,jsonb,jsonb,YES,,,
finance,chat_messages,table,7,tokens_in,integer,int4,YES,,,
finance,chat_messages,table,8,tokens_out,integer,int4,YES,,,
finance,chat_messages,table,9,feedback,text,text,YES,,,
finance,chat_messages,table,10,created_at,timestamp with time zone,timestamptz,NO,now(),,
finance,chat_sessions,table,1,id,uuid,uuid,NO,gen_random_uuid(),,
finance,chat_sessions,table,2,tenant_id,uuid,uuid,NO,,,1
finance,chat_sessions,table,3,user_id,uuid,uuid,YES,,,
finance,chat_sessions,table,4,username,text,text,YES,,,
finance,chat_sessions,table,5,started_at,timestamp with time zone,timestamptz,NO,now(),,
finance,chat_sessions,table,6,last_at,timestamp with time zone,timestamptz,NO,now(),,
finance,chat_sessions,table,7,turns,integer,int4,NO,0,,
finance,collection_deposits,table,1,id,uuid,uuid,NO,gen_random_uuid(),,
finance,collection_deposits,table,2,tenant_id,uuid,uuid,NO,,,1
finance,collection_deposits,table,3,sucursal,text,text,NO,,,
finance,collection_deposits,table,4,folio,text,text,NO,,,
finance,collection_deposits,table,5,cliente_code,text,text,YES,,,
finance,collection_deposits,table,6,cliente_nombre,text,text,YES,,,
finance,collection_deposits,table,7,cobro_date,date,date,YES,,,
finance,collection_deposits,table,8,cobro_monto,numeric,numeric,YES,0,,
finance,collection_deposits,table,9,files,jsonb,jsonb,NO,'[]'::jsonb,,
finance,collection_deposits,table,10,ocr_monto,numeric,numeric,YES,,,
finance,collection_deposits,table,11,ocr_fecha,date,date,YES,,,
finance,collection_deposits,table,12,ocr_banco,text,text,YES,,,
finance,collection_deposits,table,13,ocr_cuenta_dest,text,text,YES,,,
finance,collection_deposits,table,14,ocr_referencia,text,text,YES,,,
finance,collection_deposits,table,15,ocr_ordenante,text,text,YES,,,
finance,collection_deposits,table,16,ocr_metodo,text,text,YES,,,
finance,collection_deposits,table,17,ocr_raw,jsonb,jsonb,YES,,,
finance,collection_deposits,table,18,ocr_status,text,text,NO,'pendiente'::text,,
finance,collection_deposits,table,19,monto_match,boolean,bool,YES,,,
finance,collection_deposits,table,20,status,text,text,NO,'recibido'::text,,
finance,collection_deposits,table,21,comentarios,text,text,YES,,,
finance,collection_deposits,table,22,validated_by,text,text,YES,,,
finance,collection_deposits,table,23,validated_at,timestamp with time zone,timestamptz,YES,,,
finance,collection_deposits,table,24,motivo_rechazo,text,text,YES,,,
finance,collection_deposits,table,25,created_by,text,text,YES,,,
finance,collection_deposits,table,26,created_at,timestamp with time zone,timestamptz,NO,now(),,
finance,collection_deposits,table,27,updated_at,timestamp with time zone,timestamptz,NO,now(),,
finance,collection_deposits,table,28,cuenta_propia,boolean,bool,YES,,,
finance,collection_deposits,table,29,ref_norm,text,text,YES,,,
finance,collection_promises,table,1,id,uuid,uuid,NO,gen_random_uuid(),,
finance,collection_promises,table,2,tenant_id,uuid,uuid,NO,,,1
finance,collection_promises,table,3,sucursal,text,text,NO,,,
finance,collection_promises,table,4,cliente_code,text,text,NO,,,
finance,collection_promises,table,5,cliente_nombre,text,text,YES,,,
finance,collection_promises,table,6,monto_prometido,numeric,numeric,NO,0,,
finance,collection_promises,table,7,fecha_promesa,date,date,NO,,,
finance,collection_promises,table,8,saldo_al_registrar,numeric,numeric,YES,,,
finance,collection_promises,table,9,estado,text,text,NO,'abierta'::text,,
finance,collection_promises,table,10,nota,text,text,YES,,,
finance,collection_promises,table,11,created_by,text,text,YES,,,
finance,collection_promises,table,12,created_at,timestamp with time zone,timestamptz,NO,now(),,
finance,collection_promises,table,13,resolved_by,text,text,YES,,,
finance,collection_promises,table,14,resolved_at,timestamp with time zone,timestamptz,YES,,,
finance,collection_promises,table,15,updated_at,timestamp with time zone,timestamptz,NO,now(),,
finance,detector_hypotheses,table,1,id,uuid,uuid,NO,gen_random_uuid(),,
finance,detector_hypotheses,table,2,tenant_id,uuid,uuid,NO,,,1
finance,detector_hypotheses,table,3,source,text,text,NO,'deterministic'::text,,
finance,detector_hypotheses,table,4,titulo,text,text,NO,,,
finance,detector_hypotheses,table,5,descripcion,text,text,NO,,,
finance,detector_hypotheses,table,6,clase,text,text,NO,,,
finance,detector_hypotheses,table,7,propuesta_rule_key,text,text,YES,,,
finance,detector_hypotheses,table,8,propuesta_params,jsonb,jsonb,YES,,,
finance,detector_hypotheses,table,9,evidencia,jsonb,jsonb,YES,,,
finance,detector_hypotheses,table,10,score,numeric,numeric,YES,,,
finance,detector_hypotheses,table,11,status,text,text,NO,'propuesta'::text,,
finance,detector_hypotheses,table,12,dedup_key,text,text,NO,,,
finance,detector_hypotheses,table,13,reviewed_by,text,text,YES,,,
finance,detector_hypotheses,table,14,reviewed_at,timestamp with time zone,timestamptz,YES,,,
finance,detector_hypotheses,table,15,created_at,timestamp with time zone,timestamptz,NO,now(),,
finance,detector_hypotheses,table,16,updated_at,timestamp with time zone,timestamptz,NO,now(),,
finance,expense_areas,table,1,id,uuid,uuid,NO,gen_random_uuid(),,
finance,expense_areas,table,2,tenant_id,uuid,uuid,NO,,,1
finance,expense_areas,table,3,name,text,text,NO,,,
finance,expense_areas,table,4,norm_key,text,text,YES,,,
finance,expense_areas,table,5,code,text,text,YES,,,
finance,expense_areas,table,6,sucursal,text,text,YES,,,
finance,expense_areas,table,7,active,boolean,bool,NO,true,,
finance,expense_areas,table,8,created_at,timestamp with time zone,timestamptz,NO,now(),,
finance,expense_areas,table,9,updated_at,timestamp with time zone,timestamptz,NO,now(),,
finance,expense_comprobaciones,table,1,id,uuid,uuid,NO,gen_random_uuid(),,
finance,expense_comprobaciones,table,2,tenant_id,uuid,uuid,NO,,,1
finance,expense_comprobaciones,table,3,solicitante,text,text,NO,,,
finance,expense_comprobaciones,table,4,departamento,text,text,NO,,,
finance,expense_comprobaciones,table,5,departamento_code,text,text,YES,,,
finance,expense_comprobaciones,table,6,sucursal,text,text,YES,,,
finance,expense_comprobaciones,table,7,folio_gasto,text,text,NO,,,
finance,expense_comprobaciones,table,8,folio_solicitud,text,text,YES,,,
finance,expense_comprobaciones,table,9,fecha_comprobacion,date,date,YES,,,
finance,expense_comprobaciones,table,10,folio_comprobacion,text,text,YES,,,
finance,expense_comprobaciones,table,11,proveedor,text,text,NO,,,
finance,expense_comprobaciones,table,12,importe,numeric,numeric,YES,0,,
finance,expense_comprobaciones,table,13,files,jsonb,jsonb,NO,'[]'::jsonb,,
finance,expense_comprobaciones,table,14,comentarios,text,text,YES,,,
finance,expense_comprobaciones,table,15,status,text,text,NO,'recibida'::text,,
finance,expense_comprobaciones,table,16,validated_by,text,text,YES,,,
finance,expense_comprobaciones,table,17,validated_at,timestamp with time zone,timestamptz,YES,,,
finance,expense_comprobaciones,table,18,motivo_rechazo,text,text,YES,,,
finance,expense_comprobaciones,table,19,created_by,text,text,YES,,,
finance,expense_comprobaciones,table,20,created_at,timestamp with time zone,timestamptz,NO,now(),,
finance,expense_comprobaciones,table,21,updated_at,timestamp with time zone,timestamptz,NO,now(),,
finance,expense_comprobaciones,table,22,monto_ocr,numeric,numeric,YES,,,
finance,expense_comprobaciones,table,23,monto_match,boolean,bool,YES,,,
finance,expense_comprobaciones,table,24,revision_nota,text,text,YES,,,
finance,expense_comprobaciones,table,25,area_id,uuid,uuid,YES,,,
finance,expense_comprobaciones,table,26,warehouse_id,uuid,uuid,YES,,,
finance,expense_proofs,table,1,id,uuid,uuid,NO,gen_random_uuid(),,
finance,expense_proofs,table,2,tenant_id,uuid,uuid,NO,,,1
finance,expense_proofs,table,3,solicitante,text,text,NO,,,
finance,expense_proofs,table,4,departamento,text,text,NO,,,
finance,expense_proofs,table,5,departamento_code,text,text,YES,,,
finance,expense_proofs,table,6,sucursal,text,text,YES,,,
finance,expense_proofs,table,7,fecha_gasto,date,date,YES,,,
finance,expense_proofs,table,8,folio_solicitud,text,text,NO,,,
finance,expense_proofs,table,9,proveedor,text,text,NO,,,
finance,expense_proofs,table,10,importe,numeric,numeric,YES,0,,
finance,expense_proofs,table,11,files,jsonb,jsonb,NO,'[]'::jsonb,,
finance,expense_proofs,table,12,comentarios,text,text,YES,,,
finance,expense_proofs,table,13,status,text,text,NO,'recibida'::text,,
finance,expense_proofs,table,14,validated_by,text,text,YES,,,
finance,expense_proofs,table,15,validated_at,timestamp with time zone,timestamptz,YES,,,
finance,expense_proofs,table,16,motivo_rechazo,text,text,YES,,,
finance,expense_proofs,table,17,created_by,text,text,YES,,,
finance,expense_proofs,table,18,created_at,timestamp with time zone,timestamptz,NO,now(),,
finance,expense_proofs,table,19,updated_at,timestamp with time zone,timestamptz,NO,now(),,
finance,expense_proofs,table,20,monto_ocr,numeric,numeric,YES,,,
finance,expense_proofs,table,21,monto_match,boolean,bool,YES,,,
finance,expense_proofs,table,22,revision_nota,text,text,YES,,,
finance,expense_proofs,table,23,tiene_comprobacion,boolean,bool,YES,,,
finance,expense_proofs,table,24,comprobacion_nota,text,text,YES,,,
finance,expense_proofs,table,25,clasificacion,text,text,YES,,,
finance,finding_features,table,1,tenant_id,uuid,uuid,NO,,,1
finance,finding_features,table,2,finding_id,uuid,uuid,NO,,,
finance,finding_features,table,3,rule_key,text,text,NO,,,
finance,finding_features,table,4,features,jsonb,jsonb,NO,,,
finance,finding_features,table,5,label,integer,int4,YES,,,
finance,finding_features,table,6,labeled_at,timestamp with time zone,timestamptz,YES,,,
finance,finding_features,table,7,importe,numeric,numeric,NO,0,,
finance,finding_features,table,8,model_score,numeric,numeric,YES,,,
finance,finding_features,table,9,created_at,timestamp with time zone,timestamptz,NO,now(),,
finance,finding_features,table,10,updated_at,timestamp with time zone,timestamptz,NO,now(),,
finance,finding_feedback,table,1,id,uuid,uuid,NO,gen_random_uuid(),,
finance,finding_feedback,table,2,tenant_id,uuid,uuid,NO,,,1
finance,finding_feedback,table,3,finding_id,uuid,uuid,NO,,,
finance,finding_feedback,table,4,verdict,text,text,NO,,,
finance,finding_feedback,table,5,nota,text,text,YES,,,
finance,finding_feedback,table,6,created_by,text,text,YES,,,
finance,finding_feedback,table,7,created_at,timestamp with time zone,timestamptz,NO,now(),,
finance,finding_model,table,1,tenant_id,uuid,uuid,NO,,,1
finance,finding_model,table,2,version,integer,int4,NO,,,
finance,finding_model,table,3,algo,text,text,NO,'logreg'::text,,
finance,finding_model,table,4,feature_names,jsonb,jsonb,NO,,,
finance,finding_model,table,5,coef,jsonb,jsonb,NO,,,
finance,finding_model,table,6,n_train,integer,int4,NO,0,,
finance,finding_model,table,7,n_pos,integer,int4,NO,0,,
finance,finding_model,table,8,metrics,jsonb,jsonb,YES,,,
finance,finding_model,table,9,notes,text,text,YES,,,
finance,finding_model,table,10,trained_at,timestamp with time zone,timestamptz,NO,now(),,
finance,findings,table,1,id,uuid,uuid,NO,gen_random_uuid(),,
finance,findings,table,2,tenant_id,uuid,uuid,NO,,,1
finance,findings,table,3,rule_key,text,text,NO,,,
finance,findings,table,4,clase,text,text,NO,,,
finance,findings,table,5,severity,text,text,NO,'info'::text,,
finance,findings,table,6,status,text,text,NO,'nuevo'::text,,
finance,findings,table,7,score,numeric,numeric,YES,,,
finance,findings,table,8,titulo,text,text,NO,,,
finance,findings,table,9,resumen,text,text,YES,,,
finance,findings,table,10,entity,jsonb,jsonb,YES,,,
finance,findings,table,11,periodo,text,text,YES,,,
finance,findings,table,12,importe,numeric,numeric,YES,0,,
finance,findings,table,13,evidencia,jsonb,jsonb,YES,,,
finance,findings,table,14,dedup_key,text,text,NO,,,
finance,findings,table,15,first_seen,timestamp with time zone,timestamptz,NO,now(),,
finance,findings,table,16,last_seen,timestamp with time zone,timestamptz,NO,now(),,
finance,findings,table,17,created_at,timestamp with time zone,timestamptz,NO,now(),,
finance,findings,table,18,updated_at,timestamp with time zone,timestamptz,NO,now(),,
finance,findings,table,19,model_score,numeric,numeric,YES,,,
finance,findings,table,20,model_version,integer,int4,NO,0,,
finance,findings,table,21,skeptic_verdict,text,text,YES,,,
finance,gl_supplier_accounts,table,1,id,uuid,uuid,NO,gen_random_uuid(),,
finance,gl_supplier_accounts,table,2,tenant_id,uuid,uuid,NO,,,1
finance,gl_supplier_accounts,table,3,supplier_code,text,text,YES,,,
finance,gl_supplier_accounts,table,4,supplier_name,text,text,NO,,,
finance,gl_supplier_accounts,table,5,rfc,character varying,varchar,YES,,13,
finance,gl_supplier_accounts,table,6,account_suffix,text,text,NO,,,
finance,gl_supplier_accounts,table,7,cuenta_proveedor,text,text,NO,,,
finance,gl_supplier_accounts,table,8,cuenta_compra_exenta,text,text,YES,,,
finance,gl_supplier_accounts,table,9,cuenta_compra_iva,text,text,YES,,,
finance,gl_supplier_accounts,table,10,proveedor_existe,boolean,bool,YES,,,
finance,gl_supplier_accounts,table,11,compra_exenta_existe,boolean,bool,YES,,,
finance,gl_supplier_accounts,table,12,compra_iva_existe,boolean,bool,YES,,,
finance,gl_supplier_accounts,table,13,verificado_at,timestamp with time zone,timestamptz,YES,,,
finance,gl_supplier_accounts,table,14,usado_en_asiento,boolean,bool,NO,false,,
finance,gl_supplier_accounts,table,15,source,text,text,NO,'libro_compras_xlsx'::text,,
finance,gl_supplier_accounts,table,16,activo,boolean,bool,NO,true,,
finance,gl_supplier_accounts,table,17,notas,text,text,YES,,,
finance,gl_supplier_accounts,table,18,created_at,timestamp with time zone,timestamptz,NO,now(),,
finance,gl_supplier_accounts,table,19,created_by,uuid,uuid,YES,,,
finance,gl_supplier_accounts,table,20,updated_at,timestamp with time zone,timestamptz,NO,now(),,
finance,gl_supplier_accounts,table,21,updated_by,uuid,uuid,YES,,,
finance,gl_supplier_accounts,table,22,deleted_at,timestamp with time zone,timestamptz,YES,,,
finance,gl_supplier_accounts,table,23,deleted_by,uuid,uuid,YES,,,
finance,goods_receipt_discards,table,1,id,uuid,uuid,NO,gen_random_uuid(),,
finance,goods_receipt_discards,table,2,tenant_id,uuid,uuid,NO,,,1
finance,goods_receipt_discards,table,3,sucursal,text,text,NO,,,
finance,goods_receipt_discards,table,4,folio,text,text,NO,,,
finance,goods_receipt_discards,table,5,motivo_codigo,text,text,NO,,,
finance,goods_receipt_discards,table,6,motivo,text,text,YES,,,
finance,goods_receipt_discards,table,7,descartado_por,text,text,YES,,,
finance,goods_receipt_discards,table,8,descartado_at,timestamp with time zone,timestamptz,NO,now(),,
finance,goods_receipt_proof_history,table,1,id,uuid,uuid,NO,gen_random_uuid(),,
finance,goods_receipt_proof_history,table,2,tenant_id,uuid,uuid,NO,,,1
finance,goods_receipt_proof_history,table,3,proof_id,uuid,uuid,YES,,,
finance,goods_receipt_proof_history,table,4,sucursal,text,text,NO,,,
finance,goods_receipt_proof_history,table,5,folio,text,text,NO,,,
finance,goods_receipt_proof_history,table,6,status_from,text,text,YES,,,
finance,goods_receipt_proof_history,table,7,status_to,text,text,NO,,,
finance,goods_receipt_proof_history,table,8,motivo_codigo,text,text,YES,,,
finance,goods_receipt_proof_history,table,9,motivo,text,text,YES,,,
finance,goods_receipt_proof_history,table,10,changed_by,text,text,YES,,,
finance,goods_receipt_proof_history,table,11,changed_at,timestamp with time zone,timestamptz,NO,now(),,
finance,goods_receipt_proofs,table,1,id,uuid,uuid,NO,gen_random_uuid(),,
finance,goods_receipt_proofs,table,2,tenant_id,uuid,uuid,NO,,,1
finance,goods_receipt_proofs,table,3,sucursal,text,text,NO,,,
finance,goods_receipt_proofs,table,4,folio,text,text,NO,,,
finance,goods_receipt_proofs,table,5,proveedor_nombre,text,text,YES,,,
finance,goods_receipt_proofs,table,6,proveedor_rfc,text,text,YES,,,
finance,goods_receipt_proofs,table,7,oc_folio,text,text,YES,,,
finance,goods_receipt_proofs,table,8,receipt_date,date,date,YES,,,
finance,goods_receipt_proofs,table,9,receipt_monto,numeric,numeric,YES,0,,
finance,goods_receipt_proofs,table,10,files,jsonb,jsonb,NO,'[]'::jsonb,,
finance,goods_receipt_proofs,table,11,ocr_folio,text,text,YES,,,
finance,goods_receipt_proofs,table,12,ocr_fecha,date,date,YES,,,
finance,goods_receipt_proofs,table,13,ocr_proveedor,text,text,YES,,,
finance,goods_receipt_proofs,table,14,ocr_rfc,text,text,YES,,,
finance,goods_receipt_proofs,table,15,ocr_subtotal,numeric,numeric,YES,,,
finance,goods_receipt_proofs,table,16,ocr_iva,numeric,numeric,YES,,,
finance,goods_receipt_proofs,table,17,ocr_monto,numeric,numeric,YES,,,
finance,goods_receipt_proofs,table,18,ocr_raw,jsonb,jsonb,YES,,,
finance,goods_receipt_proofs,table,19,ocr_status,text,text,NO,'pendiente'::text,,
finance,goods_receipt_proofs,table,20,monto_match,boolean,bool,YES,,,
finance,goods_receipt_proofs,table,21,status,text,text,NO,'recibido'::text,,
finance,goods_receipt_proofs,table,22,comentarios,text,text,YES,,,
finance,goods_receipt_proofs,table,23,validated_by,text,text,YES,,,
finance,goods_receipt_proofs,table,24,validated_at,timestamp with time zone,timestamptz,YES,,,
finance,goods_receipt_proofs,table,25,motivo_rechazo,text,text,YES,,,
finance,goods_receipt_proofs,table,26,created_by,text,text,YES,,,
finance,goods_receipt_proofs,table,27,created_at,timestamp with time zone,timestamptz,NO,now(),,
finance,goods_receipt_proofs,table,28,updated_at,timestamp with time zone,timestamptz,NO,now(),,
finance,goods_receipt_proofs,table,29,discrepancy_kind,text,text,YES,,,
finance,goods_receipt_proofs,table,30,discrepancy_amount,numeric,numeric,YES,,,
finance,goods_receipt_proofs,table,31,warehouse_id,uuid,uuid,YES,,,
finance,goods_receipt_proofs,table,32,motivo_codigo,text,text,YES,,,
finance,goods_receipt_proofs,table,33,prov_score,numeric,numeric,YES,,,
finance,goods_receipt_proofs,table,34,prov_rfc_match,boolean,bool,YES,,,
finance,goods_receipt_proofs,table,35,paquete_ok,boolean,bool,YES,,,
finance,goods_receipt_proofs,table,36,folio_interno,text,text,YES,,,
finance,goods_receipt_proofs,table,37,folio_interno_ok,boolean,bool,YES,,,
finance,kepler_accounts,view,1,tenant_id,uuid,uuid,YES,,,1
finance,kepler_accounts,view,2,cuenta,text,text,YES,,,
finance,kepler_accounts,view,3,cuenta_nombre,text,text,YES,,,
finance,kepler_accounts,view,4,cuenta_mayor,text,text,YES,,,
finance,kepler_accounts,view,5,cuenta_mayor_nombre,text,text,YES,,,
finance,kepler_accounts,view,6,es_mayor,boolean,bool,YES,,,
finance,kepler_accounts,view,7,sucursal_ref,text,text,YES,,,
finance,kepler_accounts,view,8,computed_at,timestamp with time zone,timestamptz,YES,,,
finance,knowledge,table,1,id,uuid,uuid,NO,gen_random_uuid(),,
finance,knowledge,table,2,tenant_id,uuid,uuid,NO,,,1
finance,knowledge,table,3,kind,text,text,NO,,,
finance,knowledge,table,4,title,text,text,NO,,,
finance,knowledge,table,5,body,text,text,NO,,,
finance,knowledge,table,6,source,text,text,NO,'seed'::text,,
finance,knowledge,table,7,status,text,text,NO,'active'::text,,
finance,knowledge,table,8,created_by,text,text,YES,,,
finance,knowledge,table,9,created_at,timestamp with time zone,timestamptz,NO,now(),,
finance,knowledge,table,10,updated_at,timestamp with time zone,timestamptz,NO,now(),,
finance,movement_categories,table,1,id,uuid,uuid,NO,gen_random_uuid(),,
finance,movement_categories,table,2,tenant_id,uuid,uuid,NO,,,1
finance,movement_categories,table,3,code,text,text,NO,,,
finance,movement_categories,table,4,name,text,text,NO,,,
finance,movement_categories,table,5,flow,text,text,NO,,,
finance,movement_categories,table,6,kepler_account,text,text,YES,,,
finance,movement_categories,table,7,group_key,text,text,NO,,,
finance,movement_categories,table,8,kepler_note,text,text,YES,,,
finance,movement_categories,table,9,sort_order,integer,int4,NO,0,,
finance,movement_categories,table,10,active,boolean,bool,NO,true,,
finance,movement_categories,table,11,created_at,timestamp with time zone,timestamptz,NO,now(),,
finance,movement_categories,table,12,updated_at,timestamp with time zone,timestamptz,NO,now(),,
finance,payment_program,table,1,id,uuid,uuid,NO,gen_random_uuid(),,
finance,payment_program,table,2,tenant_id,uuid,uuid,NO,,,1
finance,payment_program,table,3,source_month,text,text,NO,,,
finance,payment_program,table,4,client_uuid,text,text,NO,,,
finance,payment_program,table,5,pay_date,date,date,YES,,,
finance,payment_program,table,6,clearing_date,date,date,YES,,,
finance,payment_program,table,7,supplier_id,uuid,uuid,YES,,,
finance,payment_program,table,8,supplier_text,text,text,YES,,,
finance,payment_program,table,9,sucursal_code,text,text,YES,,,
finance,payment_program,table,10,tipo,text,text,YES,,,
finance,payment_program,table,11,method,text,text,YES,,,
finance,payment_program,table,12,method_ref,text,text,YES,,,
finance,payment_program,table,13,bank_account_id,uuid,uuid,YES,,,
finance,payment_program,table,14,bank_text,text,text,YES,,,
finance,payment_program,table,15,amount,numeric,numeric,NO,0,,
finance,payment_program,table,16,invoice_folios,text,text,YES,,,
finance,payment_program,table,17,kepler_flag,boolean,bool,YES,,,
finance,payment_program,table,18,concepto,text,text,YES,,,
finance,payment_program,table,19,recibio,text,text,YES,,,
finance,payment_program,table,20,bank_movement_id,uuid,uuid,YES,,,
finance,payment_program,table,21,kepler_matched,boolean,bool,YES,,,
finance,payment_program,table,22,created_by,text,text,YES,,,
finance,payment_program,table,23,created_at,timestamp with time zone,timestamptz,NO,now(),,
finance,payment_program,table,24,updated_at,timestamp with time zone,timestamptz,NO,now(),,
finance,proposed_actions,table,1,id,uuid,uuid,NO,gen_random_uuid(),,
finance,proposed_actions,table,2,tenant_id,uuid,uuid,NO,,,1
finance,proposed_actions,table,3,kind,text,text,NO,,,
finance,proposed_actions,table,4,titulo,text,text,NO,,,
finance,proposed_actions,table,5,descripcion,text,text,YES,,,
finance,proposed_actions,table,6,payload,jsonb,jsonb,YES,,,
finance,proposed_actions,table,7,efecto,text,text,YES,,,
finance,proposed_actions,table,8,estado,text,text,NO,'pending_approval'::text,,
finance,proposed_actions,table,9,origen,text,text,NO,'maat_chat'::text,,
finance,proposed_actions,table,10,finding_id,uuid,uuid,YES,,,
finance,proposed_actions,table,11,importe,numeric,numeric,YES,0,,
finance,proposed_actions,table,12,created_by,text,text,YES,,,
finance,proposed_actions,table,13,decided_by,text,text,YES,,,
finance,proposed_actions,table,14,decided_at,timestamp with time zone,timestamptz,YES,,,
finance,proposed_actions,table,15,executed_at,timestamp with time zone,timestamptz,YES,,,
finance,proposed_actions,table,16,resultado,text,text,YES,,,
finance,proposed_actions,table,17,created_at,timestamp with time zone,timestamptz,NO,now(),,
finance,proposed_actions,table,18,updated_at,timestamp with time zone,timestamptz,NO,now(),,
finance,purchase_book_history,table,1,tenant_id,uuid,uuid,NO,,,1
finance,purchase_book_history,table,2,source,text,text,NO,,,
finance,purchase_book_history,table,3,source_key,text,text,NO,,,
finance,purchase_book_history,table,4,cfdi_uuid,character varying,varchar,NO,,36,
finance,purchase_book_history,table,5,anio_mes,text,text,NO,,,
finance,purchase_book_history,table,6,importe,numeric,numeric,YES,,,
finance,purchase_book_history,table,7,emisor_rfc,character varying,varchar,YES,,13,
finance,purchase_book_history,table,8,folio,text,text,YES,,,
finance,purchase_book_history,table,9,observado_at,timestamp with time zone,timestamptz,NO,now(),,
finance,purchase_book_history,table,10,created_at,timestamp with time zone,timestamptz,NO,now(),,
finance,purchase_book_history,table,11,created_by,uuid,uuid,YES,,,
finance,purchase_book_history,table,12,updated_at,timestamp with time zone,timestamptz,NO,now(),,
finance,purchase_book_history,table,13,updated_by,uuid,uuid,YES,,,
finance,purchase_book_history,table,14,deleted_at,timestamp with time zone,timestamptz,YES,,,
finance,purchase_book_history,table,15,deleted_by,uuid,uuid,YES,,,
finance,purchase_book_history,table,16,nota,text,text,YES,,,
finance,purchase_book_run_items,table,1,tenant_id,uuid,uuid,NO,,,1
finance,purchase_book_run_items,table,2,run_id,uuid,uuid,NO,,,
finance,purchase_book_run_items,table,3,cfdi_uuid,character varying,varchar,NO,,36,
finance,purchase_book_run_items,table,4,incluida,boolean,bool,NO,true,,
finance,purchase_book_run_items,table,5,motivo,text,text,YES,,,
finance,purchase_book_run_items,table,6,origen,text,text,NO,'manual'::text,,
finance,purchase_book_run_items,table,7,created_at,timestamp with time zone,timestamptz,NO,now(),,
finance,purchase_book_run_items,table,8,created_by,uuid,uuid,YES,,,
finance,purchase_book_runs,table,1,id,uuid,uuid,NO,gen_random_uuid(),,
finance,purchase_book_runs,table,2,tenant_id,uuid,uuid,NO,,,1
finance,purchase_book_runs,table,3,anio_mes,text,text,NO,,,
finance,purchase_book_runs,table,4,estado,text,text,NO,'borrador'::text,,
finance,purchase_book_runs,table,5,folio_poliza,integer,int4,NO,1,,
finance,purchase_book_runs,table,6,fecha_poliza,date,date,YES,,,
finance,purchase_book_runs,table,7,concepto,text,text,YES,,,
finance,purchase_book_runs,table,8,facturas,integer,int4,YES,,,
finance,purchase_book_runs,table,9,renglones,integer,int4,YES,,,
finance,purchase_book_runs,table,10,total_cargos,numeric,numeric,YES,,,
finance,purchase_book_runs,table,11,total_abonos,numeric,numeric,YES,,,
finance,purchase_book_runs,table,12,subtotal_exento,numeric,numeric,YES,,,
finance,purchase_book_runs,table,13,subtotal_gravado,numeric,numeric,YES,,,
finance,purchase_book_runs,table,14,total_iva,numeric,numeric,YES,,,
finance,purchase_book_runs,table,15,total_ieps,numeric,numeric,YES,,,
finance,purchase_book_runs,table,16,archivo_hash,text,text,YES,,,
finance,purchase_book_runs,table,17,archivo_nombre,text,text,YES,,,
finance,purchase_book_runs,table,18,impuestos_modo,text,text,NO,'global'::text,,
finance,purchase_book_runs,table,19,incluye_uuid,boolean,bool,NO,false,,
finance,purchase_book_runs,table,20,generado_at,timestamp with time zone,timestamptz,YES,,,
finance,purchase_book_runs,table,21,generado_by,uuid,uuid,YES,,,
finance,purchase_book_runs,table,22,entregado_at,timestamp with time zone,timestamptz,YES,,,
finance,purchase_book_runs,table,23,entregado_by,uuid,uuid,YES,,,
finance,purchase_book_runs,table,24,entregado_a,text,text,YES,,,
finance,purchase_book_runs,table,25,aplicado_at,timestamp with time zone,timestamptz,YES,,,
finance,purchase_book_runs,table,26,aplicado_by,uuid,uuid,YES,,,
finance,purchase_book_runs,table,27,notas,text,text,YES,,,
finance,purchase_book_runs,table,28,created_at,timestamp with time zone,timestamptz,NO,now(),,
finance,purchase_book_runs,table,29,created_by,uuid,uuid,YES,,,
finance,purchase_book_runs,table,30,updated_at,timestamp with time zone,timestamptz,NO,now(),,
finance,purchase_book_runs,table,31,updated_by,uuid,uuid,YES,,,
finance,purchase_book_runs,table,32,deleted_at,timestamp with time zone,timestamptz,YES,,,
finance,purchase_book_runs,table,33,deleted_by,uuid,uuid,YES,,,
finance,purchase_book_runs,table,34,tipo,text,text,NO,'libro'::text,,
finance,purchase_book_runs,table,35,archivo_contenido,text,text,YES,,,
finance,receipt_settings,table,1,tenant_id,uuid,uuid,NO,,,1
finance,receipt_settings,table,2,reception_start,date,date,NO,'2026-08-01'::date,,
finance,receipt_settings,table,3,match_tolerance,numeric,numeric,NO,1.00,,
finance,receipt_settings,table,4,sla_capture_days,integer,int4,NO,3,,
finance,receipt_settings,table,5,sla_review_days,integer,int4,NO,3,,
finance,receipt_settings,table,6,bulk_max_files,integer,int4,NO,50,,
finance,receipt_settings,table,7,updated_at,timestamp with time zone,timestamptz,NO,now(),,
finance,receipt_settings,table,8,updated_by,text,text,YES,,,
finance,recon_task_messages,table,1,id,uuid,uuid,NO,gen_random_uuid(),,
finance,recon_task_messages,table,2,tenant_id,uuid,uuid,NO,,,1
finance,recon_task_messages,table,3,task_id,uuid,uuid,NO,,,
finance,recon_task_messages,table,4,role,text,text,NO,,,
finance,recon_task_messages,table,5,kind,text,text,NO,'comment'::text,,
finance,recon_task_messages,table,6,username,text,text,YES,,,
finance,recon_task_messages,table,7,body,text,text,NO,,,
finance,recon_task_messages,table,8,meta,jsonb,jsonb,YES,,,
finance,recon_task_messages,table,9,created_at,timestamp with time zone,timestamptz,NO,now(),,
finance,recon_tasks,table,1,id,uuid,uuid,NO,gen_random_uuid(),,
finance,recon_tasks,table,2,tenant_id,uuid,uuid,NO,,,1
finance,recon_tasks,table,3,rule_key,text,text,NO,'banco_retiro_sin_kepler'::text,,
finance,recon_tasks,table,4,periodo,text,text,NO,,,
finance,recon_tasks,table,5,group_key,text,text,NO,,,
finance,recon_tasks,table,6,proveedor_label,text,text,NO,,,
finance,recon_tasks,table,7,finding_ids,jsonb,jsonb,NO,'[]'::jsonb,,
finance,recon_tasks,table,8,n_movimientos,integer,int4,NO,0,,
finance,recon_tasks,table,9,importe_total,numeric,numeric,NO,0,,
finance,recon_tasks,table,10,assigned_to,uuid,uuid,YES,,,
finance,recon_tasks,table,11,assigned_to_username,text,text,YES,,,
finance,recon_tasks,table,12,assigned_by,text,text,YES,,,
finance,recon_tasks,table,13,assigned_at,timestamp with time zone,timestamptz,YES,,,
finance,recon_tasks,table,14,status,text,text,NO,'pendiente'::text,,
finance,recon_tasks,table,15,due_at,timestamp with time zone,timestamptz,YES,,,
finance,recon_tasks,table,16,resolved_at,timestamp with time zone,timestamptz,YES,,,
finance,recon_tasks,table,17,resolved_by,text,text,YES,,,
finance,recon_tasks,table,18,resolution_note,text,text,YES,,,
finance,recon_tasks,table,19,resolution_source,text,text,YES,,,
finance,recon_tasks,table,20,kepler_ref,text,text,YES,,,
finance,recon_tasks,table,21,created_at,timestamp with time zone,timestamptz,NO,now(),,
finance,recon_tasks,table,22,updated_at,timestamp with time zone,timestamptz,NO,now(),,
finance,recon_tasks,table,23,causa,text,text,YES,,,
finance,recon_tasks,table,24,causa_label,text,text,YES,,,
finance,rule_registry,table,1,tenant_id,uuid,uuid,NO,,,1
finance,rule_registry,table,2,rule_key,text,text,NO,,,
finance,rule_registry,table,3,nombre,text,text,NO,,,
finance,rule_registry,table,4,descripcion,text,text,YES,,,
finance,rule_registry,table,5,clase,text,text,NO,,,
finance,rule_registry,table,6,params,jsonb,jsonb,NO,'{}'::jsonb,,
finance,rule_registry,table,7,enabled,boolean,bool,NO,true,,
finance,rule_registry,table,8,pinned,boolean,bool,NO,false,,
finance,rule_registry,table,9,precision_score,numeric,numeric,YES,,,
finance,rule_registry,table,10,findings_total,integer,int4,NO,0,,
finance,rule_registry,table,11,findings_confirmados,integer,int4,NO,0,,
finance,rule_registry,table,12,findings_falsos,integer,int4,NO,0,,
finance,rule_registry,table,13,suppressed_auto,boolean,bool,NO,false,,
finance,rule_registry,table,14,updated_at,timestamp with time zone,timestamptz,NO,now(),,
finance,sheet_sync_config,table,1,id,uuid,uuid,NO,gen_random_uuid(),,
finance,sheet_sync_config,table,2,tenant_id,uuid,uuid,NO,,,1
finance,sheet_sync_config,table,3,sheet_id,text,text,NO,,,
finance,sheet_sync_config,table,4,period,text,text,NO,,,
finance,sheet_sync_config,table,5,active,boolean,bool,NO,false,,
finance,sheet_sync_config,table,6,last_hash,text,text,YES,,,
finance,sheet_sync_config,table,7,last_synced_at,timestamp with time zone,timestamptz,YES,,,
finance,sheet_sync_config,table,8,last_rows,integer,int4,YES,,,
finance,sheet_sync_config,table,9,last_changed,integer,int4,YES,,,
finance,sheet_sync_config,table,10,last_error,text,text,YES,,,
finance,sheet_sync_config,table,11,created_at,timestamp with time zone,timestamptz,NO,now(),,
finance,sheet_sync_config,table,12,updated_at,timestamp with time zone,timestamptz,NO,now(),,
finance,supplier_payment_proofs,table,1,id,uuid,uuid,NO,gen_random_uuid(),,
finance,supplier_payment_proofs,table,2,tenant_id,uuid,uuid,NO,,,1
finance,supplier_payment_proofs,table,3,sucursal,text,text,NO,,,
finance,supplier_payment_proofs,table,4,folio,text,text,NO,,,
finance,supplier_payment_proofs,table,5,proveedor_nombre,text,text,YES,,,
finance,supplier_payment_proofs,table,6,proveedor_rfc,text,text,YES,,,
finance,supplier_payment_proofs,table,7,pago_date,date,date,YES,,,
finance,supplier_payment_proofs,table,8,pago_monto,numeric,numeric,YES,0,,
finance,supplier_payment_proofs,table,9,files,jsonb,jsonb,NO,'[]'::jsonb,,
finance,supplier_payment_proofs,table,10,ocr_monto,numeric,numeric,YES,,,
finance,supplier_payment_proofs,table,11,ocr_fecha,date,date,YES,,,
finance,supplier_payment_proofs,table,12,ocr_banco,text,text,YES,,,
finance,supplier_payment_proofs,table,13,ocr_cuenta_dest,text,text,YES,,,
finance,supplier_payment_proofs,table,14,ocr_referencia,text,text,YES,,,
finance,supplier_payment_proofs,table,15,ocr_ordenante,text,text,YES,,,
finance,supplier_payment_proofs,table,16,ocr_metodo,text,text,YES,,,
finance,supplier_payment_proofs,table,17,ocr_raw,jsonb,jsonb,YES,,,
finance,supplier_payment_proofs,table,18,ocr_status,text,text,NO,'pendiente'::text,,
finance,supplier_payment_proofs,table,19,monto_match,boolean,bool,YES,,,
finance,supplier_payment_proofs,table,20,status,text,text,NO,'recibido'::text,,
finance,supplier_payment_proofs,table,21,comentarios,text,text,YES,,,
finance,supplier_payment_proofs,table,22,validated_by,text,text,YES,,,
finance,supplier_payment_proofs,table,23,validated_at,timestamp with time zone,timestamptz,YES,,,
finance,supplier_payment_proofs,table,24,motivo_rechazo,text,text,YES,,,
finance,supplier_payment_proofs,table,25,created_by,text,text,YES,,,
finance,supplier_payment_proofs,table,26,created_at,timestamp with time zone,timestamptz,NO,now(),,
finance,supplier_payment_proofs,table,27,updated_at,timestamp with time zone,timestamptz,NO,now(),,
finance,supplier_payment_proofs,table,28,doc_prefix,text,text,YES,,,
finance,supplier_payment_proofs,table,29,metodo_pago,text,text,YES,,,
finance,supplier_payment_proofs,table,30,ocr_concepto,text,text,YES,,,
finance,supplier_payment_proofs,table,31,ocr_cuenta_origen,text,text,YES,,,
finance,supplier_payment_proofs,table,32,cuenta_propia,boolean,bool,YES,,,
finance,supplier_payment_proofs,table,33,ref_norm,text,text,YES,,,
finance,supplier_payment_proofs,table,34,warehouse_id,uuid,uuid,YES,,,
finance,v_purchase_book_uuid_prueba,view,1,tenant_id,uuid,uuid,YES,,,1
finance,v_purchase_book_uuid_prueba,view,2,cfdi_uuid,text,text,YES,,,
finance,v_purchase_book_uuid_prueba,view,3,source,text,text,YES,,,
finance,v_purchase_book_uuid_prueba,view,4,anio_mes,text,text,YES,,,
finance,v_purchase_book_uuid_prueba,view,5,referencia,text,text,YES,,,
finance,v_purchase_book_uuids,view,1,tenant_id,uuid,uuid,YES,,,1
finance,v_purchase_book_uuids,view,2,cfdi_uuid,text,text,YES,,,
finance,v_purchase_book_uuids,view,3,anio_mes,text,text,YES,,,
finance,v_purchase_book_uuids,view,4,source,text,text,YES,,,
finance,v_purchase_book_uuids,view,5,referencia,text,text,YES,,,
fiscal,cfdi_assignments,table,1,id,uuid,uuid,NO,gen_random_uuid(),,
fiscal,cfdi_assignments,table,2,tenant_id,uuid,uuid,NO,,,1
fiscal,cfdi_assignments,table,3,cfdi_id,uuid,uuid,NO,,,
fiscal,cfdi_assignments,table,4,cfdi_uuid,character varying,varchar,YES,,36,
fiscal,cfdi_assignments,table,5,rfc,character varying,varchar,YES,,13,
fiscal,cfdi_assignments,table,6,sucursal,text,text,NO,,,
fiscal,cfdi_assignments,table,7,doc_tipo,text,text,NO,'XA2001'::text,,
fiscal,cfdi_assignments,table,8,doc_folio,text,text,NO,,,
fiscal,cfdi_assignments,table,9,importe_cfdi,numeric,numeric,YES,,,
fiscal,cfdi_assignments,table,10,importe_operacion,numeric,numeric,YES,,,
fiscal,cfdi_assignments,table,11,diff_importe,numeric,numeric,YES,,,
fiscal,cfdi_assignments,table,12,diff_days,integer,int4,YES,,,
fiscal,cfdi_assignments,table,13,status,text,text,NO,'confirmed'::text,,
fiscal,cfdi_assignments,table,14,match_source,text,text,NO,'importe_fecha'::text,,
fiscal,cfdi_assignments,table,15,note,text,text,YES,,,
fiscal,cfdi_assignments,table,16,created_by,uuid,uuid,YES,,,
fiscal,cfdi_assignments,table,17,created_by_username,text,text,YES,,,
fiscal,cfdi_assignments,table,18,created_at,timestamp with time zone,timestamptz,NO,now(),,
fiscal,cfdi_assignments,table,19,updated_at,timestamp with time zone,timestamptz,NO,now(),,
fiscal,cfdi_payment_links,table,1,id,uuid,uuid,NO,gen_random_uuid(),,
fiscal,cfdi_payment_links,table,2,tenant_id,uuid,uuid,NO,,,1
fiscal,cfdi_payment_links,table,3,rep_uuid,character varying,varchar,NO,,36,
fiscal,cfdi_payment_links,table,4,docto_uuid,character varying,varchar,NO,,36,
fiscal,cfdi_payment_links,table,5,fecha_pago,timestamp with time zone,timestamptz,YES,,,
fiscal,cfdi_payment_links,table,6,forma_pago,text,text,YES,,,
fiscal,cfdi_payment_links,table,7,moneda,text,text,YES,,,
fiscal,cfdi_payment_links,table,8,num_parcialidad,integer,int4,YES,,,
fiscal,cfdi_payment_links,table,9,imp_saldo_ant,numeric,numeric,YES,,,
fiscal,cfdi_payment_links,table,10,imp_pagado,numeric,numeric,YES,,,
fiscal,cfdi_payment_links,table,11,imp_saldo_insoluto,numeric,numeric,YES,,,
fiscal,cfdi_payment_links,table,12,created_at,timestamp with time zone,timestamptz,NO,now(),,
fiscal,cfdis,table,1,id,uuid,uuid,NO,gen_random_uuid(),,
fiscal,cfdis,table,2,tenant_id,uuid,uuid,NO,,,1
fiscal,cfdis,table,3,uuid,character varying,varchar,NO,,36,
fiscal,cfdis,table,4,version,text,text,YES,,,
fiscal,cfdis,table,5,tipo_comprobante,character varying,varchar,YES,,1,
fiscal,cfdis,table,6,serie,text,text,YES,,,
fiscal,cfdis,table,7,folio,text,text,YES,,,
fiscal,cfdis,table,8,fecha,timestamp with time zone,timestamptz,YES,,,
fiscal,cfdis,table,9,fecha_timbrado,timestamp with time zone,timestamptz,YES,,,
fiscal,cfdis,table,10,emisor_rfc,character varying,varchar,YES,,13,
fiscal,cfdis,table,11,emisor_nombre,text,text,YES,,,
fiscal,cfdis,table,12,emisor_regimen,text,text,YES,,,
fiscal,cfdis,table,13,receptor_rfc,character varying,varchar,YES,,13,
fiscal,cfdis,table,14,receptor_nombre,text,text,YES,,,
fiscal,cfdis,table,15,receptor_uso_cfdi,text,text,YES,,,
fiscal,cfdis,table,16,receptor_regimen,text,text,YES,,,
fiscal,cfdis,table,17,receptor_domicilio,text,text,YES,,,
fiscal,cfdis,table,18,subtotal,numeric,numeric,YES,,,
fiscal,cfdis,table,19,descuento,numeric,numeric,YES,,,
fiscal,cfdis,table,20,total,numeric,numeric,YES,,,
fiscal,cfdis,table,21,moneda,text,text,YES,,,
fiscal,cfdis,table,22,tipo_cambio,numeric,numeric,YES,,,
fiscal,cfdis,table,23,metodo_pago,text,text,YES,,,
fiscal,cfdis,table,24,forma_pago,text,text,YES,,,
fiscal,cfdis,table,25,lugar_expedicion,text,text,YES,,,
fiscal,cfdis,table,26,no_certificado,text,text,YES,,,
fiscal,cfdis,table,27,no_certificado_sat,text,text,YES,,,
fiscal,cfdis,table,28,pac_rfc,text,text,YES,,,
fiscal,cfdis,table,29,total_trasladados,numeric,numeric,YES,,,
fiscal,cfdis,table,30,total_retenidos,numeric,numeric,YES,,,
fiscal,cfdis,table,31,conceptos_count,integer,int4,YES,,,
fiscal,cfdis,table,32,impuestos,jsonb,jsonb,YES,,,
fiscal,cfdis,table,33,raw,jsonb,jsonb,YES,,,
fiscal,cfdis,table,34,rol,text,text,YES,,,
fiscal,cfdis,table,35,estatus_sat,text,text,NO,'desconocido'::text,,
fiscal,cfdis,table,36,estatus_checked_at,timestamp with time zone,timestamptz,YES,,,
fiscal,cfdis,table,37,source,text,text,NO,'descarga_masiva'::text,,
fiscal,cfdis,table,38,request_id,uuid,uuid,YES,,,
fiscal,cfdis,table,39,package_id,uuid,uuid,YES,,,
fiscal,cfdis,table,40,stored_ref,text,text,YES,,,
fiscal,cfdis,table,41,created_at,timestamp with time zone,timestamptz,NO,now(),,
fiscal,cfdis,table,42,updated_at,timestamp with time zone,timestamptz,NO,now(),,
fiscal,cfdis,table,43,xml,text,text,YES,,,
fiscal,cfdis,table,44,pdf,text,text,YES,,,
fiscal,cfdis,table,45,cancel_motivo,character varying,varchar,YES,,2,
fiscal,cfdis,table,46,cancel_sustitucion_uuid,character varying,varchar,YES,,36,
fiscal,cfdis,table,47,cancel_reason,text,text,YES,,,
fiscal,cfdis,table,48,cancel_requested_at,timestamp with time zone,timestamptz,YES,,,
fiscal,cfdis,table,49,cancel_acuse,text,text,YES,,,
fiscal,cfdis,table,50,aso_contabilidad,boolean,bool,YES,,,
fiscal,cod_agrupador_map,table,1,tenant_id,uuid,uuid,NO,,,1
fiscal,cod_agrupador_map,table,2,cuenta_mayor,text,text,NO,,,
fiscal,cod_agrupador_map,table,3,cod_agrupador,text,text,NO,,,
fiscal,cod_agrupador_map,table,4,natur,character,bpchar,YES,,1,
fiscal,cod_agrupador_map,table,5,source,text,text,NO,'manual'::text,,
fiscal,cod_agrupador_map,table,6,updated_at,timestamp with time zone,timestamptz,NO,now(),,
fiscal,download_packages,table,1,id,uuid,uuid,NO,gen_random_uuid(),,
fiscal,download_packages,table,2,tenant_id,uuid,uuid,NO,,,1
fiscal,download_packages,table,3,request_id,uuid,uuid,NO,,,
fiscal,download_packages,table,4,id_paquete,text,text,NO,,,
fiscal,download_packages,table,5,estado,text,text,NO,'pendiente'::text,,
fiscal,download_packages,table,6,stored_ref,text,text,YES,,,
fiscal,download_packages,table,7,num_cfdis,integer,int4,YES,,,
fiscal,download_packages,table,8,last_error,text,text,YES,,,
fiscal,download_packages,table,9,downloaded_at,timestamp with time zone,timestamptz,YES,,,
fiscal,download_packages,table,10,parsed_at,timestamp with time zone,timestamptz,YES,,,
fiscal,download_packages,table,11,created_at,timestamp with time zone,timestamptz,NO,now(),,
fiscal,download_packages,table,12,updated_at,timestamp with time zone,timestamptz,NO,now(),,
fiscal,download_requests,table,1,id,uuid,uuid,NO,gen_random_uuid(),,
fiscal,download_requests,table,2,tenant_id,uuid,uuid,NO,,,1
fiscal,download_requests,table,3,rfc_solicitante,character varying,varchar,NO,,13,
fiscal,download_requests,table,4,tipo_solicitud,text,text,NO,'CFDI'::text,,
fiscal,download_requests,table,5,rol,text,text,NO,,,
fiscal,download_requests,table,6,fecha_ini,date,date,NO,,,
fiscal,download_requests,table,7,fecha_fin,date,date,NO,,,
fiscal,download_requests,table,8,id_solicitud,text,text,YES,,,
fiscal,download_requests,table,9,estado,text,text,NO,'nueva'::text,,
fiscal,download_requests,table,10,estado_solicitud,integer,int4,YES,,,
fiscal,download_requests,table,11,codigo_estado,text,text,YES,,,
fiscal,download_requests,table,12,numero_cfdis,integer,int4,YES,,,
fiscal,download_requests,table,13,mensaje_sat,text,text,YES,,,
fiscal,download_requests,table,14,packages_total,integer,int4,NO,0,,
fiscal,download_requests,table,15,packages_done,integer,int4,NO,0,,
fiscal,download_requests,table,16,requested_by,uuid,uuid,YES,,,
fiscal,download_requests,table,17,created_at,timestamp with time zone,timestamptz,NO,now(),,
fiscal,download_requests,table,18,updated_at,timestamp with time zone,timestamptz,NO,now(),,
fiscal,emission_errors,table,1,id,uuid,uuid,NO,gen_random_uuid(),,
fiscal,emission_errors,table,2,tenant_id,uuid,uuid,NO,,,1
fiscal,emission_errors,table,3,kind,character varying,varchar,NO,,16,
fiscal,emission_errors,table,4,dedup_key,text,text,NO,,,
fiscal,emission_errors,table,5,status,character varying,varchar,NO,'open'::character varying,10,
fiscal,emission_errors,table,6,order_id,uuid,uuid,YES,,,
fiscal,emission_errors,table,7,cfdi_uuid,character varying,varchar,YES,,36,
fiscal,emission_errors,table,8,receptor_rfc,character varying,varchar,YES,,13,
fiscal,emission_errors,table,9,receptor_nombre,text,text,YES,,,
fiscal,emission_errors,table,10,serie,text,text,YES,,,
fiscal,emission_errors,table,11,folio,text,text,YES,,,
fiscal,emission_errors,table,12,total,numeric,numeric,YES,,,
fiscal,emission_errors,table,13,num_parcialidad,integer,int4,YES,,,
fiscal,emission_errors,table,14,http_status,integer,int4,YES,,,
fiscal,emission_errors,table,15,pac_provider,text,text,YES,,,
fiscal,emission_errors,table,16,pac_code,text,text,YES,,,
fiscal,emission_errors,table,17,error_message,text,text,YES,,,
fiscal,emission_errors,table,18,error_detail,text,text,YES,,,
fiscal,emission_errors,table,19,pac_raw,jsonb,jsonb,YES,,,
fiscal,emission_errors,table,20,attempts,integer,int4,NO,1,,
fiscal,emission_errors,table,21,first_seen_at,timestamp with time zone,timestamptz,NO,now(),,
fiscal,emission_errors,table,22,last_seen_at,timestamp with time zone,timestamptz,NO,now(),,
fiscal,emission_errors,table,23,resolved_at,timestamp with time zone,timestamptz,YES,,,
fiscal,emission_errors,table,24,created_at,timestamp with time zone,timestamptz,NO,now(),,
fiscal,emission_errors,table,25,updated_at,timestamp with time zone,timestamptz,NO,now(),,
fiscal,invoice_sequences,table,1,tenant_id,uuid,uuid,NO,,,1
fiscal,invoice_sequences,table,2,serie,text,text,NO,,,
fiscal,invoice_sequences,table,3,year,integer,int4,NO,,,
fiscal,invoice_sequences,table,4,current_value,integer,int4,NO,0,,
fiscal,invoice_sequences,table,5,created_at,timestamp with time zone,timestamptz,NO,now(),,
fiscal,invoice_sequences,table,6,updated_at,timestamp with time zone,timestamptz,NO,now(),,
fiscal,issuer_config,table,1,id,uuid,uuid,NO,gen_random_uuid(),,
fiscal,issuer_config,table,2,tenant_id,uuid,uuid,NO,,,1
fiscal,issuer_config,table,3,rfc,character varying,varchar,NO,,13,
fiscal,issuer_config,table,4,tax_name,text,text,NO,,,
fiscal,issuer_config,table,5,regimen_fiscal,text,text,NO,,,
fiscal,issuer_config,table,6,cp,character varying,varchar,NO,,5,
fiscal,issuer_config,table,7,serie,text,text,YES,,,
fiscal,issuer_config,table,8,pac_provider,text,text,NO,'sw'::text,,
fiscal,issuer_config,table,9,is_default,boolean,bool,NO,false,,
fiscal,issuer_config,table,10,active,boolean,bool,NO,true,,
fiscal,issuer_config,table,11,created_at,timestamp with time zone,timestamptz,NO,now(),,
fiscal,issuer_config,table,12,updated_at,timestamp with time zone,timestamptz,NO,now(),,
fiscal,jobs,table,1,id,uuid,uuid,NO,gen_random_uuid(),,
fiscal,jobs,table,2,tenant_id,uuid,uuid,NO,,,1
fiscal,jobs,table,3,queue,text,text,NO,,,
fiscal,jobs,table,4,type,text,text,NO,,,
fiscal,jobs,table,5,payload,jsonb,jsonb,NO,'{}'::jsonb,,
fiscal,jobs,table,6,status,text,text,NO,'pending'::text,,
fiscal,jobs,table,7,attempts,integer,int4,NO,0,,
fiscal,jobs,table,8,max_attempts,integer,int4,NO,8,,
fiscal,jobs,table,9,run_after,timestamp with time zone,timestamptz,NO,now(),,
fiscal,jobs,table,10,dedup_key,text,text,YES,,,
fiscal,jobs,table,11,last_error,text,text,YES,,,
fiscal,jobs,table,12,result,jsonb,jsonb,YES,,,
fiscal,jobs,table,13,locked_at,timestamp with time zone,timestamptz,YES,,,
fiscal,jobs,table,14,created_at,timestamp with time zone,timestamptz,NO,now(),,
fiscal,jobs,table,15,updated_at,timestamp with time zone,timestamptz,NO,now(),,
fiscal,rfc_issues,table,1,id,uuid,uuid,NO,gen_random_uuid(),,
fiscal,rfc_issues,table,2,tenant_id,uuid,uuid,NO,,,1
fiscal,rfc_issues,table,3,rfc,text,text,NO,,,
fiscal,rfc_issues,table,4,issue_type,text,text,NO,,,
fiscal,rfc_issues,table,5,doc_count,integer,int4,NO,0,,
fiscal,rfc_issues,table,6,importe_total,numeric,numeric,NO,0,,
fiscal,rfc_issues,table,7,primera_fecha,date,date,YES,,,
fiscal,rfc_issues,table,8,ultima_fecha,date,date,YES,,,
fiscal,rfc_issues,table,9,estado,text,text,NO,'nuevo'::text,,
fiscal,rfc_issues,table,10,nota,text,text,YES,,,
fiscal,rfc_issues,table,11,detectado_at,timestamp with time zone,timestamptz,NO,now(),,
fiscal,rfc_issues,table,12,updated_at,timestamp with time zone,timestamptz,NO,now(),,
fiscal,sat_credentials,table,1,id,uuid,uuid,NO,gen_random_uuid(),,
fiscal,sat_credentials,table,2,tenant_id,uuid,uuid,NO,,,1
fiscal,sat_credentials,table,3,rfc,character varying,varchar,NO,,13,
fiscal,sat_credentials,table,4,razon_social,text,text,YES,,,
fiscal,sat_credentials,table,5,cer_der,bytea,bytea,NO,,,
fiscal,sat_credentials,table,6,key_enc,bytea,bytea,NO,,,
fiscal,sat_credentials,table,7,key_iv,bytea,bytea,NO,,,
fiscal,sat_credentials,table,8,key_tag,bytea,bytea,NO,,,
fiscal,sat_credentials,table,9,pwd_enc,bytea,bytea,NO,,,
fiscal,sat_credentials,table,10,pwd_iv,bytea,bytea,NO,,,
fiscal,sat_credentials,table,11,pwd_tag,bytea,bytea,NO,,,
fiscal,sat_credentials,table,12,ciec_enc,bytea,bytea,YES,,,
fiscal,sat_credentials,table,13,ciec_iv,bytea,bytea,YES,,,
fiscal,sat_credentials,table,14,ciec_tag,bytea,bytea,YES,,,
fiscal,sat_credentials,table,15,key_algo,text,text,NO,'AES-256-GCM'::text,,
fiscal,sat_credentials,table,16,cer_valid_from,date,date,YES,,,
fiscal,sat_credentials,table,17,cer_valid_to,date,date,YES,,,
fiscal,sat_credentials,table,18,active,boolean,bool,NO,true,,
fiscal,sat_credentials,table,19,created_at,timestamp with time zone,timestamptz,NO,now(),,
fiscal,sat_credentials,table,20,created_by,uuid,uuid,YES,,,
fiscal,sat_credentials,table,21,updated_at,timestamp with time zone,timestamptz,NO,now(),,
fiscal,sat_credentials,table,22,updated_by,uuid,uuid,YES,,,
fiscal,sat_list_matches,table,1,id,uuid,uuid,NO,gen_random_uuid(),,
fiscal,sat_list_matches,table,2,tenant_id,uuid,uuid,NO,,,1
fiscal,sat_list_matches,table,3,lista,text,text,NO,,,
fiscal,sat_list_matches,table,4,rfc,text,text,NO,,,
fiscal,sat_list_matches,table,5,nombre,text,text,YES,,,
fiscal,sat_list_matches,table,6,situacion,text,text,NO,,,
fiscal,sat_list_matches,table,7,doc_count,integer,int4,NO,0,,
fiscal,sat_list_matches,table,8,importe_total,numeric,numeric,NO,0,,
fiscal,sat_list_matches,table,9,iva_total,numeric,numeric,NO,0,,
fiscal,sat_list_matches,table,10,primera_fecha,date,date,YES,,,
fiscal,sat_list_matches,table,11,ultima_fecha,date,date,YES,,,
fiscal,sat_list_matches,table,12,estado,text,text,NO,'nuevo'::text,,
fiscal,sat_list_matches,table,13,nota,text,text,YES,,,
fiscal,sat_list_matches,table,14,list_hash,text,text,YES,,,
fiscal,sat_list_matches,table,15,detectado_at,timestamp with time zone,timestamptz,NO,now(),,
fiscal,sat_list_matches,table,16,updated_at,timestamp with time zone,timestamptz,NO,now(),,
fiscal,sat_list_rfcs,table,1,lista,text,text,NO,,,
fiscal,sat_list_rfcs,table,2,rfc,text,text,NO,,,
fiscal,sat_list_rfcs,table,3,nombre,text,text,YES,,,
fiscal,sat_list_rfcs,table,4,situacion,text,text,NO,,,
fiscal,sat_list_rfcs,table,5,fecha_publicacion,date,date,YES,,,
fiscal,sat_list_rfcs,table,6,oficio,text,text,YES,,,
fiscal,sat_list_rfcs,table,7,list_hash,text,text,NO,,,
fiscal,sat_list_rfcs,table,8,updated_at,timestamp with time zone,timestamptz,NO,now(),,
fiscal,sat_list_staging,table,1,lista,text,text,YES,,,
fiscal,sat_list_staging,table,2,rfc,text,text,YES,,,
fiscal,sat_list_staging,table,3,nombre,text,text,YES,,,
fiscal,sat_list_staging,table,4,situacion,text,text,YES,,,
fiscal,sat_list_staging,table,5,fecha_publicacion,date,date,YES,,,
fiscal,sat_list_staging,table,6,oficio,text,text,YES,,,
fiscal,sat_list_versions,table,1,list_hash,text,text,NO,,,
fiscal,sat_list_versions,table,2,lista,text,text,NO,,,
fiscal,sat_list_versions,table,3,source,text,text,NO,,,
fiscal,sat_list_versions,table,4,total_rfcs,integer,int4,NO,0,,
fiscal,sat_list_versions,table,5,altas,integer,int4,NO,0,,
fiscal,sat_list_versions,table,6,cambios,integer,int4,NO,0,,
fiscal,sat_list_versions,table,7,processed_at,timestamp with time zone,timestamptz,NO,now(),,
hr,attendance_days,view,1,tenant_id,uuid,uuid,YES,,,1
hr,attendance_days,view,2,employee_id,uuid,uuid,YES,,,
hr,attendance_days,view,3,device_id,uuid,uuid,YES,,,
hr,attendance_days,view,4,device_user_id,text,text,YES,,,
hr,attendance_days,view,5,work_date,date,date,YES,,,
hr,attendance_days,view,6,first_punch_at,timestamp with time zone,timestamptz,YES,,,
hr,attendance_days,view,7,last_punch_at,timestamp with time zone,timestamptz,YES,,,
hr,attendance_days,view,8,punch_count,bigint,int8,YES,,,
hr,attendance_days,view,9,span_hours,numeric,numeric,YES,,,
hr,attendance_days,view,10,check_ins,bigint,int8,YES,,,
hr,attendance_days,view,11,check_outs,bigint,int8,YES,,,
hr,attendance_days,view,12,used_face,boolean,bool,YES,,,
hr,attendance_days,view,13,used_finger,boolean,bool,YES,,,
hr,attendance_devices,table,1,id,uuid,uuid,NO,gen_random_uuid(),,
hr,attendance_devices,table,2,tenant_id,uuid,uuid,NO,,,1
hr,attendance_devices,table,3,serial_number,text,text,NO,,,
hr,attendance_devices,table,4,label,text,text,YES,,,
hr,attendance_devices,table,5,site_code,text,text,YES,,,
hr,attendance_devices,table,6,ip_address,text,text,YES,,,
hr,attendance_devices,table,7,port,integer,int4,NO,4370,,
hr,attendance_devices,table,8,comm_key,integer,int4,NO,0,,
hr,attendance_devices,table,9,timezone,text,text,NO,'America/Mexico_City'::text,,
hr,attendance_devices,table,10,model,text,text,YES,,,
hr,attendance_devices,table,11,platform,text,text,YES,,,
hr,attendance_devices,table,12,firmware,text,text,YES,,,
hr,attendance_devices,table,13,mac,text,text,YES,,,
hr,attendance_devices,table,14,reported_ip,text,text,YES,,,
hr,attendance_devices,table,15,user_count,integer,int4,YES,,,
hr,attendance_devices,table,16,record_count,integer,int4,YES,,,
hr,attendance_devices,table,17,capacity_users,integer,int4,YES,,,
hr,attendance_devices,table,18,capacity_records,integer,int4,YES,,,
hr,attendance_devices,table,19,is_active,boolean,bool,NO,true,,
hr,attendance_devices,table,20,last_seen_at,timestamp with time zone,timestamptz,YES,,,
hr,attendance_devices,table,21,last_sync_at,timestamp with time zone,timestamptz,YES,,,
hr,attendance_devices,table,22,last_error,text,text,YES,,,
hr,attendance_devices,table,23,clock_drift_seconds,integer,int4,YES,,,
hr,attendance_devices,table,24,created_at,timestamp with time zone,timestamptz,NO,now(),,
hr,attendance_devices,table,25,updated_at,timestamp with time zone,timestamptz,NO,now(),,
hr,attendance_logs,table,1,tenant_id,uuid,uuid,NO,,,1
hr,attendance_logs,table,2,device_id,uuid,uuid,NO,,,
hr,attendance_logs,table,3,device_user_id,text,text,NO,,,
hr,attendance_logs,table,4,punched_at,timestamp with time zone,timestamptz,NO,,,
hr,attendance_logs,table,5,punched_local,timestamp without time zone,timestamp,NO,,,
hr,attendance_logs,table,6,device_uid,integer,int4,YES,,,
hr,attendance_logs,table,7,verify_mode,smallint,int2,YES,,,
hr,attendance_logs,table,8,verify_label,text,text,YES,,,
hr,attendance_logs,table,9,punch_type,smallint,int2,YES,,,
hr,attendance_logs,table,10,punch_label,text,text,YES,,,
hr,attendance_logs,table,11,work_code,integer,int4,YES,,,
hr,attendance_logs,table,12,employee_id,uuid,uuid,YES,,,
hr,attendance_logs,table,13,imported_at,timestamp with time zone,timestamptz,NO,now(),,
hr,device_enrollments,table,1,id,uuid,uuid,NO,gen_random_uuid(),,
hr,device_enrollments,table,2,tenant_id,uuid,uuid,NO,,,1
hr,device_enrollments,table,3,device_id,uuid,uuid,NO,,,
hr,device_enrollments,table,4,device_user_id,text,text,NO,,,
hr,device_enrollments,table,5,device_uid,integer,int4,YES,,,
hr,device_enrollments,table,6,device_name,text,text,YES,,,
hr,device_enrollments,table,7,privilege,integer,int4,YES,,,
hr,device_enrollments,table,8,role,text,text,YES,,,
hr,device_enrollments,table,9,has_password,boolean,bool,NO,false,,
hr,device_enrollments,table,10,card,bigint,int8,YES,,,
hr,device_enrollments,table,11,group_id,text,text,YES,,,
hr,device_enrollments,table,12,employee_id,uuid,uuid,YES,,,
hr,device_enrollments,table,13,match_status,text,text,NO,'pendiente'::text,,
hr,device_enrollments,table,14,match_score,numeric,numeric,YES,,,
hr,device_enrollments,table,15,match_reason,text,text,YES,,,
hr,device_enrollments,table,16,first_seen_at,timestamp with time zone,timestamptz,NO,now(),,
hr,device_enrollments,table,17,last_seen_at,timestamp with time zone,timestamptz,NO,now(),,
hr,device_enrollments,table,18,is_present,boolean,bool,NO,true,,
hr,device_enrollments,table,19,created_at,timestamp with time zone,timestamptz,NO,now(),,
hr,device_enrollments,table,20,updated_at,timestamp with time zone,timestamptz,NO,now(),,
hr,device_enrollments,table,21,updated_by,uuid,uuid,YES,,,
hr,device_sync_runs,table,1,id,uuid,uuid,NO,gen_random_uuid(),,
hr,device_sync_runs,table,2,tenant_id,uuid,uuid,NO,,,1
hr,device_sync_runs,table,3,device_id,uuid,uuid,YES,,,
hr,device_sync_runs,table,4,serial_number,text,text,YES,,,
hr,device_sync_runs,table,5,ip_address,text,text,YES,,,
hr,device_sync_runs,table,6,started_at,timestamp with time zone,timestamptz,NO,now(),,
hr,device_sync_runs,table,7,finished_at,timestamp with time zone,timestamptz,YES,,,
hr,device_sync_runs,table,8,duration_ms,integer,int4,YES,,,
hr,device_sync_runs,table,9,status,text,text,NO,'running'::text,,
hr,device_sync_runs,table,10,users_read,integer,int4,NO,0,,
hr,device_sync_runs,table,11,logs_read,integer,int4,NO,0,,
hr,device_sync_runs,table,12,logs_inserted,integer,int4,NO,0,,
hr,device_sync_runs,table,13,enrollments_upserted,integer,int4,NO,0,,
hr,device_sync_runs,table,14,clock_drift_seconds,integer,int4,YES,,,
hr,device_sync_runs,table,15,error,text,text,YES,,,
hr,employees,table,1,id,uuid,uuid,NO,gen_random_uuid(),,
hr,employees,table,2,tenant_id,uuid,uuid,NO,,,1
hr,employees,table,3,employee_code,text,text,YES,,,
hr,employees,table,4,full_name,text,text,NO,,,
hr,employees,table,5,short_name,text,text,YES,,,
hr,employees,table,6,site_code,text,text,YES,,,
hr,employees,table,7,department,text,text,YES,,,
hr,employees,table,8,position,text,text,YES,,,
hr,employees,table,9,status,text,text,NO,'activo'::text,,
hr,employees,table,10,hired_at,date,date,YES,,,
hr,employees,table,11,terminated_at,date,date,YES,,,
hr,employees,table,12,notes,text,text,YES,,,
hr,employees,table,13,created_at,timestamp with time zone,timestamptz,NO,now(),,
hr,employees,table,14,updated_at,timestamp with time zone,timestamptz,NO,now(),,
hr,employees,table,15,created_by,uuid,uuid,YES,,,
hr,employees,table,16,updated_by,uuid,uuid,YES,,,
identity,brands_dedup_backup_20260716,table,1,id,uuid,uuid,YES,,,
identity,brands_dedup_backup_20260716,table,2,tenant_id,uuid,uuid,YES,,,1
identity,brands_dedup_backup_20260716,table,3,nombre,character varying,varchar,YES,,100,
identity,brands_dedup_backup_20260716,table,4,activo,boolean,bool,YES,,,
identity,brands_dedup_backup_20260716,table,5,orden,integer,int4,YES,,,
identity,brands_dedup_backup_20260716,table,6,created_at,timestamp with time zone,timestamptz,YES,,,
identity,brands_dedup_backup_20260716,table,7,created_by,uuid,uuid,YES,,,
identity,brands_dedup_backup_20260716,table,8,updated_at,timestamp with time zone,timestamptz,YES,,,
identity,brands_dedup_backup_20260716,table,9,updated_by,uuid,uuid,YES,,,
identity,brands_dedup_backup_20260716,table,10,deleted_at,timestamp with time zone,timestamptz,YES,,,
identity,brands_dedup_backup_20260716,table,11,deleted_by,uuid,uuid,YES,,,
identity,brands_dedup_backup_20260716,table,12,code,character varying,varchar,YES,,20,
identity,brands_dedup_backup_20260716,table,13,is_commercial,boolean,bool,YES,,,
identity,brands_dedup_backup_20260716,table,14,display_name,character varying,varchar,YES,,255,
identity,departments,table,1,id,uuid,uuid,NO,gen_random_uuid(),,
identity,departments,table,2,tenant_id,uuid,uuid,NO,,,1
identity,departments,table,3,code,character varying,varchar,NO,,50,
identity,departments,table,4,name,character varying,varchar,NO,,150,
identity,departments,table,5,orden,integer,int4,NO,0,,
identity,departments,table,6,created_at,timestamp with time zone,timestamptz,NO,now(),,
identity,departments,table,7,created_by,uuid,uuid,YES,,,
identity,departments,table,8,updated_at,timestamp with time zone,timestamptz,NO,now(),,
identity,departments,table,9,updated_by,uuid,uuid,YES,,,
identity,departments,table,10,deleted_at,timestamp with time zone,timestamptz,YES,,,
identity,departments,table,11,deleted_by,uuid,uuid,YES,,,
identity,departments,table,12,scope_axis,character varying,varchar,YES,,12,
identity,knex_migrations,table,1,id,integer,int4,NO,nextval('knex_migrations_id_seq'::regclass),,
identity,knex_migrations,table,2,name,character varying,varchar,YES,,255,
identity,knex_migrations,table,3,batch,integer,int4,YES,,,
identity,knex_migrations,table,4,migration_time,timestamp with time zone,timestamptz,YES,,,
identity,knex_migrations_lock,table,1,index,integer,int4,NO,nextval('knex_migrations_lock_index_seq'::regclass),,
identity,knex_migrations_lock,table,2,is_locked,integer,int4,YES,,,
identity,position_responsibilities,table,1,id,uuid,uuid,NO,gen_random_uuid(),,
identity,position_responsibilities,table,2,tenant_id,uuid,uuid,NO,,,1
identity,position_responsibilities,table,3,position_code,character varying,varchar,NO,,50,
identity,position_responsibilities,table,4,responsibility_key,character varying,varchar,NO,,60,
identity,position_responsibilities,table,5,es_principal,boolean,bool,NO,false,,
identity,position_responsibilities,table,6,created_at,timestamp with time zone,timestamptz,NO,CURRENT_TIMESTAMP,,
identity,position_responsibilities,table,7,created_by,uuid,uuid,YES,,,
identity,position_responsibilities,table,8,updated_at,timestamp with time zone,timestamptz,NO,CURRENT_TIMESTAMP,,
identity,position_responsibilities,table,9,updated_by,uuid,uuid,YES,,,
identity,position_responsibilities,table,10,deleted_at,timestamp with time zone,timestamptz,YES,,,
identity,position_responsibilities,table,11,deleted_by,uuid,uuid,YES,,,
identity,positions,table,1,id,uuid,uuid,NO,gen_random_uuid(),,
identity,positions,table,2,tenant_id,uuid,uuid,NO,,,1
identity,positions,table,3,code,character varying,varchar,NO,,50,
identity,positions,table,4,name,character varying,varchar,NO,,150,
identity,positions,table,5,org_labels,ARRAY,_text,NO,'{}'::text[],,
identity,positions,table,6,orden,integer,int4,NO,0,,
identity,positions,table,7,created_at,timestamp with time zone,timestamptz,NO,now(),,
identity,positions,table,8,created_by,uuid,uuid,YES,,,
identity,positions,table,9,updated_at,timestamp with time zone,timestamptz,NO,now(),,
identity,positions,table,10,updated_by,uuid,uuid,YES,,,
identity,positions,table,11,deleted_at,timestamp with time zone,timestamptz,YES,,,
identity,positions,table,12,deleted_by,uuid,uuid,YES,,,
identity,positions,table,13,department_code,character varying,varchar,YES,,60,
identity,positions,table,14,default_role,character varying,varchar,YES,,100,
identity,positions,table,15,scope_axis,character varying,varchar,YES,,12,
identity,positions,table,16,reports_to_position_code,character varying,varchar,YES,,50,
identity,positions,table,17,default_complements,ARRAY,_text,NO,'{}'::text[],,
identity,products_dedup_backup_20260716,table,1,id,uuid,uuid,YES,,,
identity,products_dedup_backup_20260716,table,2,tenant_id,uuid,uuid,YES,,,1
identity,products_dedup_backup_20260716,table,3,brand_id,uuid,uuid,YES,,,
identity,products_dedup_backup_20260716,table,4,nombre,character varying,varchar,YES,,150,
identity,products_dedup_backup_20260716,table,5,activo,boolean,bool,YES,,,
identity,products_dedup_backup_20260716,table,6,orden,integer,int4,YES,,,
identity,products_dedup_backup_20260716,table,7,puntuacion,numeric,numeric,YES,,,
identity,products_dedup_backup_20260716,table,8,created_at,timestamp with time zone,timestamptz,YES,,,
identity,products_dedup_backup_20260716,table,9,created_by,uuid,uuid,YES,,,
identity,products_dedup_backup_20260716,table,10,updated_at,timestamp with time zone,timestamptz,YES,,,
identity,products_dedup_backup_20260716,table,11,updated_by,uuid,uuid,YES,,,
identity,products_dedup_backup_20260716,table,12,deleted_at,timestamp with time zone,timestamptz,YES,,,
identity,products_dedup_backup_20260716,table,13,deleted_by,uuid,uuid,YES,,,
identity,products_dedup_backup_20260716,table,14,embedding,USER-DEFINED,vector,YES,,,
identity,products_dedup_backup_20260716,table,15,embedding_source_text,text,text,YES,,,
identity,products_dedup_backup_20260716,table,16,embedding_updated_at,timestamp with time zone,timestamptz,YES,,,
identity,products_dedup_backup_20260716,table,17,articulo,character varying,varchar,YES,,20,
identity,products_dedup_backup_20260716,table,18,sku,character varying,varchar,YES,,20,
identity,products_dedup_backup_20260716,table,19,barcode,character varying,varchar,YES,,30,
identity,products_dedup_backup_20260716,table,20,category_id,uuid,uuid,YES,,,
identity,products_dedup_backup_20260716,table,21,unit_purchase,character varying,varchar,YES,,10,
identity,products_dedup_backup_20260716,table,22,unit_sale,character varying,varchar,YES,,10,
identity,products_dedup_backup_20260716,table,23,factor_purchase,integer,int4,YES,,,
identity,products_dedup_backup_20260716,table,24,factor_sale,integer,int4,YES,,,
identity,products_dedup_backup_20260716,table,25,iva_rate,numeric,numeric,YES,,,
identity,products_dedup_backup_20260716,table,26,ieps_rate,numeric,numeric,YES,,,
identity,products_dedup_backup_20260716,table,27,description,text,text,YES,,,
identity,products_dedup_backup_20260716,table,28,cost_with_tax,numeric,numeric,YES,,,
identity,products_dedup_backup_20260716,table,29,cost_per_case,numeric,numeric,YES,,,
identity,products_dedup_backup_20260716,table,30,cost_base,numeric,numeric,YES,,,
identity,products_dedup_backup_20260716,table,31,location,character varying,varchar,YES,,20,
identity,products_dedup_backup_20260716,table,32,location_warehouse,character varying,varchar,YES,,20,
identity,products_dedup_backup_20260716,table,33,iva_purchase_rate,numeric,numeric,YES,,,
identity,products_dedup_backup_20260716,table,34,ieps_purchase_rate,numeric,numeric,YES,,,
identity,products_dedup_backup_20260716,table,35,loyalty_points,integer,int4,YES,,,
identity,products_dedup_backup_20260716,table,36,image_url,text,text,YES,,,
identity,products_dedup_backup_20260716,table,37,image_source,character varying,varchar,YES,,20,
identity,products_dedup_backup_20260716,table,38,image_storage_key,text,text,YES,,,
identity,products_dedup_backup_20260716,table,39,image_updated_at,timestamp with time zone,timestamptz,YES,,,
identity,products_dedup_backup_20260716,table,40,sales_units_30d,integer,int4,YES,,,
identity,products_dedup_backup_20260716,table,41,rotation_tier,character varying,varchar,YES,,10,
identity,products_dedup_backup_20260716,table,42,department,character varying,varchar,YES,,60,
identity,products_dedup_backup_20260716,table,43,product_line,character varying,varchar,YES,,60,
identity,products_dedup_backup_20260716,table,44,supplier_id,uuid,uuid,YES,,,
identity,products_dedup_backup_20260716,table,45,sales_units_90d,integer,int4,YES,,,
identity,products_dedup_backup_20260716,table,46,sat_clave_prod_serv,character varying,varchar,YES,,8,
identity,products_dedup_backup_20260716,table,47,sat_clave_unidad,character varying,varchar,YES,,3,
identity,products_dedup_backup_20260716,table,48,sat_material_peligroso,boolean,bool,YES,,,
identity,products_dedup_backup_20260716,table,49,markup_pct,numeric,numeric,YES,,,
identity,products_dedup_backup_20260716,table,50,is_promo,boolean,bool,YES,,,
identity,products_dedup_backup_20260716,table,51,in_planogram,boolean,bool,YES,,,
identity,responsibilities,table,1,key,character varying,varchar,NO,,60,
identity,responsibilities,table,2,label,character varying,varchar,NO,,150,
identity,responsibilities,table,3,descripcion,text,text,NO,''::text,,
identity,responsibilities,table,4,dimension,character varying,varchar,YES,,40,
identity,responsibilities,table,5,orden,integer,int4,NO,0,,
identity,responsibilities,table,6,created_at,timestamp with time zone,timestamptz,NO,now(),,
identity,role_permissions,table,1,id,uuid,uuid,NO,gen_random_uuid(),,
identity,role_permissions,table,2,tenant_id,uuid,uuid,NO,,,1
identity,role_permissions,table,3,role_name,character varying,varchar,NO,,50,
identity,role_permissions,table,4,permissions,jsonb,jsonb,NO,'{}'::jsonb,,
identity,role_permissions,table,5,created_at,timestamp with time zone,timestamptz,NO,CURRENT_TIMESTAMP,,
identity,role_permissions,table,6,created_by,uuid,uuid,YES,,,
identity,role_permissions,table,7,updated_at,timestamp with time zone,timestamptz,NO,CURRENT_TIMESTAMP,,
identity,role_permissions,table,8,updated_by,uuid,uuid,YES,,,
identity,role_permissions,table,9,deleted_at,timestamp with time zone,timestamptz,YES,,,
identity,role_permissions,table,10,deleted_by,uuid,uuid,YES,,,
identity,role_permissions,table,11,activo,boolean,bool,YES,,,
identity,role_permissions,table,12,kind,character varying,varchar,NO,'perfil'::character varying,20,
identity,role_permissions,table,13,is_platform_admin,boolean,bool,NO,false,,
identity,role_scopes,table,1,id,uuid,uuid,NO,gen_random_uuid(),,
identity,role_scopes,table,2,tenant_id,uuid,uuid,NO,,,1
identity,role_scopes,table,3,role_name,character varying,varchar,NO,,100,
identity,role_scopes,table,4,dimension,character varying,varchar,NO,,40,
identity,role_scopes,table,5,mode,character varying,varchar,NO,,10,
identity,role_scopes,table,6,values,ARRAY,_text,YES,,,
identity,role_scopes,table,7,mode_write,character varying,varchar,YES,,10,
identity,role_scopes,table,8,nota,text,text,YES,,,
identity,role_scopes,table,9,created_at,timestamp with time zone,timestamptz,NO,CURRENT_TIMESTAMP,,
identity,role_scopes,table,10,created_by,uuid,uuid,YES,,,
identity,role_scopes,table,11,updated_at,timestamp with time zone,timestamptz,NO,CURRENT_TIMESTAMP,,
identity,role_scopes,table,12,updated_by,uuid,uuid,YES,,,
identity,scope_dimensions,table,1,code,character varying,varchar,NO,,40,
identity,scope_dimensions,table,2,label,character varying,varchar,NO,,120,
identity,scope_dimensions,table,3,ref_table,character varying,varchar,NO,,120,
identity,scope_dimensions,table,4,ref_key,character varying,varchar,NO,,40,
identity,scope_dimensions,table,5,orden,integer,int4,NO,100,,
identity,scope_dimensions,table,6,supports_own,boolean,bool,NO,false,,
identity,scope_dimensions,table,7,created_at,timestamp with time zone,timestamptz,NO,CURRENT_TIMESTAMP,,
identity,tenants,table,1,id,uuid,uuid,NO,gen_random_uuid(),,
identity,tenants,table,2,slug,character varying,varchar,NO,,64,
identity,tenants,table,3,nombre,character varying,varchar,NO,,200,
identity,tenants,table,4,activo,boolean,bool,NO,true,,
identity,tenants,table,5,plan,character varying,varchar,NO,'standard'::character varying,32,
identity,tenants,table,6,metadata,jsonb,jsonb,NO,'{}'::jsonb,,
identity,tenants,table,7,created_at,timestamp with time zone,timestamptz,NO,CURRENT_TIMESTAMP,,
identity,tenants,table,8,updated_at,timestamp with time zone,timestamptz,NO,CURRENT_TIMESTAMP,,
identity,tenants,table,9,deleted_at,timestamp with time zone,timestamptz,YES,,,
identity,user_events,table,1,id,uuid,uuid,NO,gen_random_uuid(),,
identity,user_events,table,2,tenant_id,uuid,uuid,NO,,,1
identity,user_events,table,3,user_id,uuid,uuid,NO,,,
identity,user_events,table,4,event,character varying,varchar,NO,,40,
identity,user_events,table,5,detalle,jsonb,jsonb,NO,'{}'::jsonb,,
identity,user_events,table,6,actor_user_id,uuid,uuid,YES,,,
identity,user_events,table,7,actor_username,character varying,varchar,YES,,64,
identity,user_events,table,8,created_at,timestamp with time zone,timestamptz,NO,CURRENT_TIMESTAMP,,
identity,user_permissions,table,1,tenant_id,uuid,uuid,NO,,,1
identity,user_permissions,table,2,user_id,uuid,uuid,NO,,,
identity,user_permissions,table,3,permission_key,character varying,varchar,NO,,80,
identity,user_permissions,table,4,allow,boolean,bool,NO,,,
identity,user_permissions,table,5,nota,text,text,YES,,,
identity,user_permissions,table,6,granted_by,uuid,uuid,YES,,,
identity,user_permissions,table,7,granted_by_username,character varying,varchar,YES,,60,
identity,user_permissions,table,8,created_at,timestamp with time zone,timestamptz,YES,CURRENT_TIMESTAMP,,
identity,user_permissions,table,9,updated_at,timestamp with time zone,timestamptz,YES,CURRENT_TIMESTAMP,,
identity,user_responsibilities,table,1,id,uuid,uuid,NO,gen_random_uuid(),,
identity,user_responsibilities,table,2,tenant_id,uuid,uuid,NO,,,1
identity,user_responsibilities,table,3,user_id,uuid,uuid,NO,,,
identity,user_responsibilities,table,4,responsibility_key,character varying,varchar,NO,,60,
identity,user_responsibilities,table,5,accion,character varying,varchar,NO,,10,
identity,user_responsibilities,table,6,nota,text,text,NO,,,
identity,user_responsibilities,table,7,valid_from,date,date,NO,CURRENT_DATE,,
identity,user_responsibilities,table,8,valid_to,date,date,YES,,,
identity,user_responsibilities,table,9,created_at,timestamp with time zone,timestamptz,NO,CURRENT_TIMESTAMP,,
identity,user_responsibilities,table,10,created_by,uuid,uuid,YES,,,
identity,user_responsibilities,table,11,updated_at,timestamp with time zone,timestamptz,NO,CURRENT_TIMESTAMP,,
identity,user_responsibilities,table,12,updated_by,uuid,uuid,YES,,,
identity,user_responsibilities,table,13,deleted_at,timestamp with time zone,timestamptz,YES,,,
identity,user_responsibilities,table,14,deleted_by,uuid,uuid,YES,,,
identity,user_roles,table,1,id,uuid,uuid,NO,gen_random_uuid(),,
identity,user_roles,table,2,tenant_id,uuid,uuid,NO,,,1
identity,user_roles,table,3,user_id,uuid,uuid,NO,,,
identity,user_roles,table,4,role_name,character varying,varchar,NO,,100,
identity,user_roles,table,5,is_primary,boolean,bool,NO,false,,
identity,user_roles,table,6,nota,text,text,YES,,,
identity,user_roles,table,7,created_at,timestamp with time zone,timestamptz,NO,CURRENT_TIMESTAMP,,
identity,user_roles,table,8,created_by,uuid,uuid,YES,,,
identity,user_roles,table,9,updated_at,timestamp with time zone,timestamptz,NO,CURRENT_TIMESTAMP,,
identity,user_roles,table,10,updated_by,uuid,uuid,YES,,,
identity,user_scopes,table,1,id,uuid,uuid,NO,gen_random_uuid(),,
identity,user_scopes,table,2,tenant_id,uuid,uuid,NO,,,1
identity,user_scopes,table,3,user_id,uuid,uuid,NO,,,
identity,user_scopes,table,4,dimension,character varying,varchar,NO,,40,
identity,user_scopes,table,5,mode,character varying,varchar,NO,,10,
identity,user_scopes,table,6,values,ARRAY,_text,YES,,,
identity,user_scopes,table,7,mode_write,character varying,varchar,YES,,10,
identity,user_scopes,table,8,nota,text,text,YES,,,
identity,user_scopes,table,9,created_at,timestamp with time zone,timestamptz,NO,CURRENT_TIMESTAMP,,
identity,user_scopes,table,10,created_by,uuid,uuid,YES,,,
identity,user_scopes,table,11,updated_at,timestamp with time zone,timestamptz,NO,CURRENT_TIMESTAMP,,
identity,user_scopes,table,12,updated_by,uuid,uuid,YES,,,
identity,users,table,1,id,uuid,uuid,NO,gen_random_uuid(),,
identity,users,table,2,tenant_id,uuid,uuid,NO,,,1
identity,users,table,3,username,character varying,varchar,NO,,100,
identity,users,table,4,password_hash,character varying,varchar,YES,,255,
identity,users,table,5,nombre,character varying,varchar,YES,,150,
identity,users,table,6,zona_id,uuid,uuid,YES,,,
identity,users,table,7,role_name,character varying,varchar,NO,,50,
identity,users,table,8,supervisor_id,uuid,uuid,YES,,,
identity,users,table,9,activo,boolean,bool,NO,true,,
identity,users,table,10,meta_puntos,integer,int4,NO,5000,,
identity,users,table,11,created_at,timestamp with time zone,timestamptz,NO,CURRENT_TIMESTAMP,,
identity,users,table,12,created_by,uuid,uuid,YES,,,
identity,users,table,13,updated_at,timestamp with time zone,timestamptz,NO,CURRENT_TIMESTAMP,,
identity,users,table,14,updated_by,uuid,uuid,YES,,,
identity,users,table,15,deleted_at,timestamp with time zone,timestamptz,YES,,,
identity,users,table,16,deleted_by,uuid,uuid,YES,,,
identity,users,table,17,customer_id,uuid,uuid,YES,,,
identity,users,table,18,last_login_at,timestamp with time zone,timestamptz,YES,,,
identity,users,table,19,last_login_ip,character varying,varchar,YES,,45,
identity,users,table,20,last_login_user_agent,text,text,YES,,,
identity,users,table,21,warehouse_code,character varying,varchar,YES,,4,
identity,users,table,22,finance_expense_area_ids,ARRAY,_uuid,YES,,,
identity,users,table,23,warehouse_id,uuid,uuid,YES,,,
identity,users,table,24,department_code,character varying,varchar,YES,,50,
identity,users,table,25,position_code,character varying,varchar,YES,,50,
identity,users,table,26,status,character varying,varchar,NO,'active'::character varying,20,
identity,users,table,27,must_change_password,boolean,bool,NO,false,,
identity,users,table,28,password_changed_at,timestamp with time zone,timestamptz,YES,,,
identity,users,table,29,terminated_at,timestamp with time zone,timestamptz,YES,,,
identity,users,table,30,kind,character varying,varchar,NO,'interno'::character varying,20,
identity,users,table,31,expires_at,timestamp with time zone,timestamptz,YES,,,
identity,users,table,32,route_id,uuid,uuid,YES,,,
identity,users,table,33,token_ttl_days,integer,int4,YES,,,
identity,v_authz_coherencia,view,1,tenant_id,uuid,uuid,YES,,,1
identity,v_authz_coherencia,view,2,tipo,text,text,YES,,,
identity,v_authz_coherencia,view,3,sujeto,character varying,varchar,YES,,,
identity,v_authz_coherencia,view,4,detalle,character varying,varchar,YES,,,
identity,v_authz_coherencia,view,5,cuantos,integer,int4,YES,,,
identity,v_authz_coherencia,view,6,de_cuantos,integer,int4,YES,,,
identity,v_authz_coherencia,view,7,dice,text,text,YES,,,
identity,v_position_history,view,1,tenant_id,uuid,uuid,YES,,,1
identity,v_position_history,view,2,user_id,uuid,uuid,YES,,,
identity,v_position_history,view,3,position_code,text,text,YES,,,
identity,v_position_history,view,4,department_code,text,text,YES,,,
identity,v_position_history,view,5,desde,timestamp with time zone,timestamptz,YES,,,
identity,v_position_history,view,6,hasta,timestamp with time zone,timestamptz,YES,,,
identity,v_position_history,view,7,vigente,boolean,bool,YES,,,
identity,v_position_history,view,8,desde_origen,text,text,YES,,,
identity,v_position_history,view,9,motivo,text,text,YES,,,
identity,v_position_history,view,10,actor_user_id,uuid,uuid,YES,,,
identity,v_position_history,view,11,actor_username,character varying,varchar,YES,,64,
identity,v_position_history,view,12,registrado_at,timestamp with time zone,timestamptz,YES,,,
intelligence,pdv_presence,table,1,id,uuid,uuid,NO,gen_random_uuid(),,
intelligence,pdv_presence,table,2,tenant_id,uuid,uuid,NO,,,1
intelligence,pdv_presence,table,3,customer_id,uuid,uuid,NO,,,
intelligence,pdv_presence,table,4,product_id,uuid,uuid,NO,,,
intelligence,pdv_presence,table,5,marks,integer,int4,NO,0,,
intelligence,pdv_presence,table,6,capture_count,integer,int4,NO,0,,
intelligence,pdv_presence,table,7,last_seen,timestamp with time zone,timestamptz,YES,,,
intelligence,pdv_presence,table,8,computed_at,timestamp with time zone,timestamptz,NO,CURRENT_TIMESTAMP,,
intelligence,product_affinity,table,1,id,uuid,uuid,NO,gen_random_uuid(),,
intelligence,product_affinity,table,2,tenant_id,uuid,uuid,NO,,,1
intelligence,product_affinity,table,3,product_a,uuid,uuid,NO,,,
intelligence,product_affinity,table,4,product_b,uuid,uuid,NO,,,
intelligence,product_affinity,table,5,co_count,integer,int4,NO,0,,
intelligence,product_affinity,table,6,support,numeric,numeric,YES,,,
intelligence,product_affinity,table,7,confidence,numeric,numeric,YES,,,
intelligence,product_affinity,table,8,lift,numeric,numeric,YES,,,
intelligence,product_affinity,table,9,computed_at,timestamp with time zone,timestamptz,NO,CURRENT_TIMESTAMP,,
intelligence,push_directives,table,1,id,uuid,uuid,NO,gen_random_uuid(),,
intelligence,push_directives,table,2,tenant_id,uuid,uuid,NO,,,1
intelligence,push_directives,table,3,directive_type,character varying,varchar,NO,,20,
intelligence,push_directives,table,4,target_kind,character varying,varchar,NO,,10,
intelligence,push_directives,table,5,target_id,uuid,uuid,NO,,,
intelligence,push_directives,table,6,boost,numeric,numeric,NO,0.5,,
intelligence,push_directives,table,7,reason,character varying,varchar,NO,,80,
intelligence,push_directives,table,8,sponsor,character varying,varchar,YES,,80,
intelligence,push_directives,table,9,valid_from,date,date,YES,,,
intelligence,push_directives,table,10,valid_to,date,date,YES,,,
intelligence,push_directives,table,11,active,boolean,bool,NO,true,,
intelligence,push_directives,table,12,created_at,timestamp with time zone,timestamptz,NO,CURRENT_TIMESTAMP,,
intelligence,push_directives,table,13,created_by,uuid,uuid,YES,,,
intelligence,push_directives,table,14,updated_at,timestamp with time zone,timestamptz,NO,CURRENT_TIMESTAMP,,
intelligence,push_directives,table,15,deleted_at,timestamp with time zone,timestamptz,YES,,,
intelligence,zone_demand,table,1,id,uuid,uuid,NO,gen_random_uuid(),,
intelligence,zone_demand,table,2,tenant_id,uuid,uuid,NO,,,1
intelligence,zone_demand,table,3,zona,character varying,varchar,NO,,100,
intelligence,zone_demand,table,4,product_id,uuid,uuid,NO,,,
intelligence,zone_demand,table,5,units,numeric,numeric,YES,,,
intelligence,zone_demand,table,6,revenue,numeric,numeric,YES,,,
intelligence,zone_demand,table,7,demand_index,numeric,numeric,YES,,,
intelligence,zone_demand,table,8,rank,integer,int4,YES,,,
intelligence,zone_demand,table,9,computed_at,timestamp with time zone,timestamptz,NO,CURRENT_TIMESTAMP,,
inventory,products,table,1,sku,character varying,varchar,NO,,20,
inventory,products,table,2,producto_servicio,boolean,bool,YES,,,
inventory,products,table,3,codigo_barras,character varying,varchar,YES,,30,
inventory,products,table,4,subfamilia,character varying,varchar,YES,,10,
inventory,products,table,5,nombre,character varying,varchar,YES,,100,
inventory,products,table,6,descripcion,character varying,varchar,YES,,200,
inventory,products,table,7,unidad_compra,character varying,varchar,YES,,10,
inventory,products,table,8,unidad_venta,character varying,varchar,YES,,10,
inventory,products,table,9,factor_compra,bigint,int8,YES,,,
inventory,products,table,10,factor_venta,bigint,int8,YES,,,
inventory,products,table,11,venta_valor_anual,numeric,numeric,YES,,,
inventory,products,table,12,venta_valor_costo_anual,numeric,numeric,YES,,,
inventory,products,table,13,venta_unidad_anual,numeric,numeric,YES,,,
inventory,products,table,14,categoria,character varying,varchar,YES,,10,
inventory,products,table,15,ieps_compra,bigint,int8,YES,,,
inventory,products,table,16,iva_compra,bigint,int8,YES,,,
inventory,products,table,17,ieps_venta,bigint,int8,YES,,,
inventory,products,table,18,iva_venta,bigint,int8,YES,,,
inventory,products,table,19,ptos_frecuencia,bigint,int8,YES,,,
inventory,products,table,20,fecha_alta,timestamp with time zone,timestamptz,YES,,,
inventory,products,table,21,fecha_ultima_modificacion,timestamp with time zone,timestamptz,YES,,,
inventory,products,table,22,a_1,character varying,varchar,YES,,20,
inventory,products,table,23,a_2,character varying,varchar,YES,,10,
inventory,products,table,24,a_3,character varying,varchar,YES,,10,
inventory,products,table,25,synced_at,timestamp with time zone,timestamptz,NO,CURRENT_TIMESTAMP,,
inventory,products,table,26,synced_from,character varying,varchar,YES,'erp.catalogo_completo'::character varying,50,
inventory,products,table,27,image_url,text,text,YES,,,
inventory,products,table,28,image_source,character varying,varchar,YES,,20,
inventory,products,table,29,image_storage_key,character varying,varchar,YES,,255,
inventory,products,table,30,image_updated_at,timestamp with time zone,timestamptz,YES,,,
inventory,products_active,table,1,sku,character varying,varchar,NO,,20,
inventory,products_active,table,2,codigo_barras,character varying,varchar,YES,,30,
inventory,products_active,table,3,subfamilia,character varying,varchar,YES,,10,
inventory,products_active,table,4,nombre,character varying,varchar,YES,,100,
inventory,products_active,table,5,descripcion,character varying,varchar,YES,,200,
inventory,products_active,table,6,unidad_compra,character varying,varchar,YES,,10,
inventory,products_active,table,7,unidad_venta,character varying,varchar,YES,,10,
inventory,products_active,table,8,categoria,character varying,varchar,YES,,10,
inventory,products_active,table,9,synced_at,timestamp with time zone,timestamptz,NO,CURRENT_TIMESTAMP,,
inventory,products_active,table,10,image_url,text,text,YES,,,
inventory,products_active,table,11,image_source,character varying,varchar,YES,,20,
inventory,products_active,table,12,image_storage_key,character varying,varchar,YES,,255,
inventory,products_active,table,13,image_updated_at,timestamp with time zone,timestamptz,YES,,,
inventory,warehouse_stock,table,1,id,uuid,uuid,NO,gen_random_uuid(),,
inventory,warehouse_stock,table,2,tenant_id,uuid,uuid,NO,,,1
inventory,warehouse_stock,table,3,warehouse_id,uuid,uuid,NO,,,
inventory,warehouse_stock,table,4,sku,character varying,varchar,NO,,40,
inventory,warehouse_stock,table,5,quantity,numeric,numeric,NO,'0'::numeric,,
inventory,warehouse_stock,table,6,reserved_quantity,numeric,numeric,NO,'0'::numeric,,
inventory,warehouse_stock,table,7,updated_at,timestamp with time zone,timestamptz,NO,CURRENT_TIMESTAMP,,
inventory,warehouse_stock,table,8,updated_by,uuid,uuid,YES,,,
inventory,warehouse_stock_movements,table,1,id,uuid,uuid,NO,gen_random_uuid(),,
inventory,warehouse_stock_movements,table,2,tenant_id,uuid,uuid,NO,,,1
inventory,warehouse_stock_movements,table,3,warehouse_id,uuid,uuid,NO,,,
inventory,warehouse_stock_movements,table,4,sku,character varying,varchar,NO,,40,
inventory,warehouse_stock_movements,table,5,movement_type,character varying,varchar,NO,,20,
inventory,warehouse_stock_movements,table,6,quantity,numeric,numeric,NO,,,
inventory,warehouse_stock_movements,table,7,quantity_before,numeric,numeric,YES,,,
inventory,warehouse_stock_movements,table,8,quantity_after,numeric,numeric,YES,,,
inventory,warehouse_stock_movements,table,9,reference_type,character varying,varchar,YES,,50,
inventory,warehouse_stock_movements,table,10,reference_id,uuid,uuid,YES,,,
inventory,warehouse_stock_movements,table,11,notes,text,text,YES,,,
inventory,warehouse_stock_movements,table,12,created_at,timestamp with time zone,timestamptz,NO,CURRENT_TIMESTAMP,,
inventory,warehouse_stock_movements,table,13,created_by,uuid,uuid,YES,,,
inventory,warehouse_stock_movements,table,14,reason_code,character varying,varchar,YES,,30,
kepler_ods,_sync_status,table,1,table_name,text,text,NO,,,
kepler_ods,_sync_status,table,2,last_push_at,timestamp with time zone,timestamptz,NO,now(),,
kepler_ods,_sync_status,table,3,rows_last,integer,int4,YES,0,,
kepler_ods,_sync_status,table,4,rows_seen,integer,int4,YES,0,,
kepler_ods,ctl,table,1,sucursal,text,text,NO,,,
kepler_ods,ctl,table,2,table_name,text,text,NO,,,
kepler_ods,ctl,table,3,last_ctid,text,text,YES,,,
kepler_ods,ctl,table,4,rows_last,integer,int4,YES,,,
kepler_ods,ctl,table,5,changed_last,integer,int4,YES,,,
kepler_ods,ctl,table,6,last_run_at,timestamp with time zone,timestamptz,YES,,,
kepler_ods,datfisparams,table,1,sucursal,text,text,NO,,,
kepler_ods,datfisparams,table,2,k_code,text,text,NO,,,
kepler_ods,datfisparams,table,3,k_param,text,text,YES,,,
kepler_ods,doctype,table,1,sucursal,text,text,NO,,,
kepler_ods,doctype,table,2,k_code,text,text,NO,,,
kepler_ods,doctype,table,3,k_parent,text,text,YES,,,
kepler_ods,doctype,table,4,k_dscr,text,text,YES,,,
kepler_ods,doctype,table,5,k_level,text,text,YES,,,
kepler_ods,doctype,table,6,k_foliocode,text,text,YES,,,
kepler_ods,doctype,table,7,k_foliofield,text,text,YES,,,
kepler_ods,doctype,table,8,k_gender,text,text,YES,,,
kepler_ods,doctype,table,9,k_nature,text,text,YES,,,
kepler_ods,doctype,table,10,k_inactive,numeric,numeric,YES,,,
kepler_ods,doctype,table,11,k_sttstc,text,text,YES,,,
kepler_ods,doctype,table,12,k_jtype,text,text,YES,,,
kepler_ods,doctype,table,13,k_doc7,text,text,YES,,,
kepler_ods,doctype,table,14,k_binv,numeric,numeric,YES,,,
kepler_ods,doctype,table,15,k_bacr,numeric,numeric,YES,,,
kepler_ods,doctype,table,16,k_bacc,numeric,numeric,YES,,,
kepler_ods,doctype,table,17,k_bcash,numeric,numeric,YES,,,
kepler_ods,doctype,table,18,k_pg,text,text,YES,,,
kepler_ods,doctype,table,19,k_pgcode,text,text,YES,,,
kepler_ods,doctype,table,20,k_pginv,text,text,YES,,,
kepler_ods,doctype,table,21,k_pgprt,text,text,YES,,,
kepler_ods,doctype,table,22,k_pgacc,text,text,YES,,,
kepler_ods,k95doc,table,1,sucursal,text,text,NO,,,
kepler_ods,k95doc,table,2,c1,text,text,NO,,,
kepler_ods,k95doc,table,3,c2,text,text,YES,,,
kepler_ods,k95doc,table,4,c3,text,text,YES,,,
kepler_ods,k95doc,table,5,c4,text,text,YES,,,
kepler_ods,k95doc,table,6,c5,text,text,YES,,,
kepler_ods,k95doc,table,7,c6,text,text,YES,,,
kepler_ods,k95doc,table,8,c7,text,text,YES,,,
kepler_ods,k95doc,table,9,c8,text,text,YES,,,
kepler_ods,k95doc,table,10,c9,text,text,YES,,,
kepler_ods,k95doc,table,11,c10,text,text,YES,,,
kepler_ods,k95doccat1,table,1,sucursal,text,text,NO,,,
kepler_ods,k95doccat1,table,2,c1,text,text,NO,,,
kepler_ods,k95doccat1,table,3,c2,text,text,YES,,,
kepler_ods,k95doccat2,table,1,sucursal,text,text,NO,,,
kepler_ods,k95doccat2,table,2,c1,text,text,NO,,,
kepler_ods,k95doccat2,table,3,c2,text,text,NO,,,
kepler_ods,k95doccat2,table,4,c3,text,text,YES,,,
kepler_ods,k95doccat3,table,1,sucursal,text,text,NO,,,
kepler_ods,k95doccat3,table,2,c1,text,text,NO,,,
kepler_ods,k95doccat3,table,3,c2,text,text,NO,,,
kepler_ods,k95doccat3,table,4,c3,text,text,NO,,,
kepler_ods,k95doccat3,table,5,c4,text,text,YES,,,
kepler_ods,kdb1,table,1,sucursal,text,text,NO,,,
kepler_ods,kdb1,table,2,c1,text,text,NO,,,
kepler_ods,kdb1,table,3,c2,text,text,YES,,,
kepler_ods,kdb1,table,4,c3,text,text,YES,,,
kepler_ods,kdb1,table,5,c4,text,text,YES,,,
kepler_ods,kdb1,table,6,c5,text,text,YES,,,
kepler_ods,kdb1,table,7,c6,text,text,YES,,,
kepler_ods,kdb1,table,8,c7,text,text,YES,,,
kepler_ods,kdb1,table,9,c8,text,text,YES,,,
kepler_ods,kdb1,table,10,c9,text,text,YES,,,
kepler_ods,kdb1,table,11,c10,text,text,YES,,,
kepler_ods,kdb1,table,12,c11,text,text,YES,,,
kepler_ods,kdb1,table,13,c12,text,text,YES,,,
kepler_ods,kdb2,table,1,sucursal,text,text,NO,,,
kepler_ods,kdb2,table,2,c1,timestamp without time zone,timestamp,NO,,,
kepler_ods,kdb2,table,3,c2,text,text,NO,,,
kepler_ods,kdb2,table,4,c3,text,text,YES,,,
kepler_ods,kdb2,table,5,c4,numeric,numeric,NO,,,
kepler_ods,kdb2,table,6,c5,text,text,NO,,,
kepler_ods,kdb2,table,7,c6,numeric,numeric,NO,,,
kepler_ods,kdb2,table,8,c7,numeric,numeric,YES,,,
kepler_ods,kdb2,table,9,c8,numeric,numeric,YES,,,
kepler_ods,kdb3,table,1,sucursal,text,text,NO,,,
kepler_ods,kdb3,table,2,c1,timestamp without time zone,timestamp,NO,,,
kepler_ods,kdb3,table,3,c2,text,text,NO,,,
kepler_ods,kdb3,table,4,c3,text,text,YES,,,
kepler_ods,kdb3,table,5,c4,numeric,numeric,NO,,,
kepler_ods,kdb3,table,6,c5,text,text,NO,,,
kepler_ods,kdb3,table,7,c6,numeric,numeric,NO,,,
kepler_ods,kdb3,table,8,c7,numeric,numeric,YES,,,
kepler_ods,kdb3,table,9,c8,numeric,numeric,YES,,,
kepler_ods,kdc124,table,1,sucursal,text,text,NO,,,
kepler_ods,kdc124,table,2,c1,text,text,NO,,,
kepler_ods,kdc124,table,3,c2,text,text,YES,,,
kepler_ods,kdc124,table,4,c3,text,text,YES,,,
kepler_ods,kdc124,table,5,c4,numeric,numeric,YES,,,
kepler_ods,kdc124,table,6,c5,text,text,YES,,,
kepler_ods,kdc124,table,7,c6,text,text,YES,,,
kepler_ods,kdc124,table,8,c7,text,text,YES,,,
kepler_ods,kdc124,table,9,c8,text,text,YES,,,
kepler_ods,kdc124,table,10,c9,text,text,YES,,,
kepler_ods,kdc124,table,11,c10,text,text,YES,,,
kepler_ods,kdc124,table,12,c11,numeric,numeric,YES,,,
kepler_ods,kdc124,table,13,c12,text,text,YES,,,
kepler_ods,kdc124,table,14,c13,text,text,YES,,,
kepler_ods,kdc124,table,15,c14,numeric,numeric,YES,,,
kepler_ods,kdc124,table,16,c15,numeric,numeric,YES,,,
kepler_ods,kdc124,table,17,c16,numeric,numeric,YES,,,
kepler_ods,kdc124,table,18,c17,numeric,numeric,YES,,,
kepler_ods,kdc124,table,19,c18,numeric,numeric,YES,,,
kepler_ods,kdc124,table,20,c19,numeric,numeric,YES,,,
kepler_ods,kdc124,table,21,c20,numeric,numeric,YES,,,
kepler_ods,kdc124,table,22,c21,numeric,numeric,YES,,,
kepler_ods,kdc124,table,23,c22,numeric,numeric,YES,,,
kepler_ods,kdc124,table,24,c23,numeric,numeric,YES,,,
kepler_ods,kdc124,table,25,c24,numeric,numeric,YES,,,
kepler_ods,kdc124,table,26,c25,numeric,numeric,YES,,,
kepler_ods,kdc124,table,27,c26,numeric,numeric,YES,,,
kepler_ods,kdc124,table,28,c27,numeric,numeric,YES,,,
kepler_ods,kdc124,table,29,c28,numeric,numeric,YES,,,
kepler_ods,kdc124,table,30,c29,numeric,numeric,YES,,,
kepler_ods,kdc124,table,31,c30,numeric,numeric,YES,,,
kepler_ods,kdc124,table,32,c31,numeric,numeric,YES,,,
kepler_ods,kdc124,table,33,c32,numeric,numeric,YES,,,
kepler_ods,kdc124,table,34,c33,numeric,numeric,YES,,,
kepler_ods,kdc124,table,35,c34,numeric,numeric,YES,,,
kepler_ods,kdc124,table,36,c35,numeric,numeric,YES,,,
kepler_ods,kdc124,table,37,c36,numeric,numeric,YES,,,
kepler_ods,kdc124,table,38,c37,numeric,numeric,YES,,,
kepler_ods,kdc124,table,39,c38,numeric,numeric,YES,,,
kepler_ods,kdc124,table,40,c39,numeric,numeric,YES,,,
kepler_ods,kdc124,table,41,c40,numeric,numeric,YES,,,
kepler_ods,kdc124,table,42,c41,numeric,numeric,YES,,,
kepler_ods,kdc124,table,43,c42,numeric,numeric,YES,,,
kepler_ods,kdc124,table,44,c43,numeric,numeric,YES,,,
kepler_ods,kdc124,table,45,c44,numeric,numeric,YES,,,
kepler_ods,kdc124,table,46,c45,numeric,numeric,YES,,,
kepler_ods,kdc124,table,47,c46,numeric,numeric,YES,,,
kepler_ods,kdc124,table,48,c47,numeric,numeric,YES,,,
kepler_ods,kdc124,table,49,c48,numeric,numeric,YES,,,
kepler_ods,kdc124,table,50,c49,numeric,numeric,YES,,,
kepler_ods,kdc124,table,51,c50,numeric,numeric,YES,,,
kepler_ods,kdc124,table,52,c51,numeric,numeric,YES,,,
kepler_ods,kdc124,table,53,c52,numeric,numeric,YES,,,
kepler_ods,kdc124,table,54,c53,numeric,numeric,YES,,,
kepler_ods,kdc124,table,55,c54,numeric,numeric,YES,,,
kepler_ods,kdc124,table,56,c55,numeric,numeric,YES,,,
kepler_ods,kdc124,table,57,c56,numeric,numeric,YES,,,
kepler_ods,kdc124,table,58,c57,numeric,numeric,YES,,,
kepler_ods,kdc124,table,59,c58,numeric,numeric,YES,,,
kepler_ods,kdc124,table,60,c59,numeric,numeric,YES,,,
kepler_ods,kdc124,table,61,c60,numeric,numeric,YES,,,
kepler_ods,kdc124,table,62,c61,numeric,numeric,YES,,,
kepler_ods,kdc124,table,63,c62,numeric,numeric,YES,,,
kepler_ods,kdc124,table,64,c63,numeric,numeric,YES,,,
kepler_ods,kdc124,table,65,c64,numeric,numeric,YES,,,
kepler_ods,kdc124,table,66,c65,numeric,numeric,YES,,,
kepler_ods,kdc124,table,67,c66,numeric,numeric,YES,,,
kepler_ods,kdc124,table,68,c67,numeric,numeric,YES,,,
kepler_ods,kdc124,table,69,c68,numeric,numeric,YES,,,
kepler_ods,kdc124,table,70,c69,numeric,numeric,YES,,,
kepler_ods,kdc124,table,71,c70,numeric,numeric,YES,,,
kepler_ods,kdc124,table,72,c71,numeric,numeric,YES,,,
kepler_ods,kdc124,table,73,c72,numeric,numeric,YES,,,
kepler_ods,kdc124,table,74,c73,numeric,numeric,YES,,,
kepler_ods,kdc124,table,75,c74,numeric,numeric,YES,,,
kepler_ods,kdc124,table,76,c75,numeric,numeric,YES,,,
kepler_ods,kdc124,table,77,c76,numeric,numeric,YES,,,
kepler_ods,kdc124,table,78,c77,numeric,numeric,YES,,,
kepler_ods,kdc124,table,79,c78,numeric,numeric,YES,,,
kepler_ods,kdc124,table,80,c79,numeric,numeric,YES,,,
kepler_ods,kdc124,table,81,c80,numeric,numeric,YES,,,
kepler_ods,kdc124,table,82,c81,numeric,numeric,YES,,,
kepler_ods,kdc124,table,83,c82,numeric,numeric,YES,,,
kepler_ods,kdc124,table,84,c83,numeric,numeric,YES,,,
kepler_ods,kdc124,table,85,c84,numeric,numeric,YES,,,
kepler_ods,kdc124,table,86,c85,numeric,numeric,YES,,,
kepler_ods,kdc124,table,87,c86,numeric,numeric,YES,,,
kepler_ods,kdc124,table,88,c87,text,text,YES,,,
kepler_ods,kdc124,table,89,c88,text,text,YES,,,
kepler_ods,kdc124,table,90,c89,text,text,YES,,,
kepler_ods,kdc124,table,91,c90,text,text,YES,,,
kepler_ods,kdc124,table,92,c91,numeric,numeric,YES,,,
kepler_ods,kdc124,table,93,c92,numeric,numeric,YES,,,
kepler_ods,kdc124,table,94,c93,numeric,numeric,YES,,,
kepler_ods,kdc124,table,95,c94,numeric,numeric,YES,,,
kepler_ods,kdc124,table,96,c95,text,text,YES,,,
kepler_ods,kdc124,table,97,c96,text,text,YES,,,
kepler_ods,kdc124,table,98,c97,text,text,YES,,,
kepler_ods,kdc124,table,99,c98,text,text,YES,,,
kepler_ods,kdc124,table,100,c99,text,text,YES,,,
kepler_ods,kdc124,table,101,c100,text,text,YES,,,
kepler_ods,kdc125,table,1,sucursal,text,text,NO,,,
kepler_ods,kdc125,table,2,c1,text,text,NO,,,
kepler_ods,kdc125,table,3,c2,text,text,YES,,,
kepler_ods,kdc125,table,4,c3,text,text,YES,,,
kepler_ods,kdc125,table,5,c4,numeric,numeric,YES,,,
kepler_ods,kdc125,table,6,c5,text,text,YES,,,
kepler_ods,kdc125,table,7,c6,text,text,YES,,,
kepler_ods,kdc125,table,8,c7,text,text,YES,,,
kepler_ods,kdc125,table,9,c8,text,text,YES,,,
kepler_ods,kdc125,table,10,c9,text,text,YES,,,
kepler_ods,kdc125,table,11,c10,text,text,YES,,,
kepler_ods,kdc125,table,12,c11,numeric,numeric,YES,,,
kepler_ods,kdc125,table,13,c12,text,text,YES,,,
kepler_ods,kdc125,table,14,c13,text,text,YES,,,
kepler_ods,kdc125,table,15,c14,numeric,numeric,YES,,,
kepler_ods,kdc125,table,16,c15,numeric,numeric,YES,,,
kepler_ods,kdc125,table,17,c16,numeric,numeric,YES,,,
kepler_ods,kdc125,table,18,c17,numeric,numeric,YES,,,
kepler_ods,kdc125,table,19,c18,numeric,numeric,YES,,,
kepler_ods,kdc125,table,20,c19,numeric,numeric,YES,,,
kepler_ods,kdc125,table,21,c20,numeric,numeric,YES,,,
kepler_ods,kdc125,table,22,c21,numeric,numeric,YES,,,
kepler_ods,kdc125,table,23,c22,numeric,numeric,YES,,,
kepler_ods,kdc125,table,24,c23,numeric,numeric,YES,,,
kepler_ods,kdc125,table,25,c24,numeric,numeric,YES,,,
kepler_ods,kdc125,table,26,c25,numeric,numeric,YES,,,
kepler_ods,kdc125,table,27,c26,numeric,numeric,YES,,,
kepler_ods,kdc125,table,28,c27,numeric,numeric,YES,,,
kepler_ods,kdc125,table,29,c28,numeric,numeric,YES,,,
kepler_ods,kdc125,table,30,c29,numeric,numeric,YES,,,
kepler_ods,kdc125,table,31,c30,numeric,numeric,YES,,,
kepler_ods,kdc125,table,32,c31,numeric,numeric,YES,,,
kepler_ods,kdc125,table,33,c32,numeric,numeric,YES,,,
kepler_ods,kdc125,table,34,c33,numeric,numeric,YES,,,
kepler_ods,kdc125,table,35,c34,numeric,numeric,YES,,,
kepler_ods,kdc125,table,36,c35,numeric,numeric,YES,,,
kepler_ods,kdc125,table,37,c36,numeric,numeric,YES,,,
kepler_ods,kdc125,table,38,c37,numeric,numeric,YES,,,
kepler_ods,kdc125,table,39,c38,numeric,numeric,YES,,,
kepler_ods,kdc125,table,40,c39,numeric,numeric,YES,,,
kepler_ods,kdc125,table,41,c40,numeric,numeric,YES,,,
kepler_ods,kdc125,table,42,c41,numeric,numeric,YES,,,
kepler_ods,kdc125,table,43,c42,numeric,numeric,YES,,,
kepler_ods,kdc125,table,44,c43,numeric,numeric,YES,,,
kepler_ods,kdc125,table,45,c44,numeric,numeric,YES,,,
kepler_ods,kdc125,table,46,c45,numeric,numeric,YES,,,
kepler_ods,kdc125,table,47,c46,numeric,numeric,YES,,,
kepler_ods,kdc125,table,48,c47,numeric,numeric,YES,,,
kepler_ods,kdc125,table,49,c48,numeric,numeric,YES,,,
kepler_ods,kdc125,table,50,c49,numeric,numeric,YES,,,
kepler_ods,kdc125,table,51,c50,numeric,numeric,YES,,,
kepler_ods,kdc125,table,52,c51,numeric,numeric,YES,,,
kepler_ods,kdc125,table,53,c52,numeric,numeric,YES,,,
kepler_ods,kdc125,table,54,c53,numeric,numeric,YES,,,
kepler_ods,kdc125,table,55,c54,numeric,numeric,YES,,,
kepler_ods,kdc125,table,56,c55,numeric,numeric,YES,,,
kepler_ods,kdc125,table,57,c56,numeric,numeric,YES,,,
kepler_ods,kdc125,table,58,c57,numeric,numeric,YES,,,
kepler_ods,kdc125,table,59,c58,numeric,numeric,YES,,,
kepler_ods,kdc125,table,60,c59,numeric,numeric,YES,,,
kepler_ods,kdc125,table,61,c60,numeric,numeric,YES,,,
kepler_ods,kdc125,table,62,c61,numeric,numeric,YES,,,
kepler_ods,kdc125,table,63,c62,numeric,numeric,YES,,,
kepler_ods,kdc125,table,64,c63,numeric,numeric,YES,,,
kepler_ods,kdc125,table,65,c64,numeric,numeric,YES,,,
kepler_ods,kdc125,table,66,c65,numeric,numeric,YES,,,
kepler_ods,kdc125,table,67,c66,numeric,numeric,YES,,,
kepler_ods,kdc125,table,68,c67,numeric,numeric,YES,,,
kepler_ods,kdc125,table,69,c68,numeric,numeric,YES,,,
kepler_ods,kdc125,table,70,c69,numeric,numeric,YES,,,
kepler_ods,kdc125,table,71,c70,numeric,numeric,YES,,,
kepler_ods,kdc125,table,72,c71,numeric,numeric,YES,,,
kepler_ods,kdc125,table,73,c72,numeric,numeric,YES,,,
kepler_ods,kdc125,table,74,c73,numeric,numeric,YES,,,
kepler_ods,kdc125,table,75,c74,numeric,numeric,YES,,,
kepler_ods,kdc125,table,76,c75,numeric,numeric,YES,,,
kepler_ods,kdc125,table,77,c76,numeric,numeric,YES,,,
kepler_ods,kdc125,table,78,c77,numeric,numeric,YES,,,
kepler_ods,kdc125,table,79,c78,numeric,numeric,YES,,,
kepler_ods,kdc125,table,80,c79,numeric,numeric,YES,,,
kepler_ods,kdc125,table,81,c80,numeric,numeric,YES,,,
kepler_ods,kdc125,table,82,c81,numeric,numeric,YES,,,
kepler_ods,kdc125,table,83,c82,numeric,numeric,YES,,,
kepler_ods,kdc125,table,84,c83,numeric,numeric,YES,,,
kepler_ods,kdc125,table,85,c84,numeric,numeric,YES,,,
kepler_ods,kdc125,table,86,c85,numeric,numeric,YES,,,
kepler_ods,kdc125,table,87,c86,numeric,numeric,YES,,,
kepler_ods,kdc125,table,88,c87,text,text,YES,,,
kepler_ods,kdc125,table,89,c88,text,text,YES,,,
kepler_ods,kdc125,table,90,c89,text,text,YES,,,
kepler_ods,kdc125,table,91,c90,text,text,YES,,,
kepler_ods,kdc125,table,92,c91,numeric,numeric,YES,,,
kepler_ods,kdc125,table,93,c92,numeric,numeric,YES,,,
kepler_ods,kdc125,table,94,c93,numeric,numeric,YES,,,
kepler_ods,kdc125,table,95,c94,numeric,numeric,YES,,,
kepler_ods,kdc125,table,96,c95,text,text,YES,,,
kepler_ods,kdc125,table,97,c96,text,text,YES,,,
kepler_ods,kdc125,table,98,c97,text,text,YES,,,
kepler_ods,kdc125,table,99,c98,text,text,YES,,,
kepler_ods,kdc125,table,100,c99,text,text,YES,,,
kepler_ods,kdc125,table,101,c100,text,text,YES,,,
kepler_ods,kdc126,table,1,sucursal,text,text,NO,,,
kepler_ods,kdc126,table,2,c1,text,text,NO,,,
kepler_ods,kdc126,table,3,c2,text,text,YES,,,
kepler_ods,kdc126,table,4,c3,text,text,YES,,,
kepler_ods,kdc126,table,5,c4,numeric,numeric,YES,,,
kepler_ods,kdc126,table,6,c5,text,text,YES,,,
kepler_ods,kdc126,table,7,c6,text,text,YES,,,
kepler_ods,kdc126,table,8,c7,text,text,YES,,,
kepler_ods,kdc126,table,9,c8,text,text,YES,,,
kepler_ods,kdc126,table,10,c9,text,text,YES,,,
kepler_ods,kdc126,table,11,c10,text,text,YES,,,
kepler_ods,kdc126,table,12,c11,numeric,numeric,YES,,,
kepler_ods,kdc126,table,13,c12,text,text,YES,,,
kepler_ods,kdc126,table,14,c13,text,text,YES,,,
kepler_ods,kdc126,table,15,c14,numeric,numeric,YES,,,
kepler_ods,kdc126,table,16,c15,numeric,numeric,YES,,,
kepler_ods,kdc126,table,17,c16,numeric,numeric,YES,,,
kepler_ods,kdc126,table,18,c17,numeric,numeric,YES,,,
kepler_ods,kdc126,table,19,c18,numeric,numeric,YES,,,
kepler_ods,kdc126,table,20,c19,numeric,numeric,YES,,,
kepler_ods,kdc126,table,21,c20,numeric,numeric,YES,,,
kepler_ods,kdc126,table,22,c21,numeric,numeric,YES,,,
kepler_ods,kdc126,table,23,c22,numeric,numeric,YES,,,
kepler_ods,kdc126,table,24,c23,numeric,numeric,YES,,,
kepler_ods,kdc126,table,25,c24,numeric,numeric,YES,,,
kepler_ods,kdc126,table,26,c25,numeric,numeric,YES,,,
kepler_ods,kdc126,table,27,c26,numeric,numeric,YES,,,
kepler_ods,kdc126,table,28,c27,numeric,numeric,YES,,,
kepler_ods,kdc126,table,29,c28,numeric,numeric,YES,,,
kepler_ods,kdc126,table,30,c29,numeric,numeric,YES,,,
kepler_ods,kdc126,table,31,c30,numeric,numeric,YES,,,
kepler_ods,kdc126,table,32,c31,numeric,numeric,YES,,,
kepler_ods,kdc126,table,33,c32,numeric,numeric,YES,,,
kepler_ods,kdc126,table,34,c33,numeric,numeric,YES,,,
kepler_ods,kdc126,table,35,c34,numeric,numeric,YES,,,
kepler_ods,kdc126,table,36,c35,numeric,numeric,YES,,,
kepler_ods,kdc126,table,37,c36,numeric,numeric,YES,,,
kepler_ods,kdc126,table,38,c37,numeric,numeric,YES,,,
kepler_ods,kdc126,table,39,c38,numeric,numeric,YES,,,
kepler_ods,kdc126,table,40,c39,numeric,numeric,YES,,,
kepler_ods,kdc126,table,41,c40,numeric,numeric,YES,,,
kepler_ods,kdc126,table,42,c41,numeric,numeric,YES,,,
kepler_ods,kdc126,table,43,c42,numeric,numeric,YES,,,
kepler_ods,kdc126,table,44,c43,numeric,numeric,YES,,,
kepler_ods,kdc126,table,45,c44,numeric,numeric,YES,,,
kepler_ods,kdc126,table,46,c45,numeric,numeric,YES,,,
kepler_ods,kdc126,table,47,c46,numeric,numeric,YES,,,
kepler_ods,kdc126,table,48,c47,numeric,numeric,YES,,,
kepler_ods,kdc126,table,49,c48,numeric,numeric,YES,,,
kepler_ods,kdc126,table,50,c49,numeric,numeric,YES,,,
kepler_ods,kdc126,table,51,c50,numeric,numeric,YES,,,
kepler_ods,kdc126,table,52,c51,numeric,numeric,YES,,,
kepler_ods,kdc126,table,53,c52,numeric,numeric,YES,,,
kepler_ods,kdc126,table,54,c53,numeric,numeric,YES,,,
kepler_ods,kdc126,table,55,c54,numeric,numeric,YES,,,
kepler_ods,kdc126,table,56,c55,numeric,numeric,YES,,,
kepler_ods,kdc126,table,57,c56,numeric,numeric,YES,,,
kepler_ods,kdc126,table,58,c57,numeric,numeric,YES,,,
kepler_ods,kdc126,table,59,c58,numeric,numeric,YES,,,
kepler_ods,kdc126,table,60,c59,numeric,numeric,YES,,,
kepler_ods,kdc126,table,61,c60,numeric,numeric,YES,,,
kepler_ods,kdc126,table,62,c61,numeric,numeric,YES,,,
kepler_ods,kdc126,table,63,c62,numeric,numeric,YES,,,
kepler_ods,kdc126,table,64,c63,numeric,numeric,YES,,,
kepler_ods,kdc126,table,65,c64,numeric,numeric,YES,,,
kepler_ods,kdc126,table,66,c65,numeric,numeric,YES,,,
kepler_ods,kdc126,table,67,c66,numeric,numeric,YES,,,
kepler_ods,kdc126,table,68,c67,numeric,numeric,YES,,,
kepler_ods,kdc126,table,69,c68,numeric,numeric,YES,,,
kepler_ods,kdc126,table,70,c69,numeric,numeric,YES,,,
kepler_ods,kdc126,table,71,c70,numeric,numeric,YES,,,
kepler_ods,kdc126,table,72,c71,numeric,numeric,YES,,,
kepler_ods,kdc126,table,73,c72,numeric,numeric,YES,,,
kepler_ods,kdc126,table,74,c73,numeric,numeric,YES,,,
kepler_ods,kdc126,table,75,c74,numeric,numeric,YES,,,
kepler_ods,kdc126,table,76,c75,numeric,numeric,YES,,,
kepler_ods,kdc126,table,77,c76,numeric,numeric,YES,,,
kepler_ods,kdc126,table,78,c77,numeric,numeric,YES,,,
kepler_ods,kdc126,table,79,c78,numeric,numeric,YES,,,
kepler_ods,kdc126,table,80,c79,numeric,numeric,YES,,,
kepler_ods,kdc126,table,81,c80,numeric,numeric,YES,,,
kepler_ods,kdc126,table,82,c81,numeric,numeric,YES,,,
kepler_ods,kdc126,table,83,c82,numeric,numeric,YES,,,
kepler_ods,kdc126,table,84,c83,numeric,numeric,YES,,,
kepler_ods,kdc126,table,85,c84,numeric,numeric,YES,,,
kepler_ods,kdc126,table,86,c85,numeric,numeric,YES,,,
kepler_ods,kdc126,table,87,c86,numeric,numeric,YES,,,
kepler_ods,kdc126,table,88,c87,text,text,YES,,,
kepler_ods,kdc126,table,89,c88,text,text,YES,,,
kepler_ods,kdc126,table,90,c89,text,text,YES,,,
kepler_ods,kdc126,table,91,c90,text,text,YES,,,
kepler_ods,kdc126,table,92,c91,numeric,numeric,YES,,,
kepler_ods,kdc126,table,93,c92,numeric,numeric,YES,,,
kepler_ods,kdc126,table,94,c93,numeric,numeric,YES,,,
kepler_ods,kdc126,table,95,c94,numeric,numeric,YES,,,
kepler_ods,kdc126,table,96,c95,text,text,YES,,,
kepler_ods,kdc126,table,97,c96,text,text,YES,,,
kepler_ods,kdc126,table,98,c97,text,text,YES,,,
kepler_ods,kdc126,table,99,c98,text,text,YES,,,
kepler_ods,kdc126,table,100,c99,text,text,YES,,,
kepler_ods,kdc126,table,101,c100,text,text,YES,,,
kepler_ods,kdc22408,table,1,sucursal,text,text,NO,,,
kepler_ods,kdc22408,table,2,c1,numeric,numeric,NO,,,
kepler_ods,kdc22408,table,3,c2,timestamp without time zone,timestamp,NO,,,
kepler_ods,kdc22408,table,4,c3,text,text,NO,,,
kepler_ods,kdc22408,table,5,c4,text,text,YES,,,
kepler_ods,kdc22408,table,6,c5,numeric,numeric,YES,,,
kepler_ods,kdc22408,table,7,c6,text,text,YES,,,
kepler_ods,kdc22408,table,8,c7,text,text,YES,,,
kepler_ods,kdc22408,table,9,c8,text,text,NO,,,
kepler_ods,kdc22408,table,10,c9,numeric,numeric,YES,,,
kepler_ods,kdc22408,table,11,c10,numeric,numeric,NO,,,
kepler_ods,kdc22408,table,12,c11,text,text,YES,,,
kepler_ods,kdc22408,table,13,c12,text,text,YES,,,
kepler_ods,kdc22408,table,14,c13,text,text,YES,,,
kepler_ods,kdc22408,table,15,c14,text,text,YES,,,
kepler_ods,kdc22408,table,16,c15,text,text,YES,,,
kepler_ods,kdc22408,table,17,c16,text,text,YES,,,
kepler_ods,kdc22408,table,18,c17,numeric,numeric,YES,,,
kepler_ods,kdc22408,table,19,c18,numeric,numeric,YES,,,
kepler_ods,kdc22408,table,20,c19,text,text,YES,,,
kepler_ods,kdc22408,table,21,c20,text,text,YES,,,
kepler_ods,kdc22408,table,22,c21,text,text,YES,,,
kepler_ods,kdc22408,table,23,c22,text,text,YES,,,
kepler_ods,kdc22408,table,24,c23,text,text,YES,,,
kepler_ods,kdc22408,table,25,c24,text,text,YES,,,
kepler_ods,kdc22408,table,26,c25,text,text,YES,,,
kepler_ods,kdc22408,table,27,c26,text,text,YES,,,
kepler_ods,kdc22408,table,28,c27,text,text,YES,,,
kepler_ods,kdc22408,table,29,c28,text,text,YES,,,
kepler_ods,kdc22408,table,30,c29,text,text,YES,,,
kepler_ods,kdc22408,table,31,c30,text,text,YES,,,
kepler_ods,kdc22408,table,32,c31,timestamp without time zone,timestamp,YES,,,
kepler_ods,kdc22408,table,33,c32,text,text,YES,,,
kepler_ods,kdc22408,table,34,c33,text,text,YES,,,
kepler_ods,kdc22408,table,35,c34,text,text,YES,,,
kepler_ods,kdc22408,table,36,c35,text,text,YES,,,
kepler_ods,kdc22408,table,37,c36,text,text,YES,,,
kepler_ods,kdc22408,table,38,c37,text,text,YES,,,
kepler_ods,kdc22408,table,39,c38,text,text,YES,,,
kepler_ods,kdc22408,table,40,c39,text,text,YES,,,
kepler_ods,kdc22408,table,41,c40,text,text,YES,,,
kepler_ods,kdc22408,table,42,c41,text,text,YES,,,
kepler_ods,kdc22408,table,43,c42,text,text,YES,,,
kepler_ods,kdc22408,table,44,c43,text,text,YES,,,
kepler_ods,kdc22408,table,45,c44,text,text,YES,,,
kepler_ods,kdc22408,table,46,c45,text,text,YES,,,
kepler_ods,kdc22408,table,47,c46,text,text,YES,,,
kepler_ods,kdc22408,table,48,c47,text,text,YES,,,
kepler_ods,kdc22408,table,49,c48,text,text,YES,,,
kepler_ods,kdc22408,table,50,c49,text,text,YES,,,
kepler_ods,kdc22408,table,51,c50,text,text,YES,,,
kepler_ods,kdc22501,table,1,sucursal,text,text,NO,,,
kepler_ods,kdc22501,table,2,c1,numeric,numeric,NO,,,
kepler_ods,kdc22501,table,3,c2,timestamp without time zone,timestamp,NO,,,
kepler_ods,kdc22501,table,4,c3,text,text,NO,,,
kepler_ods,kdc22501,table,5,c4,text,text,YES,,,
kepler_ods,kdc22501,table,6,c5,numeric,numeric,YES,,,
kepler_ods,kdc22501,table,7,c6,text,text,YES,,,
kepler_ods,kdc22501,table,8,c7,text,text,YES,,,
kepler_ods,kdc22501,table,9,c8,text,text,NO,,,
kepler_ods,kdc22501,table,10,c9,numeric,numeric,YES,,,
kepler_ods,kdc22501,table,11,c10,numeric,numeric,NO,,,
kepler_ods,kdc22501,table,12,c11,text,text,YES,,,
kepler_ods,kdc22501,table,13,c12,text,text,YES,,,
kepler_ods,kdc22501,table,14,c13,text,text,YES,,,
kepler_ods,kdc22501,table,15,c14,text,text,YES,,,
kepler_ods,kdc22501,table,16,c15,text,text,YES,,,
kepler_ods,kdc22501,table,17,c16,text,text,YES,,,
kepler_ods,kdc22501,table,18,c17,numeric,numeric,YES,,,
kepler_ods,kdc22501,table,19,c18,numeric,numeric,YES,,,
kepler_ods,kdc22501,table,20,c19,text,text,YES,,,
kepler_ods,kdc22501,table,21,c20,text,text,YES,,,
kepler_ods,kdc22501,table,22,c21,text,text,YES,,,
kepler_ods,kdc22501,table,23,c22,text,text,YES,,,
kepler_ods,kdc22501,table,24,c23,text,text,YES,,,
kepler_ods,kdc22501,table,25,c24,text,text,YES,,,
kepler_ods,kdc22501,table,26,c25,text,text,YES,,,
kepler_ods,kdc22501,table,27,c26,text,text,YES,,,
kepler_ods,kdc22501,table,28,c27,text,text,YES,,,
kepler_ods,kdc22501,table,29,c28,text,text,YES,,,
kepler_ods,kdc22501,table,30,c29,text,text,YES,,,
kepler_ods,kdc22501,table,31,c30,text,text,YES,,,
kepler_ods,kdc22501,table,32,c31,timestamp without time zone,timestamp,YES,,,
kepler_ods,kdc22501,table,33,c32,text,text,YES,,,
kepler_ods,kdc22501,table,34,c33,text,text,YES,,,
kepler_ods,kdc22501,table,35,c34,text,text,YES,,,
kepler_ods,kdc22501,table,36,c35,text,text,YES,,,
kepler_ods,kdc22501,table,37,c36,text,text,YES,,,
kepler_ods,kdc22501,table,38,c37,text,text,YES,,,
kepler_ods,kdc22501,table,39,c38,text,text,YES,,,
kepler_ods,kdc22501,table,40,c39,text,text,YES,,,
kepler_ods,kdc22501,table,41,c40,text,text,YES,,,
kepler_ods,kdc22501,table,42,c41,text,text,YES,,,
kepler_ods,kdc22501,table,43,c42,text,text,YES,,,
kepler_ods,kdc22501,table,44,c43,text,text,YES,,,
kepler_ods,kdc22501,table,45,c44,text,text,YES,,,
kepler_ods,kdc22501,table,46,c45,text,text,YES,,,
kepler_ods,kdc22501,table,47,c46,text,text,YES,,,
kepler_ods,kdc22501,table,48,c47,text,text,YES,,,
kepler_ods,kdc22501,table,49,c48,text,text,YES,,,
kepler_ods,kdc22501,table,50,c49,text,text,YES,,,
kepler_ods,kdc22501,table,51,c50,text,text,YES,,,
kepler_ods,kdc22502,table,1,sucursal,text,text,NO,,,
kepler_ods,kdc22502,table,2,c1,numeric,numeric,NO,,,
kepler_ods,kdc22502,table,3,c2,timestamp without time zone,timestamp,NO,,,
kepler_ods,kdc22502,table,4,c3,text,text,NO,,,
kepler_ods,kdc22502,table,5,c4,text,text,YES,,,
kepler_ods,kdc22502,table,6,c5,numeric,numeric,YES,,,
kepler_ods,kdc22502,table,7,c6,text,text,YES,,,
kepler_ods,kdc22502,table,8,c7,text,text,YES,,,
kepler_ods,kdc22502,table,9,c8,text,text,NO,,,
kepler_ods,kdc22502,table,10,c9,numeric,numeric,YES,,,
kepler_ods,kdc22502,table,11,c10,numeric,numeric,NO,,,
kepler_ods,kdc22502,table,12,c11,text,text,YES,,,
kepler_ods,kdc22502,table,13,c12,text,text,YES,,,
kepler_ods,kdc22502,table,14,c13,text,text,YES,,,
kepler_ods,kdc22502,table,15,c14,text,text,YES,,,
kepler_ods,kdc22502,table,16,c15,text,text,YES,,,
kepler_ods,kdc22502,table,17,c16,text,text,YES,,,
kepler_ods,kdc22502,table,18,c17,numeric,numeric,YES,,,
kepler_ods,kdc22502,table,19,c18,numeric,numeric,YES,,,
kepler_ods,kdc22502,table,20,c19,text,text,YES,,,
kepler_ods,kdc22502,table,21,c20,text,text,YES,,,
kepler_ods,kdc22502,table,22,c21,text,text,YES,,,
kepler_ods,kdc22502,table,23,c22,text,text,YES,,,
kepler_ods,kdc22502,table,24,c23,text,text,YES,,,
kepler_ods,kdc22502,table,25,c24,text,text,YES,,,
kepler_ods,kdc22502,table,26,c25,text,text,YES,,,
kepler_ods,kdc22502,table,27,c26,text,text,YES,,,
kepler_ods,kdc22502,table,28,c27,text,text,YES,,,
kepler_ods,kdc22502,table,29,c28,text,text,YES,,,
kepler_ods,kdc22502,table,30,c29,text,text,YES,,,
kepler_ods,kdc22502,table,31,c30,text,text,YES,,,
kepler_ods,kdc22502,table,32,c31,timestamp without time zone,timestamp,YES,,,
kepler_ods,kdc22502,table,33,c32,text,text,YES,,,
kepler_ods,kdc22502,table,34,c33,text,text,YES,,,
kepler_ods,kdc22502,table,35,c34,text,text,YES,,,
kepler_ods,kdc22502,table,36,c35,text,text,YES,,,
kepler_ods,kdc22502,table,37,c36,text,text,YES,,,
kepler_ods,kdc22502,table,38,c37,text,text,YES,,,
kepler_ods,kdc22502,table,39,c38,text,text,YES,,,
kepler_ods,kdc22502,table,40,c39,text,text,YES,,,
kepler_ods,kdc22502,table,41,c40,text,text,YES,,,
kepler_ods,kdc22502,table,42,c41,text,text,YES,,,
kepler_ods,kdc22502,table,43,c42,text,text,YES,,,
kepler_ods,kdc22502,table,44,c43,text,text,YES,,,
kepler_ods,kdc22502,table,45,c44,text,text,YES,,,
kepler_ods,kdc22502,table,46,c45,text,text,YES,,,
kepler_ods,kdc22502,table,47,c46,text,text,YES,,,
kepler_ods,kdc22502,table,48,c47,text,text,YES,,,
kepler_ods,kdc22502,table,49,c48,text,text,YES,,,
kepler_ods,kdc22502,table,50,c49,text,text,YES,,,
kepler_ods,kdc22502,table,51,c50,text,text,YES,,,
kepler_ods,kdc22503,table,1,sucursal,text,text,NO,,,
kepler_ods,kdc22503,table,2,c1,numeric,numeric,NO,,,
kepler_ods,kdc22503,table,3,c2,timestamp without time zone,timestamp,NO,,,
kepler_ods,kdc22503,table,4,c3,text,text,NO,,,
kepler_ods,kdc22503,table,5,c4,text,text,YES,,,
kepler_ods,kdc22503,table,6,c5,numeric,numeric,YES,,,
kepler_ods,kdc22503,table,7,c6,text,text,YES,,,
kepler_ods,kdc22503,table,8,c7,text,text,YES,,,
kepler_ods,kdc22503,table,9,c8,text,text,NO,,,
kepler_ods,kdc22503,table,10,c9,numeric,numeric,YES,,,
kepler_ods,kdc22503,table,11,c10,numeric,numeric,NO,,,
kepler_ods,kdc22503,table,12,c11,text,text,YES,,,
kepler_ods,kdc22503,table,13,c12,text,text,YES,,,
kepler_ods,kdc22503,table,14,c13,text,text,YES,,,
kepler_ods,kdc22503,table,15,c14,text,text,YES,,,
kepler_ods,kdc22503,table,16,c15,text,text,YES,,,
kepler_ods,kdc22503,table,17,c16,text,text,YES,,,
kepler_ods,kdc22503,table,18,c17,numeric,numeric,YES,,,
kepler_ods,kdc22503,table,19,c18,numeric,numeric,YES,,,
kepler_ods,kdc22503,table,20,c19,text,text,YES,,,
kepler_ods,kdc22503,table,21,c20,text,text,YES,,,
kepler_ods,kdc22503,table,22,c21,text,text,YES,,,
kepler_ods,kdc22503,table,23,c22,text,text,YES,,,
kepler_ods,kdc22503,table,24,c23,text,text,YES,,,
kepler_ods,kdc22503,table,25,c24,text,text,YES,,,
kepler_ods,kdc22503,table,26,c25,text,text,YES,,,
kepler_ods,kdc22503,table,27,c26,text,text,YES,,,
kepler_ods,kdc22503,table,28,c27,text,text,YES,,,
kepler_ods,kdc22503,table,29,c28,text,text,YES,,,
kepler_ods,kdc22503,table,30,c29,text,text,YES,,,
kepler_ods,kdc22503,table,31,c30,text,text,YES,,,
kepler_ods,kdc22503,table,32,c31,timestamp without time zone,timestamp,YES,,,
kepler_ods,kdc22503,table,33,c32,text,text,YES,,,
kepler_ods,kdc22503,table,34,c33,text,text,YES,,,
kepler_ods,kdc22503,table,35,c34,text,text,YES,,,
kepler_ods,kdc22503,table,36,c35,text,text,YES,,,
kepler_ods,kdc22503,table,37,c36,text,text,YES,,,
kepler_ods,kdc22503,table,38,c37,text,text,YES,,,
kepler_ods,kdc22503,table,39,c38,text,text,YES,,,
kepler_ods,kdc22503,table,40,c39,text,text,YES,,,
kepler_ods,kdc22503,table,41,c40,text,text,YES,,,
kepler_ods,kdc22503,table,42,c41,text,text,YES,,,
kepler_ods,kdc22503,table,43,c42,text,text,YES,,,
kepler_ods,kdc22503,table,44,c43,text,text,YES,,,
kepler_ods,kdc22503,table,45,c44,text,text,YES,,,
kepler_ods,kdc22503,table,46,c45,text,text,YES,,,
kepler_ods,kdc22503,table,47,c46,text,text,YES,,,
kepler_ods,kdc22503,table,48,c47,text,text,YES,,,
kepler_ods,kdc22503,table,49,c48,text,text,YES,,,
kepler_ods,kdc22503,table,50,c49,text,text,YES,,,
kepler_ods,kdc22503,table,51,c50,text,text,YES,,,
kepler_ods,kdc22504,table,1,sucursal,text,text,NO,,,
kepler_ods,kdc22504,table,2,c1,numeric,numeric,NO,,,
kepler_ods,kdc22504,table,3,c2,timestamp without time zone,timestamp,NO,,,
kepler_ods,kdc22504,table,4,c3,text,text,NO,,,
kepler_ods,kdc22504,table,5,c4,text,text,YES,,,
kepler_ods,kdc22504,table,6,c5,numeric,numeric,YES,,,
kepler_ods,kdc22504,table,7,c6,text,text,YES,,,
kepler_ods,kdc22504,table,8,c7,text,text,YES,,,
kepler_ods,kdc22504,table,9,c8,text,text,NO,,,
kepler_ods,kdc22504,table,10,c9,numeric,numeric,YES,,,
kepler_ods,kdc22504,table,11,c10,numeric,numeric,NO,,,
kepler_ods,kdc22504,table,12,c11,text,text,YES,,,
kepler_ods,kdc22504,table,13,c12,text,text,YES,,,
kepler_ods,kdc22504,table,14,c13,text,text,YES,,,
kepler_ods,kdc22504,table,15,c14,text,text,YES,,,
kepler_ods,kdc22504,table,16,c15,text,text,YES,,,
kepler_ods,kdc22504,table,17,c16,text,text,YES,,,
kepler_ods,kdc22504,table,18,c17,numeric,numeric,YES,,,
kepler_ods,kdc22504,table,19,c18,numeric,numeric,YES,,,
kepler_ods,kdc22504,table,20,c19,text,text,YES,,,
kepler_ods,kdc22504,table,21,c20,text,text,YES,,,
kepler_ods,kdc22504,table,22,c21,text,text,YES,,,
kepler_ods,kdc22504,table,23,c22,text,text,YES,,,
kepler_ods,kdc22504,table,24,c23,text,text,YES,,,
kepler_ods,kdc22504,table,25,c24,text,text,YES,,,
kepler_ods,kdc22504,table,26,c25,text,text,YES,,,
kepler_ods,kdc22504,table,27,c26,text,text,YES,,,
kepler_ods,kdc22504,table,28,c27,text,text,YES,,,
kepler_ods,kdc22504,table,29,c28,text,text,YES,,,
kepler_ods,kdc22504,table,30,c29,text,text,YES,,,
kepler_ods,kdc22504,table,31,c30,text,text,YES,,,
kepler_ods,kdc22504,table,32,c31,timestamp without time zone,timestamp,YES,,,
kepler_ods,kdc22504,table,33,c32,text,text,YES,,,
kepler_ods,kdc22504,table,34,c33,text,text,YES,,,
kepler_ods,kdc22504,table,35,c34,text,text,YES,,,
kepler_ods,kdc22504,table,36,c35,text,text,YES,,,
kepler_ods,kdc22504,table,37,c36,text,text,YES,,,
kepler_ods,kdc22504,table,38,c37,text,text,YES,,,
kepler_ods,kdc22504,table,39,c38,text,text,YES,,,
kepler_ods,kdc22504,table,40,c39,text,text,YES,,,
kepler_ods,kdc22504,table,41,c40,text,text,YES,,,
kepler_ods,kdc22504,table,42,c41,text,text,YES,,,
kepler_ods,kdc22504,table,43,c42,text,text,YES,,,
kepler_ods,kdc22504,table,44,c43,text,text,YES,,,
kepler_ods,kdc22504,table,45,c44,text,text,YES,,,
kepler_ods,kdc22504,table,46,c45,text,text,YES,,,
kepler_ods,kdc22504,table,47,c46,text,text,YES,,,
kepler_ods,kdc22504,table,48,c47,text,text,YES,,,
kepler_ods,kdc22504,table,49,c48,text,text,YES,,,
kepler_ods,kdc22504,table,50,c49,text,text,YES,,,
kepler_ods,kdc22504,table,51,c50,text,text,YES,,,
kepler_ods,kdc22505,table,1,sucursal,text,text,NO,,,
kepler_ods,kdc22505,table,2,c1,numeric,numeric,NO,,,
kepler_ods,kdc22505,table,3,c2,timestamp without time zone,timestamp,NO,,,
kepler_ods,kdc22505,table,4,c3,text,text,NO,,,
kepler_ods,kdc22505,table,5,c4,text,text,YES,,,
kepler_ods,kdc22505,table,6,c5,numeric,numeric,YES,,,
kepler_ods,kdc22505,table,7,c6,text,text,YES,,,
kepler_ods,kdc22505,table,8,c7,text,text,YES,,,
kepler_ods,kdc22505,table,9,c8,text,text,NO,,,
kepler_ods,kdc22505,table,10,c9,numeric,numeric,YES,,,
kepler_ods,kdc22505,table,11,c10,numeric,numeric,NO,,,
kepler_ods,kdc22505,table,12,c11,text,text,YES,,,
kepler_ods,kdc22505,table,13,c12,text,text,YES,,,
kepler_ods,kdc22505,table,14,c13,text,text,YES,,,
kepler_ods,kdc22505,table,15,c14,text,text,YES,,,
kepler_ods,kdc22505,table,16,c15,text,text,YES,,,
kepler_ods,kdc22505,table,17,c16,text,text,YES,,,
kepler_ods,kdc22505,table,18,c17,numeric,numeric,YES,,,
kepler_ods,kdc22505,table,19,c18,numeric,numeric,YES,,,
kepler_ods,kdc22505,table,20,c19,text,text,YES,,,
kepler_ods,kdc22505,table,21,c20,text,text,YES,,,
kepler_ods,kdc22505,table,22,c21,text,text,YES,,,
kepler_ods,kdc22505,table,23,c22,text,text,YES,,,
kepler_ods,kdc22505,table,24,c23,text,text,YES,,,
kepler_ods,kdc22505,table,25,c24,text,text,YES,,,
kepler_ods,kdc22505,table,26,c25,text,text,YES,,,
kepler_ods,kdc22505,table,27,c26,text,text,YES,,,
kepler_ods,kdc22505,table,28,c27,text,text,YES,,,
kepler_ods,kdc22505,table,29,c28,text,text,YES,,,
kepler_ods,kdc22505,table,30,c29,text,text,YES,,,
kepler_ods,kdc22505,table,31,c30,text,text,YES,,,
kepler_ods,kdc22505,table,32,c31,timestamp without time zone,timestamp,YES,,,
kepler_ods,kdc22505,table,33,c32,text,text,YES,,,
kepler_ods,kdc22505,table,34,c33,text,text,YES,,,
kepler_ods,kdc22505,table,35,c34,text,text,YES,,,
kepler_ods,kdc22505,table,36,c35,text,text,YES,,,
kepler_ods,kdc22505,table,37,c36,text,text,YES,,,
kepler_ods,kdc22505,table,38,c37,text,text,YES,,,
kepler_ods,kdc22505,table,39,c38,text,text,YES,,,
kepler_ods,kdc22505,table,40,c39,text,text,YES,,,
kepler_ods,kdc22505,table,41,c40,text,text,YES,,,
kepler_ods,kdc22505,table,42,c41,text,text,YES,,,
kepler_ods,kdc22505,table,43,c42,text,text,YES,,,
kepler_ods,kdc22505,table,44,c43,text,text,YES,,,
kepler_ods,kdc22505,table,45,c44,text,text,YES,,,
kepler_ods,kdc22505,table,46,c45,text,text,YES,,,
kepler_ods,kdc22505,table,47,c46,text,text,YES,,,
kepler_ods,kdc22505,table,48,c47,text,text,YES,,,
kepler_ods,kdc22505,table,49,c48,text,text,YES,,,
kepler_ods,kdc22505,table,50,c49,text,text,YES,,,
kepler_ods,kdc22505,table,51,c50,text,text,YES,,,
kepler_ods,kdc22506,table,1,sucursal,text,text,NO,,,
kepler_ods,kdc22506,table,2,c1,numeric,numeric,NO,,,
kepler_ods,kdc22506,table,3,c2,timestamp without time zone,timestamp,NO,,,
kepler_ods,kdc22506,table,4,c3,text,text,NO,,,
kepler_ods,kdc22506,table,5,c4,text,text,YES,,,
kepler_ods,kdc22506,table,6,c5,numeric,numeric,YES,,,
kepler_ods,kdc22506,table,7,c6,text,text,YES,,,
kepler_ods,kdc22506,table,8,c7,text,text,YES,,,
kepler_ods,kdc22506,table,9,c8,text,text,NO,,,
kepler_ods,kdc22506,table,10,c9,numeric,numeric,YES,,,
kepler_ods,kdc22506,table,11,c10,numeric,numeric,NO,,,
kepler_ods,kdc22506,table,12,c11,text,text,YES,,,
kepler_ods,kdc22506,table,13,c12,text,text,YES,,,
kepler_ods,kdc22506,table,14,c13,text,text,YES,,,
kepler_ods,kdc22506,table,15,c14,text,text,YES,,,
kepler_ods,kdc22506,table,16,c15,text,text,YES,,,
kepler_ods,kdc22506,table,17,c16,text,text,YES,,,
kepler_ods,kdc22506,table,18,c17,numeric,numeric,YES,,,
kepler_ods,kdc22506,table,19,c18,numeric,numeric,YES,,,
kepler_ods,kdc22506,table,20,c19,text,text,YES,,,
kepler_ods,kdc22506,table,21,c20,text,text,YES,,,
kepler_ods,kdc22506,table,22,c21,text,text,YES,,,
kepler_ods,kdc22506,table,23,c22,text,text,YES,,,
kepler_ods,kdc22506,table,24,c23,text,text,YES,,,
kepler_ods,kdc22506,table,25,c24,text,text,YES,,,
kepler_ods,kdc22506,table,26,c25,text,text,YES,,,
kepler_ods,kdc22506,table,27,c26,text,text,YES,,,
kepler_ods,kdc22506,table,28,c27,text,text,YES,,,
kepler_ods,kdc22506,table,29,c28,text,text,YES,,,
kepler_ods,kdc22506,table,30,c29,text,text,YES,,,
kepler_ods,kdc22506,table,31,c30,text,text,YES,,,
kepler_ods,kdc22506,table,32,c31,timestamp without time zone,timestamp,YES,,,
kepler_ods,kdc22506,table,33,c32,text,text,YES,,,
kepler_ods,kdc22506,table,34,c33,text,text,YES,,,
kepler_ods,kdc22506,table,35,c34,text,text,YES,,,
kepler_ods,kdc22506,table,36,c35,text,text,YES,,,
kepler_ods,kdc22506,table,37,c36,text,text,YES,,,
kepler_ods,kdc22506,table,38,c37,text,text,YES,,,
kepler_ods,kdc22506,table,39,c38,text,text,YES,,,
kepler_ods,kdc22506,table,40,c39,text,text,YES,,,
kepler_ods,kdc22506,table,41,c40,text,text,YES,,,
kepler_ods,kdc22506,table,42,c41,text,text,YES,,,
kepler_ods,kdc22506,table,43,c42,text,text,YES,,,
kepler_ods,kdc22506,table,44,c43,text,text,YES,,,
kepler_ods,kdc22506,table,45,c44,text,text,YES,,,
kepler_ods,kdc22506,table,46,c45,text,text,YES,,,
kepler_ods,kdc22506,table,47,c46,text,text,YES,,,
kepler_ods,kdc22506,table,48,c47,text,text,YES,,,
kepler_ods,kdc22506,table,49,c48,text,text,YES,,,
kepler_ods,kdc22506,table,50,c49,text,text,YES,,,
kepler_ods,kdc22506,table,51,c50,text,text,YES,,,
kepler_ods,kdc22507,table,1,sucursal,text,text,NO,,,
kepler_ods,kdc22507,table,2,c1,numeric,numeric,NO,,,
kepler_ods,kdc22507,table,3,c2,timestamp without time zone,timestamp,NO,,,
kepler_ods,kdc22507,table,4,c3,text,text,NO,,,
kepler_ods,kdc22507,table,5,c4,text,text,YES,,,
kepler_ods,kdc22507,table,6,c5,numeric,numeric,YES,,,
kepler_ods,kdc22507,table,7,c6,text,text,YES,,,
kepler_ods,kdc22507,table,8,c7,text,text,YES,,,
kepler_ods,kdc22507,table,9,c8,text,text,NO,,,
kepler_ods,kdc22507,table,10,c9,numeric,numeric,YES,,,
kepler_ods,kdc22507,table,11,c10,numeric,numeric,NO,,,
kepler_ods,kdc22507,table,12,c11,text,text,YES,,,
kepler_ods,kdc22507,table,13,c12,text,text,YES,,,
kepler_ods,kdc22507,table,14,c13,text,text,YES,,,
kepler_ods,kdc22507,table,15,c14,text,text,YES,,,
kepler_ods,kdc22507,table,16,c15,text,text,YES,,,
kepler_ods,kdc22507,table,17,c16,text,text,YES,,,
kepler_ods,kdc22507,table,18,c17,numeric,numeric,YES,,,
kepler_ods,kdc22507,table,19,c18,numeric,numeric,YES,,,
kepler_ods,kdc22507,table,20,c19,text,text,YES,,,
kepler_ods,kdc22507,table,21,c20,text,text,YES,,,
kepler_ods,kdc22507,table,22,c21,text,text,YES,,,
kepler_ods,kdc22507,table,23,c22,text,text,YES,,,
kepler_ods,kdc22507,table,24,c23,text,text,YES,,,
kepler_ods,kdc22507,table,25,c24,text,text,YES,,,
kepler_ods,kdc22507,table,26,c25,text,text,YES,,,
kepler_ods,kdc22507,table,27,c26,text,text,YES,,,
kepler_ods,kdc22507,table,28,c27,text,text,YES,,,
kepler_ods,kdc22507,table,29,c28,text,text,YES,,,
kepler_ods,kdc22507,table,30,c29,text,text,YES,,,
kepler_ods,kdc22507,table,31,c30,text,text,YES,,,
kepler_ods,kdc22507,table,32,c31,timestamp without time zone,timestamp,YES,,,
kepler_ods,kdc22507,table,33,c32,text,text,YES,,,
kepler_ods,kdc22507,table,34,c33,text,text,YES,,,
kepler_ods,kdc22507,table,35,c34,text,text,YES,,,
kepler_ods,kdc22507,table,36,c35,text,text,YES,,,
kepler_ods,kdc22507,table,37,c36,text,text,YES,,,
kepler_ods,kdc22507,table,38,c37,text,text,YES,,,
kepler_ods,kdc22507,table,39,c38,text,text,YES,,,
kepler_ods,kdc22507,table,40,c39,text,text,YES,,,
kepler_ods,kdc22507,table,41,c40,text,text,YES,,,
kepler_ods,kdc22507,table,42,c41,text,text,YES,,,
kepler_ods,kdc22507,table,43,c42,text,text,YES,,,
kepler_ods,kdc22507,table,44,c43,text,text,YES,,,
kepler_ods,kdc22507,table,45,c44,text,text,YES,,,
kepler_ods,kdc22507,table,46,c45,text,text,YES,,,
kepler_ods,kdc22507,table,47,c46,text,text,YES,,,
kepler_ods,kdc22507,table,48,c47,text,text,YES,,,
kepler_ods,kdc22507,table,49,c48,text,text,YES,,,
kepler_ods,kdc22507,table,50,c49,text,text,YES,,,
kepler_ods,kdc22507,table,51,c50,text,text,YES,,,
kepler_ods,kdc22508,table,1,sucursal,text,text,NO,,,
kepler_ods,kdc22508,table,2,c1,numeric,numeric,NO,,,
kepler_ods,kdc22508,table,3,c2,timestamp without time zone,timestamp,NO,,,
kepler_ods,kdc22508,table,4,c3,text,text,NO,,,
kepler_ods,kdc22508,table,5,c4,text,text,YES,,,
kepler_ods,kdc22508,table,6,c5,numeric,numeric,YES,,,
kepler_ods,kdc22508,table,7,c6,text,text,YES,,,
kepler_ods,kdc22508,table,8,c7,text,text,YES,,,
kepler_ods,kdc22508,table,9,c8,text,text,NO,,,
kepler_ods,kdc22508,table,10,c9,numeric,numeric,YES,,,
kepler_ods,kdc22508,table,11,c10,numeric,numeric,NO,,,
kepler_ods,kdc22508,table,12,c11,text,text,YES,,,
kepler_ods,kdc22508,table,13,c12,text,text,YES,,,
kepler_ods,kdc22508,table,14,c13,text,text,YES,,,
kepler_ods,kdc22508,table,15,c14,text,text,YES,,,
kepler_ods,kdc22508,table,16,c15,text,text,YES,,,
kepler_ods,kdc22508,table,17,c16,text,text,YES,,,
kepler_ods,kdc22508,table,18,c17,numeric,numeric,YES,,,
kepler_ods,kdc22508,table,19,c18,numeric,numeric,YES,,,
kepler_ods,kdc22508,table,20,c19,text,text,YES,,,
kepler_ods,kdc22508,table,21,c20,text,text,YES,,,
kepler_ods,kdc22508,table,22,c21,text,text,YES,,,
kepler_ods,kdc22508,table,23,c22,text,text,YES,,,
kepler_ods,kdc22508,table,24,c23,text,text,YES,,,
kepler_ods,kdc22508,table,25,c24,text,text,YES,,,
kepler_ods,kdc22508,table,26,c25,text,text,YES,,,
kepler_ods,kdc22508,table,27,c26,text,text,YES,,,
kepler_ods,kdc22508,table,28,c27,text,text,YES,,,
kepler_ods,kdc22508,table,29,c28,text,text,YES,,,
kepler_ods,kdc22508,table,30,c29,text,text,YES,,,
kepler_ods,kdc22508,table,31,c30,text,text,YES,,,
kepler_ods,kdc22508,table,32,c31,timestamp without time zone,timestamp,YES,,,
kepler_ods,kdc22508,table,33,c32,text,text,YES,,,
kepler_ods,kdc22508,table,34,c33,text,text,YES,,,
kepler_ods,kdc22508,table,35,c34,text,text,YES,,,
kepler_ods,kdc22508,table,36,c35,text,text,YES,,,
kepler_ods,kdc22508,table,37,c36,text,text,YES,,,
kepler_ods,kdc22508,table,38,c37,text,text,YES,,,
kepler_ods,kdc22508,table,39,c38,text,text,YES,,,
kepler_ods,kdc22508,table,40,c39,text,text,YES,,,
kepler_ods,kdc22508,table,41,c40,text,text,YES,,,
kepler_ods,kdc22508,table,42,c41,text,text,YES,,,
kepler_ods,kdc22508,table,43,c42,text,text,YES,,,
kepler_ods,kdc22508,table,44,c43,text,text,YES,,,
kepler_ods,kdc22508,table,45,c44,text,text,YES,,,
kepler_ods,kdc22508,table,46,c45,text,text,YES,,,
kepler_ods,kdc22508,table,47,c46,text,text,YES,,,
kepler_ods,kdc22508,table,48,c47,text,text,YES,,,
kepler_ods,kdc22508,table,49,c48,text,text,YES,,,
kepler_ods,kdc22508,table,50,c49,text,text,YES,,,
kepler_ods,kdc22508,table,51,c50,text,text,YES,,,
kepler_ods,kdc22509,table,1,sucursal,text,text,NO,,,
kepler_ods,kdc22509,table,2,c1,numeric,numeric,NO,,,
kepler_ods,kdc22509,table,3,c2,timestamp without time zone,timestamp,NO,,,
kepler_ods,kdc22509,table,4,c3,text,text,NO,,,
kepler_ods,kdc22509,table,5,c4,text,text,YES,,,
kepler_ods,kdc22509,table,6,c5,numeric,numeric,YES,,,
kepler_ods,kdc22509,table,7,c6,text,text,YES,,,
kepler_ods,kdc22509,table,8,c7,text,text,YES,,,
kepler_ods,kdc22509,table,9,c8,text,text,NO,,,
kepler_ods,kdc22509,table,10,c9,numeric,numeric,YES,,,
kepler_ods,kdc22509,table,11,c10,numeric,numeric,NO,,,
kepler_ods,kdc22509,table,12,c11,text,text,YES,,,
kepler_ods,kdc22509,table,13,c12,text,text,YES,,,
kepler_ods,kdc22509,table,14,c13,text,text,YES,,,
kepler_ods,kdc22509,table,15,c14,text,text,YES,,,
kepler_ods,kdc22509,table,16,c15,text,text,YES,,,
kepler_ods,kdc22509,table,17,c16,text,text,YES,,,
kepler_ods,kdc22509,table,18,c17,numeric,numeric,YES,,,
kepler_ods,kdc22509,table,19,c18,numeric,numeric,YES,,,
kepler_ods,kdc22509,table,20,c19,text,text,YES,,,
kepler_ods,kdc22509,table,21,c20,text,text,YES,,,
kepler_ods,kdc22509,table,22,c21,text,text,YES,,,
kepler_ods,kdc22509,table,23,c22,text,text,YES,,,
kepler_ods,kdc22509,table,24,c23,text,text,YES,,,
kepler_ods,kdc22509,table,25,c24,text,text,YES,,,
kepler_ods,kdc22509,table,26,c25,text,text,YES,,,
kepler_ods,kdc22509,table,27,c26,text,text,YES,,,
kepler_ods,kdc22509,table,28,c27,text,text,YES,,,
kepler_ods,kdc22509,table,29,c28,text,text,YES,,,
kepler_ods,kdc22509,table,30,c29,text,text,YES,,,
kepler_ods,kdc22509,table,31,c30,text,text,YES,,,
kepler_ods,kdc22509,table,32,c31,timestamp without time zone,timestamp,YES,,,
kepler_ods,kdc22509,table,33,c32,text,text,YES,,,
kepler_ods,kdc22509,table,34,c33,text,text,YES,,,
kepler_ods,kdc22509,table,35,c34,text,text,YES,,,
kepler_ods,kdc22509,table,36,c35,text,text,YES,,,
kepler_ods,kdc22509,table,37,c36,text,text,YES,,,
kepler_ods,kdc22509,table,38,c37,text,text,YES,,,
kepler_ods,kdc22509,table,39,c38,text,text,YES,,,
kepler_ods,kdc22509,table,40,c39,text,text,YES,,,
kepler_ods,kdc22509,table,41,c40,text,text,YES,,,
kepler_ods,kdc22509,table,42,c41,text,text,YES,,,
kepler_ods,kdc22509,table,43,c42,text,text,YES,,,
kepler_ods,kdc22509,table,44,c43,text,text,YES,,,
kepler_ods,kdc22509,table,45,c44,text,text,YES,,,
kepler_ods,kdc22509,table,46,c45,text,text,YES,,,
kepler_ods,kdc22509,table,47,c46,text,text,YES,,,
kepler_ods,kdc22509,table,48,c47,text,text,YES,,,
kepler_ods,kdc22509,table,49,c48,text,text,YES,,,
kepler_ods,kdc22509,table,50,c49,text,text,YES,,,
kepler_ods,kdc22509,table,51,c50,text,text,YES,,,
kepler_ods,kdc22510,table,1,sucursal,text,text,NO,,,
kepler_ods,kdc22510,table,2,c1,numeric,numeric,NO,,,
kepler_ods,kdc22510,table,3,c2,timestamp without time zone,timestamp,NO,,,
kepler_ods,kdc22510,table,4,c3,text,text,NO,,,
kepler_ods,kdc22510,table,5,c4,text,text,YES,,,
kepler_ods,kdc22510,table,6,c5,numeric,numeric,YES,,,
kepler_ods,kdc22510,table,7,c6,text,text,YES,,,
kepler_ods,kdc22510,table,8,c7,text,text,YES,,,
kepler_ods,kdc22510,table,9,c8,text,text,NO,,,
kepler_ods,kdc22510,table,10,c9,numeric,numeric,YES,,,
kepler_ods,kdc22510,table,11,c10,numeric,numeric,NO,,,
kepler_ods,kdc22510,table,12,c11,text,text,YES,,,
kepler_ods,kdc22510,table,13,c12,text,text,YES,,,
kepler_ods,kdc22510,table,14,c13,text,text,YES,,,
kepler_ods,kdc22510,table,15,c14,text,text,YES,,,
kepler_ods,kdc22510,table,16,c15,text,text,YES,,,
kepler_ods,kdc22510,table,17,c16,text,text,YES,,,
kepler_ods,kdc22510,table,18,c17,numeric,numeric,YES,,,
kepler_ods,kdc22510,table,19,c18,numeric,numeric,YES,,,
kepler_ods,kdc22510,table,20,c19,text,text,YES,,,
kepler_ods,kdc22510,table,21,c20,text,text,YES,,,
kepler_ods,kdc22510,table,22,c21,text,text,YES,,,
kepler_ods,kdc22510,table,23,c22,text,text,YES,,,
kepler_ods,kdc22510,table,24,c23,text,text,YES,,,
kepler_ods,kdc22510,table,25,c24,text,text,YES,,,
kepler_ods,kdc22510,table,26,c25,text,text,YES,,,
kepler_ods,kdc22510,table,27,c26,text,text,YES,,,
kepler_ods,kdc22510,table,28,c27,text,text,YES,,,
kepler_ods,kdc22510,table,29,c28,text,text,YES,,,
kepler_ods,kdc22510,table,30,c29,text,text,YES,,,
kepler_ods,kdc22510,table,31,c30,text,text,YES,,,
kepler_ods,kdc22510,table,32,c31,timestamp without time zone,timestamp,YES,,,
kepler_ods,kdc22510,table,33,c32,text,text,YES,,,
kepler_ods,kdc22510,table,34,c33,text,text,YES,,,
kepler_ods,kdc22510,table,35,c34,text,text,YES,,,
kepler_ods,kdc22510,table,36,c35,text,text,YES,,,
kepler_ods,kdc22510,table,37,c36,text,text,YES,,,
kepler_ods,kdc22510,table,38,c37,text,text,YES,,,
kepler_ods,kdc22510,table,39,c38,text,text,YES,,,
kepler_ods,kdc22510,table,40,c39,text,text,YES,,,
kepler_ods,kdc22510,table,41,c40,text,text,YES,,,
kepler_ods,kdc22510,table,42,c41,text,text,YES,,,
kepler_ods,kdc22510,table,43,c42,text,text,YES,,,
kepler_ods,kdc22510,table,44,c43,text,text,YES,,,
kepler_ods,kdc22510,table,45,c44,text,text,YES,,,
kepler_ods,kdc22510,table,46,c45,text,text,YES,,,
kepler_ods,kdc22510,table,47,c46,text,text,YES,,,
kepler_ods,kdc22510,table,48,c47,text,text,YES,,,
kepler_ods,kdc22510,table,49,c48,text,text,YES,,,
kepler_ods,kdc22510,table,50,c49,text,text,YES,,,
kepler_ods,kdc22510,table,51,c50,text,text,YES,,,
kepler_ods,kdc22511,table,1,sucursal,text,text,NO,,,
kepler_ods,kdc22511,table,2,c1,numeric,numeric,NO,,,
kepler_ods,kdc22511,table,3,c2,timestamp without time zone,timestamp,NO,,,
kepler_ods,kdc22511,table,4,c3,text,text,NO,,,
kepler_ods,kdc22511,table,5,c4,text,text,YES,,,
kepler_ods,kdc22511,table,6,c5,numeric,numeric,YES,,,
kepler_ods,kdc22511,table,7,c6,text,text,YES,,,
kepler_ods,kdc22511,table,8,c7,text,text,YES,,,
kepler_ods,kdc22511,table,9,c8,text,text,NO,,,
kepler_ods,kdc22511,table,10,c9,numeric,numeric,YES,,,
kepler_ods,kdc22511,table,11,c10,numeric,numeric,NO,,,
kepler_ods,kdc22511,table,12,c11,text,text,YES,,,
kepler_ods,kdc22511,table,13,c12,text,text,YES,,,
kepler_ods,kdc22511,table,14,c13,text,text,YES,,,
kepler_ods,kdc22511,table,15,c14,text,text,YES,,,
kepler_ods,kdc22511,table,16,c15,text,text,YES,,,
kepler_ods,kdc22511,table,17,c16,text,text,YES,,,
kepler_ods,kdc22511,table,18,c17,numeric,numeric,YES,,,
kepler_ods,kdc22511,table,19,c18,numeric,numeric,YES,,,
kepler_ods,kdc22511,table,20,c19,text,text,YES,,,
kepler_ods,kdc22511,table,21,c20,text,text,YES,,,
kepler_ods,kdc22511,table,22,c21,text,text,YES,,,
kepler_ods,kdc22511,table,23,c22,text,text,YES,,,
kepler_ods,kdc22511,table,24,c23,text,text,YES,,,
kepler_ods,kdc22511,table,25,c24,text,text,YES,,,
kepler_ods,kdc22511,table,26,c25,text,text,YES,,,
kepler_ods,kdc22511,table,27,c26,text,text,YES,,,
kepler_ods,kdc22511,table,28,c27,text,text,YES,,,
kepler_ods,kdc22511,table,29,c28,text,text,YES,,,
kepler_ods,kdc22511,table,30,c29,text,text,YES,,,
kepler_ods,kdc22511,table,31,c30,text,text,YES,,,
kepler_ods,kdc22511,table,32,c31,timestamp without time zone,timestamp,YES,,,
kepler_ods,kdc22511,table,33,c32,text,text,YES,,,
kepler_ods,kdc22511,table,34,c33,text,text,YES,,,
kepler_ods,kdc22511,table,35,c34,text,text,YES,,,
kepler_ods,kdc22511,table,36,c35,text,text,YES,,,
kepler_ods,kdc22511,table,37,c36,text,text,YES,,,
kepler_ods,kdc22511,table,38,c37,text,text,YES,,,
kepler_ods,kdc22511,table,39,c38,text,text,YES,,,
kepler_ods,kdc22511,table,40,c39,text,text,YES,,,
kepler_ods,kdc22511,table,41,c40,text,text,YES,,,
kepler_ods,kdc22511,table,42,c41,text,text,YES,,,
kepler_ods,kdc22511,table,43,c42,text,text,YES,,,
kepler_ods,kdc22511,table,44,c43,text,text,YES,,,
kepler_ods,kdc22511,table,45,c44,text,text,YES,,,
kepler_ods,kdc22511,table,46,c45,text,text,YES,,,
kepler_ods,kdc22511,table,47,c46,text,text,YES,,,
kepler_ods,kdc22511,table,48,c47,text,text,YES,,,
kepler_ods,kdc22511,table,49,c48,text,text,YES,,,
kepler_ods,kdc22511,table,50,c49,text,text,YES,,,
kepler_ods,kdc22511,table,51,c50,text,text,YES,,,
kepler_ods,kdc22512,table,1,sucursal,text,text,NO,,,
kepler_ods,kdc22512,table,2,c1,numeric,numeric,NO,,,
kepler_ods,kdc22512,table,3,c2,timestamp without time zone,timestamp,NO,,,
kepler_ods,kdc22512,table,4,c3,text,text,NO,,,
kepler_ods,kdc22512,table,5,c4,text,text,YES,,,
kepler_ods,kdc22512,table,6,c5,numeric,numeric,YES,,,
kepler_ods,kdc22512,table,7,c6,text,text,YES,,,
kepler_ods,kdc22512,table,8,c7,text,text,YES,,,
kepler_ods,kdc22512,table,9,c8,text,text,NO,,,
kepler_ods,kdc22512,table,10,c9,numeric,numeric,YES,,,
kepler_ods,kdc22512,table,11,c10,numeric,numeric,NO,,,
kepler_ods,kdc22512,table,12,c11,text,text,YES,,,
kepler_ods,kdc22512,table,13,c12,text,text,YES,,,
kepler_ods,kdc22512,table,14,c13,text,text,YES,,,
kepler_ods,kdc22512,table,15,c14,text,text,YES,,,
kepler_ods,kdc22512,table,16,c15,text,text,YES,,,
kepler_ods,kdc22512,table,17,c16,text,text,YES,,,
kepler_ods,kdc22512,table,18,c17,numeric,numeric,YES,,,
kepler_ods,kdc22512,table,19,c18,numeric,numeric,YES,,,
kepler_ods,kdc22512,table,20,c19,text,text,YES,,,
kepler_ods,kdc22512,table,21,c20,text,text,YES,,,
kepler_ods,kdc22512,table,22,c21,text,text,YES,,,
kepler_ods,kdc22512,table,23,c22,text,text,YES,,,
kepler_ods,kdc22512,table,24,c23,text,text,YES,,,
kepler_ods,kdc22512,table,25,c24,text,text,YES,,,
kepler_ods,kdc22512,table,26,c25,text,text,YES,,,
kepler_ods,kdc22512,table,27,c26,text,text,YES,,,
kepler_ods,kdc22512,table,28,c27,text,text,YES,,,
kepler_ods,kdc22512,table,29,c28,text,text,YES,,,
kepler_ods,kdc22512,table,30,c29,text,text,YES,,,
kepler_ods,kdc22512,table,31,c30,text,text,YES,,,
kepler_ods,kdc22512,table,32,c31,timestamp without time zone,timestamp,YES,,,
kepler_ods,kdc22512,table,33,c32,text,text,YES,,,
kepler_ods,kdc22512,table,34,c33,text,text,YES,,,
kepler_ods,kdc22512,table,35,c34,text,text,YES,,,
kepler_ods,kdc22512,table,36,c35,text,text,YES,,,
kepler_ods,kdc22512,table,37,c36,text,text,YES,,,
kepler_ods,kdc22512,table,38,c37,text,text,YES,,,
kepler_ods,kdc22512,table,39,c38,text,text,YES,,,
kepler_ods,kdc22512,table,40,c39,text,text,YES,,,
kepler_ods,kdc22512,table,41,c40,text,text,YES,,,
kepler_ods,kdc22512,table,42,c41,text,text,YES,,,
kepler_ods,kdc22512,table,43,c42,text,text,YES,,,
kepler_ods,kdc22512,table,44,c43,text,text,YES,,,
kepler_ods,kdc22512,table,45,c44,text,text,YES,,,
kepler_ods,kdc22512,table,46,c45,text,text,YES,,,
kepler_ods,kdc22512,table,47,c46,text,text,YES,,,
kepler_ods,kdc22512,table,48,c47,text,text,YES,,,
kepler_ods,kdc22512,table,49,c48,text,text,YES,,,
kepler_ods,kdc22512,table,50,c49,text,text,YES,,,
kepler_ods,kdc22512,table,51,c50,text,text,YES,,,
kepler_ods,kdc22601,table,1,sucursal,text,text,NO,,,
kepler_ods,kdc22601,table,2,c1,numeric,numeric,NO,,,
kepler_ods,kdc22601,table,3,c2,timestamp without time zone,timestamp,NO,,,
kepler_ods,kdc22601,table,4,c3,text,text,NO,,,
kepler_ods,kdc22601,table,5,c4,text,text,YES,,,
kepler_ods,kdc22601,table,6,c5,numeric,numeric,YES,,,
kepler_ods,kdc22601,table,7,c6,text,text,YES,,,
kepler_ods,kdc22601,table,8,c7,text,text,YES,,,
kepler_ods,kdc22601,table,9,c8,text,text,NO,,,
kepler_ods,kdc22601,table,10,c9,numeric,numeric,YES,,,
kepler_ods,kdc22601,table,11,c10,numeric,numeric,NO,,,
kepler_ods,kdc22601,table,12,c11,text,text,YES,,,
kepler_ods,kdc22601,table,13,c12,text,text,YES,,,
kepler_ods,kdc22601,table,14,c13,text,text,YES,,,
kepler_ods,kdc22601,table,15,c14,text,text,YES,,,
kepler_ods,kdc22601,table,16,c15,text,text,YES,,,
kepler_ods,kdc22601,table,17,c16,text,text,YES,,,
kepler_ods,kdc22601,table,18,c17,numeric,numeric,YES,,,
kepler_ods,kdc22601,table,19,c18,numeric,numeric,YES,,,
kepler_ods,kdc22601,table,20,c19,text,text,YES,,,
kepler_ods,kdc22601,table,21,c20,text,text,YES,,,
kepler_ods,kdc22601,table,22,c21,text,text,YES,,,
kepler_ods,kdc22601,table,23,c22,text,text,YES,,,
kepler_ods,kdc22601,table,24,c23,text,text,YES,,,
kepler_ods,kdc22601,table,25,c24,text,text,YES,,,
kepler_ods,kdc22601,table,26,c25,text,text,YES,,,
kepler_ods,kdc22601,table,27,c26,text,text,YES,,,
kepler_ods,kdc22601,table,28,c27,text,text,YES,,,
kepler_ods,kdc22601,table,29,c28,text,text,YES,,,
kepler_ods,kdc22601,table,30,c29,text,text,YES,,,
kepler_ods,kdc22601,table,31,c30,text,text,YES,,,
kepler_ods,kdc22601,table,32,c31,timestamp without time zone,timestamp,YES,,,
kepler_ods,kdc22601,table,33,c32,text,text,YES,,,
kepler_ods,kdc22601,table,34,c33,text,text,YES,,,
kepler_ods,kdc22601,table,35,c34,text,text,YES,,,
kepler_ods,kdc22601,table,36,c35,text,text,YES,,,
kepler_ods,kdc22601,table,37,c36,text,text,YES,,,
kepler_ods,kdc22601,table,38,c37,text,text,YES,,,
kepler_ods,kdc22601,table,39,c38,text,text,YES,,,
kepler_ods,kdc22601,table,40,c39,text,text,YES,,,
kepler_ods,kdc22601,table,41,c40,text,text,YES,,,
kepler_ods,kdc22601,table,42,c41,text,text,YES,,,
kepler_ods,kdc22601,table,43,c42,text,text,YES,,,
kepler_ods,kdc22601,table,44,c43,text,text,YES,,,
kepler_ods,kdc22601,table,45,c44,text,text,YES,,,
kepler_ods,kdc22601,table,46,c45,text,text,YES,,,
kepler_ods,kdc22601,table,47,c46,text,text,YES,,,
kepler_ods,kdc22601,table,48,c47,text,text,YES,,,
kepler_ods,kdc22601,table,49,c48,text,text,YES,,,
kepler_ods,kdc22601,table,50,c49,text,text,YES,,,
kepler_ods,kdc22601,table,51,c50,text,text,YES,,,
kepler_ods,kdc22602,table,1,sucursal,text,text,NO,,,
kepler_ods,kdc22602,table,2,c1,numeric,numeric,NO,,,
kepler_ods,kdc22602,table,3,c2,timestamp without time zone,timestamp,NO,,,
kepler_ods,kdc22602,table,4,c3,text,text,NO,,,
kepler_ods,kdc22602,table,5,c4,text,text,YES,,,
kepler_ods,kdc22602,table,6,c5,numeric,numeric,YES,,,
kepler_ods,kdc22602,table,7,c6,text,text,YES,,,
kepler_ods,kdc22602,table,8,c7,text,text,YES,,,
kepler_ods,kdc22602,table,9,c8,text,text,NO,,,
kepler_ods,kdc22602,table,10,c9,numeric,numeric,YES,,,
kepler_ods,kdc22602,table,11,c10,numeric,numeric,NO,,,
kepler_ods,kdc22602,table,12,c11,text,text,YES,,,
kepler_ods,kdc22602,table,13,c12,text,text,YES,,,
kepler_ods,kdc22602,table,14,c13,text,text,YES,,,
kepler_ods,kdc22602,table,15,c14,text,text,YES,,,
kepler_ods,kdc22602,table,16,c15,text,text,YES,,,
kepler_ods,kdc22602,table,17,c16,text,text,YES,,,
kepler_ods,kdc22602,table,18,c17,numeric,numeric,YES,,,
kepler_ods,kdc22602,table,19,c18,numeric,numeric,YES,,,
kepler_ods,kdc22602,table,20,c19,text,text,YES,,,
kepler_ods,kdc22602,table,21,c20,text,text,YES,,,
kepler_ods,kdc22602,table,22,c21,text,text,YES,,,
kepler_ods,kdc22602,table,23,c22,text,text,YES,,,
kepler_ods,kdc22602,table,24,c23,text,text,YES,,,
kepler_ods,kdc22602,table,25,c24,text,text,YES,,,
kepler_ods,kdc22602,table,26,c25,text,text,YES,,,
kepler_ods,kdc22602,table,27,c26,text,text,YES,,,
kepler_ods,kdc22602,table,28,c27,text,text,YES,,,
kepler_ods,kdc22602,table,29,c28,text,text,YES,,,
kepler_ods,kdc22602,table,30,c29,text,text,YES,,,
kepler_ods,kdc22602,table,31,c30,text,text,YES,,,
kepler_ods,kdc22602,table,32,c31,timestamp without time zone,timestamp,YES,,,
kepler_ods,kdc22602,table,33,c32,text,text,YES,,,
kepler_ods,kdc22602,table,34,c33,text,text,YES,,,
kepler_ods,kdc22602,table,35,c34,text,text,YES,,,
kepler_ods,kdc22602,table,36,c35,text,text,YES,,,
kepler_ods,kdc22602,table,37,c36,text,text,YES,,,
kepler_ods,kdc22602,table,38,c37,text,text,YES,,,
kepler_ods,kdc22602,table,39,c38,text,text,YES,,,
kepler_ods,kdc22602,table,40,c39,text,text,YES,,,
kepler_ods,kdc22602,table,41,c40,text,text,YES,,,
kepler_ods,kdc22602,table,42,c41,text,text,YES,,,
kepler_ods,kdc22602,table,43,c42,text,text,YES,,,
kepler_ods,kdc22602,table,44,c43,text,text,YES,,,
kepler_ods,kdc22602,table,45,c44,text,text,YES,,,
kepler_ods,kdc22602,table,46,c45,text,text,YES,,,
kepler_ods,kdc22602,table,47,c46,text,text,YES,,,
kepler_ods,kdc22602,table,48,c47,text,text,YES,,,
kepler_ods,kdc22602,table,49,c48,text,text,YES,,,
kepler_ods,kdc22602,table,50,c49,text,text,YES,,,
kepler_ods,kdc22602,table,51,c50,text,text,YES,,,
kepler_ods,kdc22603,table,1,sucursal,text,text,NO,,,
kepler_ods,kdc22603,table,2,c1,numeric,numeric,NO,,,
kepler_ods,kdc22603,table,3,c2,timestamp without time zone,timestamp,NO,,,
kepler_ods,kdc22603,table,4,c3,text,text,NO,,,
kepler_ods,kdc22603,table,5,c4,text,text,YES,,,
kepler_ods,kdc22603,table,6,c5,numeric,numeric,YES,,,
kepler_ods,kdc22603,table,7,c6,text,text,YES,,,
kepler_ods,kdc22603,table,8,c7,text,text,YES,,,
kepler_ods,kdc22603,table,9,c8,text,text,NO,,,
kepler_ods,kdc22603,table,10,c9,numeric,numeric,YES,,,
kepler_ods,kdc22603,table,11,c10,numeric,numeric,NO,,,
kepler_ods,kdc22603,table,12,c11,text,text,YES,,,
kepler_ods,kdc22603,table,13,c12,text,text,YES,,,
kepler_ods,kdc22603,table,14,c13,text,text,YES,,,
kepler_ods,kdc22603,table,15,c14,text,text,YES,,,
kepler_ods,kdc22603,table,16,c15,text,text,YES,,,
kepler_ods,kdc22603,table,17,c16,text,text,YES,,,
kepler_ods,kdc22603,table,18,c17,numeric,numeric,YES,,,
kepler_ods,kdc22603,table,19,c18,numeric,numeric,YES,,,
kepler_ods,kdc22603,table,20,c19,text,text,YES,,,
kepler_ods,kdc22603,table,21,c20,text,text,YES,,,
kepler_ods,kdc22603,table,22,c21,text,text,YES,,,
kepler_ods,kdc22603,table,23,c22,text,text,YES,,,
kepler_ods,kdc22603,table,24,c23,text,text,YES,,,
kepler_ods,kdc22603,table,25,c24,text,text,YES,,,
kepler_ods,kdc22603,table,26,c25,text,text,YES,,,
kepler_ods,kdc22603,table,27,c26,text,text,YES,,,
kepler_ods,kdc22603,table,28,c27,text,text,YES,,,
kepler_ods,kdc22603,table,29,c28,text,text,YES,,,
kepler_ods,kdc22603,table,30,c29,text,text,YES,,,
kepler_ods,kdc22603,table,31,c30,text,text,YES,,,
kepler_ods,kdc22603,table,32,c31,timestamp without time zone,timestamp,YES,,,
kepler_ods,kdc22603,table,33,c32,text,text,YES,,,
kepler_ods,kdc22603,table,34,c33,text,text,YES,,,
kepler_ods,kdc22603,table,35,c34,text,text,YES,,,
kepler_ods,kdc22603,table,36,c35,text,text,YES,,,
kepler_ods,kdc22603,table,37,c36,text,text,YES,,,
kepler_ods,kdc22603,table,38,c37,text,text,YES,,,
kepler_ods,kdc22603,table,39,c38,text,text,YES,,,
kepler_ods,kdc22603,table,40,c39,text,text,YES,,,
kepler_ods,kdc22603,table,41,c40,text,text,YES,,,
kepler_ods,kdc22603,table,42,c41,text,text,YES,,,
kepler_ods,kdc22603,table,43,c42,text,text,YES,,,
kepler_ods,kdc22603,table,44,c43,text,text,YES,,,
kepler_ods,kdc22603,table,45,c44,text,text,YES,,,
kepler_ods,kdc22603,table,46,c45,text,text,YES,,,
kepler_ods,kdc22603,table,47,c46,text,text,YES,,,
kepler_ods,kdc22603,table,48,c47,text,text,YES,,,
kepler_ods,kdc22603,table,49,c48,text,text,YES,,,
kepler_ods,kdc22603,table,50,c49,text,text,YES,,,
kepler_ods,kdc22603,table,51,c50,text,text,YES,,,
kepler_ods,kdc22604,table,1,sucursal,text,text,NO,,,
kepler_ods,kdc22604,table,2,c1,numeric,numeric,NO,,,
kepler_ods,kdc22604,table,3,c2,timestamp without time zone,timestamp,NO,,,
kepler_ods,kdc22604,table,4,c3,text,text,NO,,,
kepler_ods,kdc22604,table,5,c4,text,text,YES,,,
kepler_ods,kdc22604,table,6,c5,numeric,numeric,YES,,,
kepler_ods,kdc22604,table,7,c6,text,text,YES,,,
kepler_ods,kdc22604,table,8,c7,text,text,YES,,,
kepler_ods,kdc22604,table,9,c8,text,text,NO,,,
kepler_ods,kdc22604,table,10,c9,numeric,numeric,YES,,,
kepler_ods,kdc22604,table,11,c10,numeric,numeric,NO,,,
kepler_ods,kdc22604,table,12,c11,text,text,YES,,,
kepler_ods,kdc22604,table,13,c12,text,text,YES,,,
kepler_ods,kdc22604,table,14,c13,text,text,YES,,,
kepler_ods,kdc22604,table,15,c14,text,text,YES,,,
kepler_ods,kdc22604,table,16,c15,text,text,YES,,,
kepler_ods,kdc22604,table,17,c16,text,text,YES,,,
kepler_ods,kdc22604,table,18,c17,numeric,numeric,YES,,,
kepler_ods,kdc22604,table,19,c18,numeric,numeric,YES,,,
kepler_ods,kdc22604,table,20,c19,text,text,YES,,,
kepler_ods,kdc22604,table,21,c20,text,text,YES,,,
kepler_ods,kdc22604,table,22,c21,text,text,YES,,,
kepler_ods,kdc22604,table,23,c22,text,text,YES,,,
kepler_ods,kdc22604,table,24,c23,text,text,YES,,,
kepler_ods,kdc22604,table,25,c24,text,text,YES,,,
kepler_ods,kdc22604,table,26,c25,text,text,YES,,,
kepler_ods,kdc22604,table,27,c26,text,text,YES,,,
kepler_ods,kdc22604,table,28,c27,text,text,YES,,,
kepler_ods,kdc22604,table,29,c28,text,text,YES,,,
kepler_ods,kdc22604,table,30,c29,text,text,YES,,,
kepler_ods,kdc22604,table,31,c30,text,text,YES,,,
kepler_ods,kdc22604,table,32,c31,timestamp without time zone,timestamp,YES,,,
kepler_ods,kdc22604,table,33,c32,text,text,YES,,,
kepler_ods,kdc22604,table,34,c33,text,text,YES,,,
kepler_ods,kdc22604,table,35,c34,text,text,YES,,,
kepler_ods,kdc22604,table,36,c35,text,text,YES,,,
kepler_ods,kdc22604,table,37,c36,text,text,YES,,,
kepler_ods,kdc22604,table,38,c37,text,text,YES,,,
kepler_ods,kdc22604,table,39,c38,text,text,YES,,,
kepler_ods,kdc22604,table,40,c39,text,text,YES,,,
kepler_ods,kdc22604,table,41,c40,text,text,YES,,,
kepler_ods,kdc22604,table,42,c41,text,text,YES,,,
kepler_ods,kdc22604,table,43,c42,text,text,YES,,,
kepler_ods,kdc22604,table,44,c43,text,text,YES,,,
kepler_ods,kdc22604,table,45,c44,text,text,YES,,,
kepler_ods,kdc22604,table,46,c45,text,text,YES,,,
kepler_ods,kdc22604,table,47,c46,text,text,YES,,,
kepler_ods,kdc22604,table,48,c47,text,text,YES,,,
kepler_ods,kdc22604,table,49,c48,text,text,YES,,,
kepler_ods,kdc22604,table,50,c49,text,text,YES,,,
kepler_ods,kdc22604,table,51,c50,text,text,YES,,,
kepler_ods,kdc22605,table,1,sucursal,text,text,NO,,,
kepler_ods,kdc22605,table,2,c1,numeric,numeric,NO,,,
kepler_ods,kdc22605,table,3,c2,timestamp without time zone,timestamp,NO,,,
kepler_ods,kdc22605,table,4,c3,text,text,NO,,,
kepler_ods,kdc22605,table,5,c4,text,text,YES,,,
kepler_ods,kdc22605,table,6,c5,numeric,numeric,YES,,,
kepler_ods,kdc22605,table,7,c6,text,text,YES,,,
kepler_ods,kdc22605,table,8,c7,text,text,YES,,,
kepler_ods,kdc22605,table,9,c8,text,text,NO,,,
kepler_ods,kdc22605,table,10,c9,numeric,numeric,YES,,,
kepler_ods,kdc22605,table,11,c10,numeric,numeric,NO,,,
kepler_ods,kdc22605,table,12,c11,text,text,YES,,,
kepler_ods,kdc22605,table,13,c12,text,text,YES,,,
kepler_ods,kdc22605,table,14,c13,text,text,YES,,,
kepler_ods,kdc22605,table,15,c14,text,text,YES,,,
kepler_ods,kdc22605,table,16,c15,text,text,YES,,,
kepler_ods,kdc22605,table,17,c16,text,text,YES,,,
kepler_ods,kdc22605,table,18,c17,numeric,numeric,YES,,,
kepler_ods,kdc22605,table,19,c18,numeric,numeric,YES,,,
kepler_ods,kdc22605,table,20,c19,text,text,YES,,,
kepler_ods,kdc22605,table,21,c20,text,text,YES,,,
kepler_ods,kdc22605,table,22,c21,text,text,YES,,,
kepler_ods,kdc22605,table,23,c22,text,text,YES,,,
kepler_ods,kdc22605,table,24,c23,text,text,YES,,,
kepler_ods,kdc22605,table,25,c24,text,text,YES,,,
kepler_ods,kdc22605,table,26,c25,text,text,YES,,,
kepler_ods,kdc22605,table,27,c26,text,text,YES,,,
kepler_ods,kdc22605,table,28,c27,text,text,YES,,,
kepler_ods,kdc22605,table,29,c28,text,text,YES,,,
kepler_ods,kdc22605,table,30,c29,text,text,YES,,,
kepler_ods,kdc22605,table,31,c30,text,text,YES,,,
kepler_ods,kdc22605,table,32,c31,timestamp without time zone,timestamp,YES,,,
kepler_ods,kdc22605,table,33,c32,text,text,YES,,,
kepler_ods,kdc22605,table,34,c33,text,text,YES,,,
kepler_ods,kdc22605,table,35,c34,text,text,YES,,,
kepler_ods,kdc22605,table,36,c35,text,text,YES,,,
kepler_ods,kdc22605,table,37,c36,text,text,YES,,,
kepler_ods,kdc22605,table,38,c37,text,text,YES,,,
kepler_ods,kdc22605,table,39,c38,text,text,YES,,,
kepler_ods,kdc22605,table,40,c39,text,text,YES,,,
kepler_ods,kdc22605,table,41,c40,text,text,YES,,,
kepler_ods,kdc22605,table,42,c41,text,text,YES,,,
kepler_ods,kdc22605,table,43,c42,text,text,YES,,,
kepler_ods,kdc22605,table,44,c43,text,text,YES,,,
kepler_ods,kdc22605,table,45,c44,text,text,YES,,,
kepler_ods,kdc22605,table,46,c45,text,text,YES,,,
kepler_ods,kdc22605,table,47,c46,text,text,YES,,,
kepler_ods,kdc22605,table,48,c47,text,text,YES,,,
kepler_ods,kdc22605,table,49,c48,text,text,YES,,,
kepler_ods,kdc22605,table,50,c49,text,text,YES,,,
kepler_ods,kdc22605,table,51,c50,text,text,YES,,,
kepler_ods,kdc22606,table,1,sucursal,text,text,NO,,,
kepler_ods,kdc22606,table,2,c1,numeric,numeric,NO,,,
kepler_ods,kdc22606,table,3,c2,timestamp without time zone,timestamp,NO,,,
kepler_ods,kdc22606,table,4,c3,text,text,NO,,,
kepler_ods,kdc22606,table,5,c4,text,text,YES,,,
kepler_ods,kdc22606,table,6,c5,numeric,numeric,YES,,,
kepler_ods,kdc22606,table,7,c6,text,text,YES,,,
kepler_ods,kdc22606,table,8,c7,text,text,YES,,,
kepler_ods,kdc22606,table,9,c8,text,text,NO,,,
kepler_ods,kdc22606,table,10,c9,numeric,numeric,YES,,,
kepler_ods,kdc22606,table,11,c10,numeric,numeric,NO,,,
kepler_ods,kdc22606,table,12,c11,text,text,YES,,,
kepler_ods,kdc22606,table,13,c12,text,text,YES,,,
kepler_ods,kdc22606,table,14,c13,text,text,YES,,,
kepler_ods,kdc22606,table,15,c14,text,text,YES,,,
kepler_ods,kdc22606,table,16,c15,text,text,YES,,,
kepler_ods,kdc22606,table,17,c16,text,text,YES,,,
kepler_ods,kdc22606,table,18,c17,numeric,numeric,YES,,,
kepler_ods,kdc22606,table,19,c18,numeric,numeric,YES,,,
kepler_ods,kdc22606,table,20,c19,text,text,YES,,,
kepler_ods,kdc22606,table,21,c20,text,text,YES,,,
kepler_ods,kdc22606,table,22,c21,text,text,YES,,,
kepler_ods,kdc22606,table,23,c22,text,text,YES,,,
kepler_ods,kdc22606,table,24,c23,text,text,YES,,,
kepler_ods,kdc22606,table,25,c24,text,text,YES,,,
kepler_ods,kdc22606,table,26,c25,text,text,YES,,,
kepler_ods,kdc22606,table,27,c26,text,text,YES,,,
kepler_ods,kdc22606,table,28,c27,text,text,YES,,,
kepler_ods,kdc22606,table,29,c28,text,text,YES,,,
kepler_ods,kdc22606,table,30,c29,text,text,YES,,,
kepler_ods,kdc22606,table,31,c30,text,text,YES,,,
kepler_ods,kdc22606,table,32,c31,timestamp without time zone,timestamp,YES,,,
kepler_ods,kdc22606,table,33,c32,text,text,YES,,,
kepler_ods,kdc22606,table,34,c33,text,text,YES,,,
kepler_ods,kdc22606,table,35,c34,text,text,YES,,,
kepler_ods,kdc22606,table,36,c35,text,text,YES,,,
kepler_ods,kdc22606,table,37,c36,text,text,YES,,,
kepler_ods,kdc22606,table,38,c37,text,text,YES,,,
kepler_ods,kdc22606,table,39,c38,text,text,YES,,,
kepler_ods,kdc22606,table,40,c39,text,text,YES,,,
kepler_ods,kdc22606,table,41,c40,text,text,YES,,,
kepler_ods,kdc22606,table,42,c41,text,text,YES,,,
kepler_ods,kdc22606,table,43,c42,text,text,YES,,,
kepler_ods,kdc22606,table,44,c43,text,text,YES,,,
kepler_ods,kdc22606,table,45,c44,text,text,YES,,,
kepler_ods,kdc22606,table,46,c45,text,text,YES,,,
kepler_ods,kdc22606,table,47,c46,text,text,YES,,,
kepler_ods,kdc22606,table,48,c47,text,text,YES,,,
kepler_ods,kdc22606,table,49,c48,text,text,YES,,,
kepler_ods,kdc22606,table,50,c49,text,text,YES,,,
kepler_ods,kdc22606,table,51,c50,text,text,YES,,,
kepler_ods,kdc22607,table,1,sucursal,text,text,NO,,,
kepler_ods,kdc22607,table,2,c1,numeric,numeric,NO,,,
kepler_ods,kdc22607,table,3,c2,timestamp without time zone,timestamp,NO,,,
kepler_ods,kdc22607,table,4,c3,text,text,NO,,,
kepler_ods,kdc22607,table,5,c4,text,text,YES,,,
kepler_ods,kdc22607,table,6,c5,numeric,numeric,YES,,,
kepler_ods,kdc22607,table,7,c6,text,text,YES,,,
kepler_ods,kdc22607,table,8,c7,text,text,YES,,,
kepler_ods,kdc22607,table,9,c8,text,text,NO,,,
kepler_ods,kdc22607,table,10,c9,numeric,numeric,YES,,,
kepler_ods,kdc22607,table,11,c10,numeric,numeric,NO,,,
kepler_ods,kdc22607,table,12,c11,text,text,YES,,,
kepler_ods,kdc22607,table,13,c12,text,text,YES,,,
kepler_ods,kdc22607,table,14,c13,text,text,YES,,,
kepler_ods,kdc22607,table,15,c14,text,text,YES,,,
kepler_ods,kdc22607,table,16,c15,text,text,YES,,,
kepler_ods,kdc22607,table,17,c16,text,text,YES,,,
kepler_ods,kdc22607,table,18,c17,numeric,numeric,YES,,,
kepler_ods,kdc22607,table,19,c18,numeric,numeric,YES,,,
kepler_ods,kdc22607,table,20,c19,text,text,YES,,,
kepler_ods,kdc22607,table,21,c20,text,text,YES,,,
kepler_ods,kdc22607,table,22,c21,text,text,YES,,,
kepler_ods,kdc22607,table,23,c22,text,text,YES,,,
kepler_ods,kdc22607,table,24,c23,text,text,YES,,,
kepler_ods,kdc22607,table,25,c24,text,text,YES,,,
kepler_ods,kdc22607,table,26,c25,text,text,YES,,,
kepler_ods,kdc22607,table,27,c26,text,text,YES,,,
kepler_ods,kdc22607,table,28,c27,text,text,YES,,,
kepler_ods,kdc22607,table,29,c28,text,text,YES,,,
kepler_ods,kdc22607,table,30,c29,text,text,YES,,,
kepler_ods,kdc22607,table,31,c30,text,text,YES,,,
kepler_ods,kdc22607,table,32,c31,timestamp without time zone,timestamp,YES,,,
kepler_ods,kdc22607,table,33,c32,text,text,YES,,,
kepler_ods,kdc22607,table,34,c33,text,text,YES,,,
kepler_ods,kdc22607,table,35,c34,text,text,YES,,,
kepler_ods,kdc22607,table,36,c35,text,text,YES,,,
kepler_ods,kdc22607,table,37,c36,text,text,YES,,,
kepler_ods,kdc22607,table,38,c37,text,text,YES,,,
kepler_ods,kdc22607,table,39,c38,text,text,YES,,,
kepler_ods,kdc22607,table,40,c39,text,text,YES,,,
kepler_ods,kdc22607,table,41,c40,text,text,YES,,,
kepler_ods,kdc22607,table,42,c41,text,text,YES,,,
kepler_ods,kdc22607,table,43,c42,text,text,YES,,,
kepler_ods,kdc22607,table,44,c43,text,text,YES,,,
kepler_ods,kdc22607,table,45,c44,text,text,YES,,,
kepler_ods,kdc22607,table,46,c45,text,text,YES,,,
kepler_ods,kdc22607,table,47,c46,text,text,YES,,,
kepler_ods,kdc22607,table,48,c47,text,text,YES,,,
kepler_ods,kdc22607,table,49,c48,text,text,YES,,,
kepler_ods,kdc22607,table,50,c49,text,text,YES,,,
kepler_ods,kdc22607,table,51,c50,text,text,YES,,,
kepler_ods,kdc22608,table,1,sucursal,text,text,NO,,,
kepler_ods,kdc22608,table,2,c1,numeric,numeric,NO,,,
kepler_ods,kdc22608,table,3,c2,timestamp without time zone,timestamp,NO,,,
kepler_ods,kdc22608,table,4,c3,text,text,NO,,,
kepler_ods,kdc22608,table,5,c4,text,text,YES,,,
kepler_ods,kdc22608,table,6,c5,numeric,numeric,YES,,,
kepler_ods,kdc22608,table,7,c6,text,text,YES,,,
kepler_ods,kdc22608,table,8,c7,text,text,YES,,,
kepler_ods,kdc22608,table,9,c8,text,text,NO,,,
kepler_ods,kdc22608,table,10,c9,numeric,numeric,YES,,,
kepler_ods,kdc22608,table,11,c10,numeric,numeric,NO,,,
kepler_ods,kdc22608,table,12,c11,text,text,YES,,,
kepler_ods,kdc22608,table,13,c12,text,text,YES,,,
kepler_ods,kdc22608,table,14,c13,text,text,YES,,,
kepler_ods,kdc22608,table,15,c14,text,text,YES,,,
kepler_ods,kdc22608,table,16,c15,text,text,YES,,,
kepler_ods,kdc22608,table,17,c16,text,text,YES,,,
kepler_ods,kdc22608,table,18,c17,numeric,numeric,YES,,,
kepler_ods,kdc22608,table,19,c18,numeric,numeric,YES,,,
kepler_ods,kdc22608,table,20,c19,text,text,YES,,,
kepler_ods,kdc22608,table,21,c20,text,text,YES,,,
kepler_ods,kdc22608,table,22,c21,text,text,YES,,,
kepler_ods,kdc22608,table,23,c22,text,text,YES,,,
kepler_ods,kdc22608,table,24,c23,text,text,YES,,,
kepler_ods,kdc22608,table,25,c24,text,text,YES,,,
kepler_ods,kdc22608,table,26,c25,text,text,YES,,,
kepler_ods,kdc22608,table,27,c26,text,text,YES,,,
kepler_ods,kdc22608,table,28,c27,text,text,YES,,,
kepler_ods,kdc22608,table,29,c28,text,text,YES,,,
kepler_ods,kdc22608,table,30,c29,text,text,YES,,,
kepler_ods,kdc22608,table,31,c30,text,text,YES,,,
kepler_ods,kdc22608,table,32,c31,timestamp without time zone,timestamp,YES,,,
kepler_ods,kdc22608,table,33,c32,text,text,YES,,,
kepler_ods,kdc22608,table,34,c33,text,text,YES,,,
kepler_ods,kdc22608,table,35,c34,text,text,YES,,,
kepler_ods,kdc22608,table,36,c35,text,text,YES,,,
kepler_ods,kdc22608,table,37,c36,text,text,YES,,,
kepler_ods,kdc22608,table,38,c37,text,text,YES,,,
kepler_ods,kdc22608,table,39,c38,text,text,YES,,,
kepler_ods,kdc22608,table,40,c39,text,text,YES,,,
kepler_ods,kdc22608,table,41,c40,text,text,YES,,,
kepler_ods,kdc22608,table,42,c41,text,text,YES,,,
kepler_ods,kdc22608,table,43,c42,text,text,YES,,,
kepler_ods,kdc22608,table,44,c43,text,text,YES,,,
kepler_ods,kdc22608,table,45,c44,text,text,YES,,,
kepler_ods,kdc22608,table,46,c45,text,text,YES,,,
kepler_ods,kdc22608,table,47,c46,text,text,YES,,,
kepler_ods,kdc22608,table,48,c47,text,text,YES,,,
kepler_ods,kdc22608,table,49,c48,text,text,YES,,,
kepler_ods,kdc22608,table,50,c49,text,text,YES,,,
kepler_ods,kdc22608,table,51,c50,text,text,YES,,,
kepler_ods,kdc22609,table,1,sucursal,text,text,NO,,,
kepler_ods,kdc22609,table,2,c1,numeric,numeric,NO,,,
kepler_ods,kdc22609,table,3,c2,timestamp without time zone,timestamp,NO,,,
kepler_ods,kdc22609,table,4,c3,text,text,NO,,,
kepler_ods,kdc22609,table,5,c4,text,text,YES,,,
kepler_ods,kdc22609,table,6,c5,numeric,numeric,YES,,,
kepler_ods,kdc22609,table,7,c6,text,text,YES,,,
kepler_ods,kdc22609,table,8,c7,text,text,YES,,,
kepler_ods,kdc22609,table,9,c8,text,text,NO,,,
kepler_ods,kdc22609,table,10,c9,numeric,numeric,YES,,,
kepler_ods,kdc22609,table,11,c10,numeric,numeric,NO,,,
kepler_ods,kdc22609,table,12,c11,text,text,YES,,,
kepler_ods,kdc22609,table,13,c12,text,text,YES,,,
kepler_ods,kdc22609,table,14,c13,text,text,YES,,,
kepler_ods,kdc22609,table,15,c14,text,text,YES,,,
kepler_ods,kdc22609,table,16,c15,text,text,YES,,,
kepler_ods,kdc22609,table,17,c16,text,text,YES,,,
kepler_ods,kdc22609,table,18,c17,numeric,numeric,YES,,,
kepler_ods,kdc22609,table,19,c18,numeric,numeric,YES,,,
kepler_ods,kdc22609,table,20,c19,text,text,YES,,,
kepler_ods,kdc22609,table,21,c20,text,text,YES,,,
kepler_ods,kdc22609,table,22,c21,text,text,YES,,,
kepler_ods,kdc22609,table,23,c22,text,text,YES,,,
kepler_ods,kdc22609,table,24,c23,text,text,YES,,,
kepler_ods,kdc22609,table,25,c24,text,text,YES,,,
kepler_ods,kdc22609,table,26,c25,text,text,YES,,,
kepler_ods,kdc22609,table,27,c26,text,text,YES,,,
kepler_ods,kdc22609,table,28,c27,text,text,YES,,,
kepler_ods,kdc22609,table,29,c28,text,text,YES,,,
kepler_ods,kdc22609,table,30,c29,text,text,YES,,,
kepler_ods,kdc22609,table,31,c30,text,text,YES,,,
kepler_ods,kdc22609,table,32,c31,timestamp without time zone,timestamp,YES,,,
kepler_ods,kdc22609,table,33,c32,text,text,YES,,,
kepler_ods,kdc22609,table,34,c33,text,text,YES,,,
kepler_ods,kdc22609,table,35,c34,text,text,YES,,,
kepler_ods,kdc22609,table,36,c35,text,text,YES,,,
kepler_ods,kdc22609,table,37,c36,text,text,YES,,,
kepler_ods,kdc22609,table,38,c37,text,text,YES,,,
kepler_ods,kdc22609,table,39,c38,text,text,YES,,,
kepler_ods,kdc22609,table,40,c39,text,text,YES,,,
kepler_ods,kdc22609,table,41,c40,text,text,YES,,,
kepler_ods,kdc22609,table,42,c41,text,text,YES,,,
kepler_ods,kdc22609,table,43,c42,text,text,YES,,,
kepler_ods,kdc22609,table,44,c43,text,text,YES,,,
kepler_ods,kdc22609,table,45,c44,text,text,YES,,,
kepler_ods,kdc22609,table,46,c45,text,text,YES,,,
kepler_ods,kdc22609,table,47,c46,text,text,YES,,,
kepler_ods,kdc22609,table,48,c47,text,text,YES,,,
kepler_ods,kdc22609,table,49,c48,text,text,YES,,,
kepler_ods,kdc22609,table,50,c49,text,text,YES,,,
kepler_ods,kdc22609,table,51,c50,text,text,YES,,,
kepler_ods,kdc22610,table,1,sucursal,text,text,NO,,,
kepler_ods,kdc22610,table,2,c1,numeric,numeric,NO,,,
kepler_ods,kdc22610,table,3,c2,timestamp without time zone,timestamp,NO,,,
kepler_ods,kdc22610,table,4,c3,text,text,NO,,,
kepler_ods,kdc22610,table,5,c4,text,text,YES,,,
kepler_ods,kdc22610,table,6,c5,numeric,numeric,YES,,,
kepler_ods,kdc22610,table,7,c6,text,text,YES,,,
kepler_ods,kdc22610,table,8,c7,text,text,YES,,,
kepler_ods,kdc22610,table,9,c8,text,text,NO,,,
kepler_ods,kdc22610,table,10,c9,numeric,numeric,YES,,,
kepler_ods,kdc22610,table,11,c10,numeric,numeric,NO,,,
kepler_ods,kdc22610,table,12,c11,text,text,YES,,,
kepler_ods,kdc22610,table,13,c12,text,text,YES,,,
kepler_ods,kdc22610,table,14,c13,text,text,YES,,,
kepler_ods,kdc22610,table,15,c14,text,text,YES,,,
kepler_ods,kdc22610,table,16,c15,text,text,YES,,,
kepler_ods,kdc22610,table,17,c16,text,text,YES,,,
kepler_ods,kdc22610,table,18,c17,numeric,numeric,YES,,,
kepler_ods,kdc22610,table,19,c18,numeric,numeric,YES,,,
kepler_ods,kdc22610,table,20,c19,text,text,YES,,,
kepler_ods,kdc22610,table,21,c20,text,text,YES,,,
kepler_ods,kdc22610,table,22,c21,text,text,YES,,,
kepler_ods,kdc22610,table,23,c22,text,text,YES,,,
kepler_ods,kdc22610,table,24,c23,text,text,YES,,,
kepler_ods,kdc22610,table,25,c24,text,text,YES,,,
kepler_ods,kdc22610,table,26,c25,text,text,YES,,,
kepler_ods,kdc22610,table,27,c26,text,text,YES,,,
kepler_ods,kdc22610,table,28,c27,text,text,YES,,,
kepler_ods,kdc22610,table,29,c28,text,text,YES,,,
kepler_ods,kdc22610,table,30,c29,text,text,YES,,,
kepler_ods,kdc22610,table,31,c30,text,text,YES,,,
kepler_ods,kdc22610,table,32,c31,timestamp without time zone,timestamp,YES,,,
kepler_ods,kdc22610,table,33,c32,text,text,YES,,,
kepler_ods,kdc22610,table,34,c33,text,text,YES,,,
kepler_ods,kdc22610,table,35,c34,text,text,YES,,,
kepler_ods,kdc22610,table,36,c35,text,text,YES,,,
kepler_ods,kdc22610,table,37,c36,text,text,YES,,,
kepler_ods,kdc22610,table,38,c37,text,text,YES,,,
kepler_ods,kdc22610,table,39,c38,text,text,YES,,,
kepler_ods,kdc22610,table,40,c39,text,text,YES,,,
kepler_ods,kdc22610,table,41,c40,text,text,YES,,,
kepler_ods,kdc22610,table,42,c41,text,text,YES,,,
kepler_ods,kdc22610,table,43,c42,text,text,YES,,,
kepler_ods,kdc22610,table,44,c43,text,text,YES,,,
kepler_ods,kdc22610,table,45,c44,text,text,YES,,,
kepler_ods,kdc22610,table,46,c45,text,text,YES,,,
kepler_ods,kdc22610,table,47,c46,text,text,YES,,,
kepler_ods,kdc22610,table,48,c47,text,text,YES,,,
kepler_ods,kdc22610,table,49,c48,text,text,YES,,,
kepler_ods,kdc22610,table,50,c49,text,text,YES,,,
kepler_ods,kdc22610,table,51,c50,text,text,YES,,,
kepler_ods,kdc22612,table,1,sucursal,text,text,NO,,,
kepler_ods,kdc22612,table,2,c1,numeric,numeric,NO,,,
kepler_ods,kdc22612,table,3,c2,timestamp without time zone,timestamp,NO,,,
kepler_ods,kdc22612,table,4,c3,text,text,NO,,,
kepler_ods,kdc22612,table,5,c4,text,text,YES,,,
kepler_ods,kdc22612,table,6,c5,numeric,numeric,YES,,,
kepler_ods,kdc22612,table,7,c6,text,text,YES,,,
kepler_ods,kdc22612,table,8,c7,text,text,YES,,,
kepler_ods,kdc22612,table,9,c8,text,text,NO,,,
kepler_ods,kdc22612,table,10,c9,numeric,numeric,YES,,,
kepler_ods,kdc22612,table,11,c10,numeric,numeric,NO,,,
kepler_ods,kdc22612,table,12,c11,text,text,YES,,,
kepler_ods,kdc22612,table,13,c12,text,text,YES,,,
kepler_ods,kdc22612,table,14,c13,text,text,YES,,,
kepler_ods,kdc22612,table,15,c14,text,text,YES,,,
kepler_ods,kdc22612,table,16,c15,text,text,YES,,,
kepler_ods,kdc22612,table,17,c16,text,text,YES,,,
kepler_ods,kdc22612,table,18,c17,numeric,numeric,YES,,,
kepler_ods,kdc22612,table,19,c18,numeric,numeric,YES,,,
kepler_ods,kdc22612,table,20,c19,text,text,YES,,,
kepler_ods,kdc22612,table,21,c20,text,text,YES,,,
kepler_ods,kdc22612,table,22,c21,text,text,YES,,,
kepler_ods,kdc22612,table,23,c22,text,text,YES,,,
kepler_ods,kdc22612,table,24,c23,text,text,YES,,,
kepler_ods,kdc22612,table,25,c24,text,text,YES,,,
kepler_ods,kdc22612,table,26,c25,text,text,YES,,,
kepler_ods,kdc22612,table,27,c26,text,text,YES,,,
kepler_ods,kdc22612,table,28,c27,text,text,YES,,,
kepler_ods,kdc22612,table,29,c28,text,text,YES,,,
kepler_ods,kdc22612,table,30,c29,text,text,YES,,,
kepler_ods,kdc22612,table,31,c30,text,text,YES,,,
kepler_ods,kdc22612,table,32,c31,timestamp without time zone,timestamp,YES,,,
kepler_ods,kdc22612,table,33,c32,text,text,YES,,,
kepler_ods,kdc22612,table,34,c33,text,text,YES,,,
kepler_ods,kdc22612,table,35,c34,text,text,YES,,,
kepler_ods,kdc22612,table,36,c35,text,text,YES,,,
kepler_ods,kdc22612,table,37,c36,text,text,YES,,,
kepler_ods,kdc22612,table,38,c37,text,text,YES,,,
kepler_ods,kdc22612,table,39,c38,text,text,YES,,,
kepler_ods,kdc22612,table,40,c39,text,text,YES,,,
kepler_ods,kdc22612,table,41,c40,text,text,YES,,,
kepler_ods,kdc22612,table,42,c41,text,text,YES,,,
kepler_ods,kdc22612,table,43,c42,text,text,YES,,,
kepler_ods,kdc22612,table,44,c43,text,text,YES,,,
kepler_ods,kdc22612,table,45,c44,text,text,YES,,,
kepler_ods,kdc22612,table,46,c45,text,text,YES,,,
kepler_ods,kdc22612,table,47,c46,text,text,YES,,,
kepler_ods,kdc22612,table,48,c47,text,text,YES,,,
kepler_ods,kdc22612,table,49,c48,text,text,YES,,,
kepler_ods,kdc22612,table,50,c49,text,text,YES,,,
kepler_ods,kdc22612,table,51,c50,text,text,YES,,,
kepler_ods,kdc3,table,1,sucursal,text,text,NO,,,
kepler_ods,kdc3,table,2,c1,text,text,NO,,,
kepler_ods,kdc3,table,3,c2,text,text,YES,,,
kepler_ods,kdc3,table,4,c3,text,text,YES,,,
kepler_ods,kdc3,table,5,c4,text,text,YES,,,
kepler_ods,kdc3,table,6,c5,text,text,YES,,,
kepler_ods,kdc3,table,7,c6,text,text,YES,,,
kepler_ods,kdc3,table,8,c7,text,text,YES,,,
kepler_ods,kdc3,table,9,c8,text,text,YES,,,
kepler_ods,kdc3,table,10,c9,text,text,YES,,,
kepler_ods,kdc3,table,11,c10,text,text,YES,,,
kepler_ods,kdc3,table,12,c11,text,text,YES,,,
kepler_ods,kdc3,table,13,c12,text,text,YES,,,
kepler_ods,kdc3,table,14,c13,text,text,YES,,,
kepler_ods,kdc3,table,15,c14,text,text,YES,,,
kepler_ods,kdc3,table,16,c15,text,text,YES,,,
kepler_ods,kdcn24,table,1,sucursal,text,text,NO,,,
kepler_ods,kdcn24,table,2,c1,text,text,NO,,,
kepler_ods,kdcn24,table,3,c2,text,text,NO,,,
kepler_ods,kdcn24,table,4,c3,text,text,NO,,,
kepler_ods,kdcn24,table,5,c4,text,text,NO,,,
kepler_ods,kdcn24,table,6,c5,text,text,YES,,,
kepler_ods,kdcn24,table,7,c6,numeric,numeric,YES,,,
kepler_ods,kdcn24,table,8,c7,numeric,numeric,YES,,,
kepler_ods,kdcn24,table,9,c8,numeric,numeric,YES,,,
kepler_ods,kdcn25,table,1,sucursal,text,text,NO,,,
kepler_ods,kdcn25,table,2,c1,text,text,NO,,,
kepler_ods,kdcn25,table,3,c2,text,text,NO,,,
kepler_ods,kdcn25,table,4,c3,text,text,NO,,,
kepler_ods,kdcn25,table,5,c4,text,text,NO,,,
kepler_ods,kdcn25,table,6,c5,text,text,YES,,,
kepler_ods,kdcn25,table,7,c6,numeric,numeric,YES,,,
kepler_ods,kdcn25,table,8,c7,numeric,numeric,YES,,,
kepler_ods,kdcn25,table,9,c8,numeric,numeric,YES,,,
kepler_ods,kdcn26,table,1,sucursal,text,text,NO,,,
kepler_ods,kdcn26,table,2,c1,text,text,NO,,,
kepler_ods,kdcn26,table,3,c2,text,text,NO,,,
kepler_ods,kdcn26,table,4,c3,text,text,NO,,,
kepler_ods,kdcn26,table,5,c4,text,text,NO,,,
kepler_ods,kdcn26,table,6,c5,text,text,YES,,,
kepler_ods,kdcn26,table,7,c6,numeric,numeric,YES,,,
kepler_ods,kdcn26,table,8,c7,numeric,numeric,YES,,,
kepler_ods,kdcn26,table,9,c8,numeric,numeric,YES,,,
kepler_ods,kdco,table,1,sucursal,text,text,NO,,,
kepler_ods,kdco,table,2,c1,text,text,NO,,,
kepler_ods,kdco,table,3,c2,text,text,YES,,,
kepler_ods,kdco,table,4,c3,text,text,YES,,,
kepler_ods,kdconfig,table,1,sucursal,text,text,NO,,,
kepler_ods,kdconfig,table,2,c1,text,text,NO,,,
kepler_ods,kdconfig,table,3,c2,text,text,NO,,,
kepler_ods,kdconfig,table,4,c3,text,text,YES,,,
kepler_ods,kdconfig,table,5,c4,text,text,YES,,,
kepler_ods,kdcp,table,1,sucursal,text,text,NO,,,
kepler_ods,kdcp,table,2,c1,text,text,NO,,,
kepler_ods,kdcp,table,3,c2,text,text,YES,,,
kepler_ods,kdcp,table,4,c3,text,text,YES,,,
kepler_ods,kdcp,table,5,c4,text,text,YES,,,
kepler_ods,kdcp,table,6,c5,text,text,YES,,,
kepler_ods,kdcp,table,7,c6,text,text,YES,,,
kepler_ods,kdcp,table,8,c7,text,text,YES,,,
kepler_ods,kdcp,table,9,c8,timestamp without time zone,timestamp,YES,,,
kepler_ods,kdcp,table,10,c9,timestamp without time zone,timestamp,YES,,,
kepler_ods,kdcp,table,11,c10,numeric,numeric,YES,,,
kepler_ods,kdcp,table,12,c11,numeric,numeric,YES,,,
kepler_ods,kdcp,table,13,c12,text,text,YES,,,
kepler_ods,kdcp,table,14,c13,text,text,YES,,,
kepler_ods,kdcp,table,15,c14,text,text,YES,,,
kepler_ods,kdcp,table,16,c15,text,text,YES,,,
kepler_ods,kdcp,table,17,c16,text,text,YES,,,
kepler_ods,kdcp,table,18,c17,double precision,float8,YES,,,
kepler_ods,kdcp,table,19,c18,double precision,float8,YES,,,
kepler_ods,kdcp,table,20,c19,numeric,numeric,YES,,,
kepler_ods,kdcp,table,21,c20,text,text,YES,,,
kepler_ods,kdcp,table,22,c21,text,text,YES,,,
kepler_ods,kdcp,table,23,c22,numeric,numeric,YES,,,
kepler_ods,kdcp,table,24,c23,numeric,numeric,YES,,,
kepler_ods,kdcp,table,25,c24,text,text,YES,,,
kepler_ods,kdcp,table,26,c25,numeric,numeric,YES,,,
kepler_ods,kdcp,table,27,c26,numeric,numeric,YES,,,
kepler_ods,kdcp,table,28,c27,text,text,YES,,,
kepler_ods,kdcp,table,29,c28,text,text,YES,,,
kepler_ods,kdcp,table,30,c29,text,text,YES,,,
kepler_ods,kdcp,table,31,c30,text,text,YES,,,
kepler_ods,kdcp,table,32,c31,text,text,YES,,,
kepler_ods,kdcrmparam,table,1,sucursal,text,text,NO,,,
kepler_ods,kdcrmparam,table,2,c1,text,text,NO,,,
kepler_ods,kdcrmparam,table,3,c2,text,text,NO,,,
kepler_ods,kdcrmparam,table,4,c3,text,text,YES,,,
kepler_ods,kddpest,table,1,sucursal,text,text,NO,,,
kepler_ods,kddpest,table,2,c1,text,text,NO,,,
kepler_ods,kddpest,table,3,c2,text,text,YES,,,
kepler_ods,kddpest,table,4,c3,text,text,YES,,,
kepler_ods,kddpest,table,5,c4,text,text,YES,,,
kepler_ods,kddpest,table,6,c5,numeric,numeric,YES,,,
kepler_ods,kdfe33can,table,1,sucursal,text,text,NO,,,
kepler_ods,kdfe33can,table,2,c1,text,text,NO,,,
kepler_ods,kdfe33can,table,3,c2,text,text,NO,,,
kepler_ods,kdfe33can,table,4,c3,text,text,NO,,,
kepler_ods,kdfe33can,table,5,c4,text,text,YES,,,
kepler_ods,kdfe33can,table,6,c5,text,text,YES,,,
kepler_ods,kdfe33can,table,7,c6,text,text,YES,,,
kepler_ods,kdfe33can,table,8,c7,numeric,numeric,YES,,,
kepler_ods,kdfe33can,table,9,c8,numeric,numeric,YES,,,
kepler_ods,kdfe33can,table,10,c9,text,text,YES,,,
kepler_ods,kdfe33can,table,11,c10,text,text,YES,,,
kepler_ods,kdfe33can,table,12,c11,text,text,YES,,,
kepler_ods,kdfe33can,table,13,c12,text,text,YES,,,
kepler_ods,kdfe33can,table,14,c13,text,text,YES,,,
kepler_ods,kdfe33can,table,15,c14,text,text,YES,,,
kepler_ods,kdfe33can,table,16,c15,text,text,YES,,,
kepler_ods,kdfe33can,table,17,c16,text,text,YES,,,
kepler_ods,kdfe33can,table,18,c17,text,text,YES,,,
kepler_ods,kdfe33can,table,19,c18,text,text,YES,,,
kepler_ods,kdfe33can,table,20,c19,text,text,YES,,,
kepler_ods,kdfe33can,table,21,c20,text,text,YES,,,
kepler_ods,kdfe33catlog,table,1,sucursal,text,text,NO,,,
kepler_ods,kdfe33catlog,table,2,c1,text,text,NO,,,
kepler_ods,kdfe33catlog,table,3,c2,timestamp without time zone,timestamp,NO,,,
kepler_ods,kdfe33catlog,table,4,c3,text,text,NO,,,
kepler_ods,kdfe33catlog,table,5,c4,text,text,YES,,,
kepler_ods,kdfe33catlog,table,6,c5,text,text,YES,,,
kepler_ods,kdfe33catlog,table,7,c6,timestamp without time zone,timestamp,YES,,,
kepler_ods,kdfe33catlog,table,8,c7,timestamp without time zone,timestamp,YES,,,
kepler_ods,kdfe33catlog,table,9,c8,numeric,numeric,YES,,,
kepler_ods,kdfe33catlog,table,10,c9,numeric,numeric,YES,,,
kepler_ods,kdfe33catlog,table,11,c10,text,text,YES,,,
kepler_ods,kdfe33cecolo,table,1,sucursal,text,text,NO,,,
kepler_ods,kdfe33cecolo,table,2,c1,text,text,NO,,,
kepler_ods,kdfe33cecolo,table,3,c2,text,text,NO,,,
kepler_ods,kdfe33cecolo,table,4,c3,text,text,YES,,,
kepler_ods,kdfe33cedirfis,table,1,sucursal,text,text,NO,,,
kepler_ods,kdfe33cedirfis,table,2,c1,numeric,numeric,NO,,,
kepler_ods,kdfe33cedirfis,table,3,c2,text,text,NO,,,
kepler_ods,kdfe33cedirfis,table,4,c3,text,text,NO,,,
kepler_ods,kdfe33cedirfis,table,5,c4,text,text,YES,,,
kepler_ods,kdfe33cedirfis,table,6,c5,text,text,YES,,,
kepler_ods,kdfe33cedirfis,table,7,c6,text,text,YES,,,
kepler_ods,kdfe33cedirfis,table,8,c7,text,text,YES,,,
kepler_ods,kdfe33cedirfis,table,9,c8,text,text,YES,,,
kepler_ods,kdfe33cedirfis,table,10,c9,text,text,YES,,,
kepler_ods,kdfe33cedirfis,table,11,c10,text,text,YES,,,
kepler_ods,kdfe33cedirfis,table,12,c11,text,text,YES,,,
kepler_ods,kdfe33cedirfis,table,13,c12,text,text,YES,,,
kepler_ods,kdfe33cedirfis,table,14,c13,text,text,YES,,,
kepler_ods,kdfe33cedirfis,table,15,c14,text,text,YES,,,
kepler_ods,kdfe33cedirfis,table,16,c15,text,text,YES,,,
kepler_ods,kdfe33celoc,table,1,sucursal,text,text,NO,,,
kepler_ods,kdfe33celoc,table,2,c1,text,text,NO,,,
kepler_ods,kdfe33celoc,table,3,c2,text,text,NO,,,
kepler_ods,kdfe33celoc,table,4,c3,text,text,YES,,,
kepler_ods,kdfe33celoc,table,5,c4,timestamp without time zone,timestamp,YES,,,
kepler_ods,kdfe33celoc,table,6,c5,timestamp without time zone,timestamp,YES,,,
kepler_ods,kdfe33cempio,table,1,sucursal,text,text,NO,,,
kepler_ods,kdfe33cempio,table,2,c1,text,text,NO,,,
kepler_ods,kdfe33cempio,table,3,c2,text,text,NO,,,
kepler_ods,kdfe33cempio,table,4,c3,text,text,YES,,,
kepler_ods,kdfe33cempio,table,5,c4,timestamp without time zone,timestamp,YES,,,
kepler_ods,kdfe33cempio,table,6,c5,timestamp without time zone,timestamp,YES,,,
kepler_ods,kdfe33docprv,table,1,sucursal,text,text,NO,,,
kepler_ods,kdfe33docprv,table,2,c1,text,text,NO,,,
kepler_ods,kdfe33docprv,table,3,c2,text,text,NO,,,
kepler_ods,kdfe33docprv,table,4,c3,text,text,NO,,,
kepler_ods,kdfe33docprv,table,5,c4,numeric,numeric,NO,,,
kepler_ods,kdfe33docprv,table,6,c5,numeric,numeric,NO,,,
kepler_ods,kdfe33docprv,table,7,c6,text,text,NO,,,
kepler_ods,kdfe33docprv,table,8,c7,numeric,numeric,NO,,,
kepler_ods,kdfe33docprv,table,9,c8,text,text,YES,,,
kepler_ods,kdfe33docprv,table,10,c9,text,text,YES,,,
kepler_ods,kdfe33docprv,table,11,c10,text,text,YES,,,
kepler_ods,kdfe33docprv,table,12,c11,numeric,numeric,YES,,,
kepler_ods,kdfe33docprv,table,13,c12,numeric,numeric,YES,,,
kepler_ods,kdfe33docprv,table,14,c13,text,text,YES,,,
kepler_ods,kdfe33docprv,table,15,c14,text,text,YES,,,
kepler_ods,kdfe33docprv,table,16,c15,text,text,YES,,,
kepler_ods,kdfe33docprv,table,17,c16,text,text,YES,,,
kepler_ods,kdfe33fol,table,1,sucursal,text,text,NO,,,
kepler_ods,kdfe33fol,table,2,c1,text,text,NO,,,
kepler_ods,kdfe33fol,table,3,c2,text,text,NO,,,
kepler_ods,kdfe33fol,table,4,c3,text,text,YES,,,
kepler_ods,kdfe33fol,table,5,c4,numeric,numeric,YES,,,
kepler_ods,kdfe33folxdoc,table,1,sucursal,text,text,NO,,,
kepler_ods,kdfe33folxdoc,table,2,c1,text,text,NO,,,
kepler_ods,kdfe33folxdoc,table,3,c2,text,text,YES,,,
kepler_ods,kdfe33folxdoc,table,4,c3,text,text,NO,,,
kepler_ods,kdfe33folxdoc,table,5,c4,text,text,NO,,,
kepler_ods,kdfe33folxdoc,table,6,c5,numeric,numeric,NO,,,
kepler_ods,kdfe33folxdoc,table,7,c6,numeric,numeric,NO,,,
kepler_ods,kdfe33folxdoc,table,8,c7,text,text,YES,,,
kepler_ods,kdfe33folxdoc,table,9,c8,text,text,YES,,,
kepler_ods,kdfe33folxdoc,table,10,c9,text,text,YES,,,
kepler_ods,kdfe33folxdoc,table,11,c10,text,text,YES,,,
kepler_ods,kdfe33folxdoc,table,12,c11,text,text,YES,,,
kepler_ods,kdfe33folxdoc,table,13,c12,text,text,YES,,,
kepler_ods,kdfe33folxdoc,table,14,c13,text,text,YES,,,
kepler_ods,kdfe33folxdoc,table,15,c14,text,text,YES,,,
kepler_ods,kdfe33m1,table,1,sucursal,text,text,NO,,,
kepler_ods,kdfe33m1,table,2,c1,text,text,NO,,,
kepler_ods,kdfe33m1,table,3,c2,text,text,NO,,,
kepler_ods,kdfe33m1,table,4,c3,text,text,NO,,,
kepler_ods,kdfe33m1,table,5,c4,numeric,numeric,YES,,,
kepler_ods,kdfe33m1,table,6,c5,text,text,YES,,,
kepler_ods,kdfe33m1,table,7,c6,timestamp without time zone,timestamp,YES,,,
kepler_ods,kdfe33m1,table,8,c7,text,text,YES,,,
kepler_ods,kdfe33m1,table,9,c8,text,text,YES,,,
kepler_ods,kdfe33m1,table,10,c9,text,text,YES,,,
kepler_ods,kdfe33m1,table,11,c10,text,text,YES,,,
kepler_ods,kdfe33m1,table,12,c11,numeric,numeric,YES,,,
kepler_ods,kdfe33m1,table,13,c12,numeric,numeric,YES,,,
kepler_ods,kdfe33m1,table,14,c13,text,text,YES,,,
kepler_ods,kdfe33m1,table,15,c14,text,text,YES,,,
kepler_ods,kdfe33m1,table,16,c15,text,text,YES,,,
kepler_ods,kdfe33m1,table,17,c16,text,text,YES,,,
kepler_ods,kdfe33m1,table,18,c17,text,text,YES,,,
kepler_ods,kdfe33m1,table,19,c18,text,text,YES,,,
kepler_ods,kdfe33m1,table,20,c19,numeric,numeric,YES,,,
kepler_ods,kdfe33m1,table,21,c20,numeric,numeric,YES,,,
kepler_ods,kdfe33m1,table,22,c21,text,text,YES,,,
kepler_ods,kdfe33m1,table,23,c22,numeric,numeric,YES,,,
kepler_ods,kdfe33m1,table,24,c23,numeric,numeric,YES,,,
kepler_ods,kdfe33m1,table,25,c24,numeric,numeric,YES,,,
kepler_ods,kdfe33m1,table,26,c25,text,text,YES,,,
kepler_ods,kdfe33m1,table,27,c26,text,text,YES,,,
kepler_ods,kdfe33m1,table,28,c27,text,text,YES,,,
kepler_ods,kdfe33m1,table,29,c28,text,text,YES,,,
kepler_ods,kdfe33m1,table,30,c29,text,text,YES,,,
kepler_ods,kdfe33m1,table,31,c30,text,text,YES,,,
kepler_ods,kdfe33m1,table,32,c31,text,text,YES,,,
kepler_ods,kdfe33m1,table,33,c32,text,text,YES,,,
kepler_ods,kdfe33m1,table,34,c33,text,text,YES,,,
kepler_ods,kdfe33m1,table,35,c34,text,text,YES,,,
kepler_ods,kdfe33m1,table,36,c35,text,text,YES,,,
kepler_ods,kdfe33m1,table,37,c36,text,text,YES,,,
kepler_ods,kdfe33m1,table,38,c37,text,text,YES,,,
kepler_ods,kdfe33m1,table,39,c38,text,text,YES,,,
kepler_ods,kdfe33m1,table,40,c39,text,text,YES,,,
kepler_ods,kdfe33m1,table,41,c40,numeric,numeric,YES,,,
kepler_ods,kdfe33m1,table,42,c41,numeric,numeric,YES,,,
kepler_ods,kdfe33m1,table,43,c42,numeric,numeric,YES,,,
kepler_ods,kdfe33m1,table,44,c43,numeric,numeric,YES,,,
kepler_ods,kdfe33m1,table,45,c44,numeric,numeric,YES,,,
kepler_ods,kdfe33m1,table,46,c45,text,text,YES,,,
kepler_ods,kdfe33m1,table,47,c46,text,text,YES,,,
kepler_ods,kdfe33m1,table,48,c47,text,text,YES,,,
kepler_ods,kdfe33m1,table,49,c48,text,text,YES,,,
kepler_ods,kdfe33m1,table,50,c49,text,text,YES,,,
kepler_ods,kdfe33m1,table,51,c50,text,text,YES,,,
kepler_ods,kdfe33m1,table,52,c51,text,text,YES,,,
kepler_ods,kdfe33m1,table,53,c52,text,text,YES,,,
kepler_ods,kdfe33m1,table,54,c53,text,text,YES,,,
kepler_ods,kdfe33m1,table,55,c54,text,text,YES,,,
kepler_ods,kdfe33m1,table,56,c55,text,text,YES,,,
kepler_ods,kdfe33m1,table,57,c56,text,text,YES,,,
kepler_ods,kdfe33m1,table,58,c57,text,text,YES,,,
kepler_ods,kdfe33m1,table,59,c58,text,text,YES,,,
kepler_ods,kdfe33m1,table,60,c59,text,text,YES,,,
kepler_ods,kdfe33m1,table,61,c60,text,text,YES,,,
kepler_ods,kdfe33m1,table,62,c61,text,text,YES,,,
kepler_ods,kdfe33m1,table,63,c62,text,text,YES,,,
kepler_ods,kdfe33m1,table,64,c63,numeric,numeric,YES,,,
kepler_ods,kdfe33m1,table,65,c64,text,text,YES,,,
kepler_ods,kdfe33m1,table,66,c65,text,text,YES,,,
kepler_ods,kdfe33m1,table,67,c66,text,text,YES,,,
kepler_ods,kdfe33m1,table,68,c67,text,text,YES,,,
kepler_ods,kdfe33m1,table,69,c68,text,text,YES,,,
kepler_ods,kdfe33m1,table,70,c69,text,text,YES,,,
kepler_ods,kdfe33m1rel,table,1,sucursal,text,text,NO,,,
kepler_ods,kdfe33m1rel,table,2,c1,text,text,NO,,,
kepler_ods,kdfe33m1rel,table,3,c2,text,text,NO,,,
kepler_ods,kdfe33m1rel,table,4,c3,text,text,NO,,,
kepler_ods,kdfe33m1rel,table,5,c4,numeric,numeric,NO,,,
kepler_ods,kdfe33m1rel,table,6,c5,text,text,YES,,,
kepler_ods,kdfe33m1rel,table,7,c6,text,text,YES,,,
kepler_ods,kdfe33m1rel,table,8,c7,text,text,YES,,,
kepler_ods,kdfe33pagm1,table,1,sucursal,text,text,NO,,,
kepler_ods,kdfe33pagm1,table,2,c1,text,text,NO,,,
kepler_ods,kdfe33pagm1,table,3,c2,text,text,NO,,,
kepler_ods,kdfe33pagm1,table,4,c3,text,text,NO,,,
kepler_ods,kdfe33pagm1,table,5,c4,numeric,numeric,NO,,,
kepler_ods,kdfe33pagm1,table,6,c5,text,text,YES,,,
kepler_ods,kdfe33pagm1,table,7,c6,text,text,YES,,,
kepler_ods,kdfe33pagm1,table,8,c7,text,text,YES,,,
kepler_ods,kdfe33pagm1,table,9,c8,text,text,YES,,,
kepler_ods,kdfe33pagm1,table,10,c9,text,text,YES,,,
kepler_ods,kdfe33pagm1,table,11,c10,numeric,numeric,YES,,,
kepler_ods,kdfe33pagm1,table,12,c11,numeric,numeric,YES,,,
kepler_ods,kdfe33pagm1,table,13,c12,numeric,numeric,YES,,,
kepler_ods,kdfe33pagm1,table,14,c13,text,text,YES,,,
kepler_ods,kdfe33pagm1,table,15,c14,text,text,YES,,,
kepler_ods,kdfe33pagm1,table,16,c15,text,text,YES,,,
kepler_ods,kdfe33pagm1,table,17,c16,text,text,YES,,,
kepler_ods,kdfe33pagm1,table,18,c17,text,text,YES,,,
kepler_ods,kdfe33pagm1,table,19,c18,text,text,YES,,,
kepler_ods,kdfe33pagm1,table,20,c19,text,text,YES,,,
kepler_ods,kdfe33pagm1,table,21,c20,text,text,YES,,,
kepler_ods,kdfe33pagm1,table,22,c21,text,text,YES,,,
kepler_ods,kdfe33pagm1,table,23,c22,text,text,YES,,,
kepler_ods,kdfe33pagm1,table,24,c23,text,text,YES,,,
kepler_ods,kdfe33pagm1,table,25,c24,text,text,YES,,,
kepler_ods,kdfe33pagm1,table,26,c25,text,text,YES,,,
kepler_ods,kdfe33pagm2,table,1,sucursal,text,text,NO,,,
kepler_ods,kdfe33pagm2,table,2,c1,text,text,NO,,,
kepler_ods,kdfe33pagm2,table,3,c2,text,text,NO,,,
kepler_ods,kdfe33pagm2,table,4,c3,text,text,NO,,,
kepler_ods,kdfe33pagm2,table,5,c4,numeric,numeric,NO,,,
kepler_ods,kdfe33pagm2,table,6,c5,numeric,numeric,NO,,,
kepler_ods,kdfe33pagm2,table,7,c6,text,text,YES,,,
kepler_ods,kdfe33pagm2,table,8,c7,text,text,YES,,,
kepler_ods,kdfe33pagm2,table,9,c8,text,text,YES,,,
kepler_ods,kdfe33pagm2,table,10,c9,numeric,numeric,YES,,,
kepler_ods,kdfe33pagm2,table,11,c10,numeric,numeric,YES,,,
kepler_ods,kdfe33pagm2,table,12,c11,text,text,YES,,,
kepler_ods,kdfe33pagm2,table,13,c12,text,text,YES,,,
kepler_ods,kdfe33pagm2,table,14,c13,text,text,YES,,,
kepler_ods,kdfe33pagm2,table,15,c14,text,text,YES,,,
kepler_ods,kdfe33pagm2,table,16,c15,text,text,YES,,,
kepler_ods,kdfe33pagm2,table,17,c16,text,text,YES,,,
kepler_ods,kdfe33pagm2,table,18,c17,numeric,numeric,YES,,,
kepler_ods,kdfe33pagm2,table,19,c18,text,text,YES,,,
kepler_ods,kdfe33pagm2,table,20,c19,numeric,numeric,YES,,,
kepler_ods,kdfe33pagm2,table,21,c20,numeric,numeric,YES,,,
kepler_ods,kdfe33pagm2,table,22,c21,numeric,numeric,YES,,,
kepler_ods,kdfe33pagm2,table,23,c22,numeric,numeric,YES,,,
kepler_ods,kdfe33params,table,1,sucursal,text,text,NO,,,
kepler_ods,kdfe33params,table,2,c1,text,text,NO,,,
kepler_ods,kdfe33params,table,3,c2,text,text,YES,,,
kepler_ods,kdfe33relmn,table,1,sucursal,text,text,NO,,,
kepler_ods,kdfe33relmn,table,2,c1,text,text,NO,,,
kepler_ods,kdfe33relmn,table,3,c2,text,text,YES,,,
kepler_ods,kdfe33relprd,table,1,sucursal,text,text,NO,,,
kepler_ods,kdfe33relprd,table,2,c1,text,text,NO,,,
kepler_ods,kdfe33relprd,table,3,c2,text,text,YES,,,
kepler_ods,kdfe33relprd,table,4,c3,text,text,YES,,,
kepler_ods,kdfe33relprd,table,5,c4,text,text,YES,,,
kepler_ods,kdfe33relprd,table,6,c5,text,text,YES,,,
kepler_ods,kdfe33relprd,table,7,c6,text,text,YES,,,
kepler_ods,kdfe33satadu,table,1,sucursal,text,text,NO,,,
kepler_ods,kdfe33satadu,table,2,c1,text,text,NO,,,
kepler_ods,kdfe33satadu,table,3,c2,text,text,YES,,,
kepler_ods,kdfe33satadu,table,4,c3,timestamp without time zone,timestamp,YES,,,
kepler_ods,kdfe33satadu,table,5,c4,timestamp without time zone,timestamp,YES,,,
kepler_ods,kdfe33satcp,table,1,sucursal,text,text,NO,,,
kepler_ods,kdfe33satcp,table,2,c1,text,text,NO,,,
kepler_ods,kdfe33satcp,table,3,c2,text,text,YES,,,
kepler_ods,kdfe33satcp,table,4,c3,text,text,YES,,,
kepler_ods,kdfe33satcp,table,5,c4,text,text,YES,,,
kepler_ods,kdfe33satcp,table,6,c5,numeric,numeric,YES,,,
kepler_ods,kdfe33satcp,table,7,c6,timestamp without time zone,timestamp,YES,,,
kepler_ods,kdfe33satcp,table,8,c7,timestamp without time zone,timestamp,YES,,,
kepler_ods,kdfe33satcp,table,9,c8,text,text,YES,,,
kepler_ods,kdfe33satcp,table,10,c9,text,text,YES,,,
kepler_ods,kdfe33satcp,table,11,c10,text,text,YES,,,
kepler_ods,kdfe33satcp,table,12,c11,text,text,YES,,,
kepler_ods,kdfe33satcp,table,13,c12,numeric,numeric,YES,,,
kepler_ods,kdfe33satcp,table,14,c13,text,text,YES,,,
kepler_ods,kdfe33satcp,table,15,c14,text,text,YES,,,
kepler_ods,kdfe33satcp,table,16,c15,text,text,YES,,,
kepler_ods,kdfe33satcp,table,17,c16,numeric,numeric,YES,,,
kepler_ods,kdfe33satcpautmar,table,1,sucursal,text,text,NO,,,
kepler_ods,kdfe33satcpautmar,table,2,c1,text,text,NO,,,
kepler_ods,kdfe33satcpautmar,table,3,c2,timestamp without time zone,timestamp,YES,,,
kepler_ods,kdfe33satcpautmar,table,4,c3,timestamp without time zone,timestamp,YES,,,
kepler_ods,kdfe33satcpcodaereo,table,1,sucursal,text,text,NO,,,
kepler_ods,kdfe33satcpcodaereo,table,2,c1,text,text,NO,,,
kepler_ods,kdfe33satcpcodaereo,table,3,c2,text,text,YES,,,
kepler_ods,kdfe33satcpcodaereo,table,4,c3,text,text,YES,,,
kepler_ods,kdfe33satcpcodaereo,table,5,c4,text,text,YES,,,
kepler_ods,kdfe33satcpcodaereo,table,6,c5,timestamp without time zone,timestamp,YES,,,
kepler_ods,kdfe33satcpcodaereo,table,7,c6,timestamp without time zone,timestamp,YES,,,
kepler_ods,kdfe33satcpconfigauto,table,1,sucursal,text,text,NO,,,
kepler_ods,kdfe33satcpconfigauto,table,2,c1,text,text,NO,,,
kepler_ods,kdfe33satcpconfigauto,table,3,c2,text,text,YES,,,
kepler_ods,kdfe33satcpconfigauto,table,4,c3,text,text,YES,,,
kepler_ods,kdfe33satcpconfigauto,table,5,c4,text,text,YES,,,
kepler_ods,kdfe33satcpconfigauto,table,6,c5,text,text,YES,,,
kepler_ods,kdfe33satcpconfigauto,table,7,c6,timestamp without time zone,timestamp,YES,,,
kepler_ods,kdfe33satcpconfigauto,table,8,c7,timestamp without time zone,timestamp,YES,,,
kepler_ods,kdfe33satcpconfigmar,table,1,sucursal,text,text,NO,,,
kepler_ods,kdfe33satcpconfigmar,table,2,c1,text,text,NO,,,
kepler_ods,kdfe33satcpconfigmar,table,3,c2,text,text,YES,,,
kepler_ods,kdfe33satcpconfigmar,table,4,c3,timestamp without time zone,timestamp,YES,,,
kepler_ods,kdfe33satcpconfigmar,table,5,c4,timestamp without time zone,timestamp,YES,,,
kepler_ods,kdfe33satcpcontenedormar,table,1,sucursal,text,text,NO,,,
kepler_ods,kdfe33satcpcontenedormar,table,2,c1,text,text,NO,,,
kepler_ods,kdfe33satcpcontenedormar,table,3,c2,text,text,YES,,,
kepler_ods,kdfe33satcpcontenedormar,table,4,c3,timestamp without time zone,timestamp,YES,,,
kepler_ods,kdfe33satcpcontenedormar,table,5,c4,timestamp without time zone,timestamp,YES,,,
kepler_ods,kdfe33satcpderechovia,table,1,sucursal,text,text,NO,,,
kepler_ods,kdfe33satcpderechovia,table,2,c1,text,text,NO,,,
kepler_ods,kdfe33satcpderechovia,table,3,c2,text,text,YES,,,
kepler_ods,kdfe33satcpderechovia,table,4,c3,text,text,YES,,,
kepler_ods,kdfe33satcpderechovia,table,5,c4,text,text,YES,,,
kepler_ods,kdfe33satcpderechovia,table,6,c5,text,text,YES,,,
kepler_ods,kdfe33satcpderechovia,table,7,c6,text,text,YES,,,
kepler_ods,kdfe33satcpderechovia,table,8,c7,timestamp without time zone,timestamp,YES,,,
kepler_ods,kdfe33satcpderechovia,table,9,c8,timestamp without time zone,timestamp,YES,,,
kepler_ods,kdfe33satcpembalaje,table,1,sucursal,text,text,NO,,,
kepler_ods,kdfe33satcpembalaje,table,2,c1,text,text,NO,,,
kepler_ods,kdfe33satcpembalaje,table,3,c2,text,text,YES,,,
kepler_ods,kdfe33satcpembalaje,table,4,c3,timestamp without time zone,timestamp,YES,,,
kepler_ods,kdfe33satcpembalaje,table,5,c4,timestamp without time zone,timestamp,YES,,,
kepler_ods,kdfe33satcpestaciones,table,1,sucursal,text,text,NO,,,
kepler_ods,kdfe33satcpestaciones,table,2,c1,text,text,NO,,,
kepler_ods,kdfe33satcpestaciones,table,3,c2,text,text,YES,,,
kepler_ods,kdfe33satcpestaciones,table,4,c3,text,text,YES,,,
kepler_ods,kdfe33satcpestaciones,table,5,c4,text,text,YES,,,
kepler_ods,kdfe33satcpestaciones,table,6,c5,text,text,YES,,,
kepler_ods,kdfe33satcpestaciones,table,7,c6,text,text,YES,,,
kepler_ods,kdfe33satcpestaciones,table,8,c7,timestamp without time zone,timestamp,YES,,,
kepler_ods,kdfe33satcpestaciones,table,9,c8,timestamp without time zone,timestamp,YES,,,
kepler_ods,kdfe33satcpfigtransp,table,1,sucursal,text,text,NO,,,
kepler_ods,kdfe33satcpfigtransp,table,2,c1,text,text,NO,,,
kepler_ods,kdfe33satcpfigtransp,table,3,c2,text,text,YES,,,
kepler_ods,kdfe33satcpfigtransp,table,4,c3,timestamp without time zone,timestamp,YES,,,
kepler_ods,kdfe33satcpfigtransp,table,5,c4,timestamp without time zone,timestamp,YES,,,
kepler_ods,kdfe33satcpmatpeligroso,table,1,sucursal,text,text,NO,,,
kepler_ods,kdfe33satcpmatpeligroso,table,2,c1,text,text,NO,,,
kepler_ods,kdfe33satcpmatpeligroso,table,3,c2,text,text,YES,,,
kepler_ods,kdfe33satcpmatpeligroso,table,4,c3,text,text,YES,,,
kepler_ods,kdfe33satcpmatpeligroso,table,5,c4,text,text,YES,,,
kepler_ods,kdfe33satcpmatpeligroso,table,6,c5,text,text,YES,,,
kepler_ods,kdfe33satcpmatpeligroso,table,7,c6,timestamp without time zone,timestamp,YES,,,
kepler_ods,kdfe33satcpmatpeligroso,table,8,c7,timestamp without time zone,timestamp,YES,,,
kepler_ods,kdfe33satcppartetransp,table,1,sucursal,text,text,NO,,,
kepler_ods,kdfe33satcppartetransp,table,2,c1,text,text,NO,,,
kepler_ods,kdfe33satcppartetransp,table,3,c2,text,text,YES,,,
kepler_ods,kdfe33satcppartetransp,table,4,c3,timestamp without time zone,timestamp,YES,,,
kepler_ods,kdfe33satcppartetransp,table,5,c4,timestamp without time zone,timestamp,YES,,,
kepler_ods,kdfe33satcpproductos,table,1,sucursal,text,text,NO,,,
kepler_ods,kdfe33satcpproductos,table,2,c1,text,text,NO,,,
kepler_ods,kdfe33satcpproductos,table,3,c2,text,text,YES,,,
kepler_ods,kdfe33satcpproductos,table,4,c3,text,text,YES,,,
kepler_ods,kdfe33satcpproductos,table,5,c4,text,text,YES,,,
kepler_ods,kdfe33satcpproductos,table,6,c5,timestamp without time zone,timestamp,YES,,,
kepler_ods,kdfe33satcpproductos,table,7,c6,timestamp without time zone,timestamp,YES,,,
kepler_ods,kdfe33satcpservicios,table,1,sucursal,text,text,NO,,,
kepler_ods,kdfe33satcpservicios,table,2,c1,text,text,NO,,,
kepler_ods,kdfe33satcpservicios,table,3,c2,text,text,YES,,,
kepler_ods,kdfe33satcpservicios,table,4,c3,text,text,YES,,,
kepler_ods,kdfe33satcpservicios,table,5,c4,timestamp without time zone,timestamp,YES,,,
kepler_ods,kdfe33satcpservicios,table,6,c5,timestamp without time zone,timestamp,YES,,,
kepler_ods,kdfe33satcptipocarga,table,1,sucursal,text,text,NO,,,
kepler_ods,kdfe33satcptipocarga,table,2,c1,text,text,NO,,,
kepler_ods,kdfe33satcptipocarga,table,3,c2,text,text,YES,,,
kepler_ods,kdfe33satcptipocarga,table,4,c3,timestamp without time zone,timestamp,YES,,,
kepler_ods,kdfe33satcptipocarga,table,5,c4,timestamp without time zone,timestamp,YES,,,
kepler_ods,kdfe33satcptipocarro,table,1,sucursal,text,text,NO,,,
kepler_ods,kdfe33satcptipocarro,table,2,c1,text,text,NO,,,
kepler_ods,kdfe33satcptipocarro,table,3,c2,text,text,YES,,,
kepler_ods,kdfe33satcptipocarro,table,4,c3,text,text,YES,,,
kepler_ods,kdfe33satcptipocarro,table,5,c4,timestamp without time zone,timestamp,YES,,,
kepler_ods,kdfe33satcptipocarro,table,6,c5,timestamp without time zone,timestamp,YES,,,
kepler_ods,kdfe33satcptipocontenedor,table,1,sucursal,text,text,NO,,,
kepler_ods,kdfe33satcptipocontenedor,table,2,c1,text,text,NO,,,
kepler_ods,kdfe33satcptipocontenedor,table,3,c2,text,text,YES,,,
kepler_ods,kdfe33satcptipocontenedor,table,4,c3,text,text,YES,,,
kepler_ods,kdfe33satcptipocontenedor,table,5,c4,timestamp without time zone,timestamp,YES,,,
kepler_ods,kdfe33satcptipocontenedor,table,6,c5,timestamp without time zone,timestamp,YES,,,
kepler_ods,kdfe33satcptipoestacion,table,1,sucursal,text,text,NO,,,
kepler_ods,kdfe33satcptipoestacion,table,2,c1,text,text,NO,,,
kepler_ods,kdfe33satcptipoestacion,table,3,c2,text,text,YES,,,
kepler_ods,kdfe33satcptipoestacion,table,4,c3,text,text,YES,,,
kepler_ods,kdfe33satcptipoestacion,table,5,c4,timestamp without time zone,timestamp,YES,,,
kepler_ods,kdfe33satcptipoestacion,table,6,c5,timestamp without time zone,timestamp,YES,,,
kepler_ods,kdfe33satcptipopermiso,table,1,sucursal,text,text,NO,,,
kepler_ods,kdfe33satcptipopermiso,table,2,c1,text,text,NO,,,
kepler_ods,kdfe33satcptipopermiso,table,3,c2,text,text,YES,,,
kepler_ods,kdfe33satcptipopermiso,table,4,c3,text,text,YES,,,
kepler_ods,kdfe33satcptipopermiso,table,5,c4,timestamp without time zone,timestamp,YES,,,
kepler_ods,kdfe33satcptipopermiso,table,6,c5,timestamp without time zone,timestamp,YES,,,
kepler_ods,kdfe33satcptiporemolque,table,1,sucursal,text,text,NO,,,
kepler_ods,kdfe33satcptiporemolque,table,2,c1,text,text,NO,,,
kepler_ods,kdfe33satcptiporemolque,table,3,c2,text,text,YES,,,
kepler_ods,kdfe33satcptiporemolque,table,4,c3,timestamp without time zone,timestamp,YES,,,
kepler_ods,kdfe33satcptiporemolque,table,5,c4,timestamp without time zone,timestamp,YES,,,
kepler_ods,kdfe33satcptipotrafico,table,1,sucursal,text,text,NO,,,
kepler_ods,kdfe33satcptipotrafico,table,2,c1,text,text,NO,,,
kepler_ods,kdfe33satcptipotrafico,table,3,c2,text,text,YES,,,
kepler_ods,kdfe33satcptipotrafico,table,4,c3,timestamp without time zone,timestamp,YES,,,
kepler_ods,kdfe33satcptipotrafico,table,5,c4,timestamp without time zone,timestamp,YES,,,
kepler_ods,kdfe33satcptransporte,table,1,sucursal,text,text,NO,,,
kepler_ods,kdfe33satcptransporte,table,2,c1,text,text,NO,,,
kepler_ods,kdfe33satcptransporte,table,3,c2,text,text,YES,,,
kepler_ods,kdfe33satcptransporte,table,4,c3,timestamp without time zone,timestamp,YES,,,
kepler_ods,kdfe33satcptransporte,table,5,c4,timestamp without time zone,timestamp,YES,,,
kepler_ods,kdfe33satcpunidades,table,1,sucursal,text,text,NO,,,
kepler_ods,kdfe33satcpunidades,table,2,c1,text,text,NO,,,
kepler_ods,kdfe33satcpunidades,table,3,c2,text,text,YES,,,
kepler_ods,kdfe33satcpunidades,table,4,c3,text,text,YES,,,
kepler_ods,kdfe33satcpunidades,table,5,c4,text,text,YES,,,
kepler_ods,kdfe33satcpunidades,table,6,c5,timestamp without time zone,timestamp,YES,,,
kepler_ods,kdfe33satcpunidades,table,7,c6,timestamp without time zone,timestamp,YES,,,
kepler_ods,kdfe33satcpunidades,table,8,c7,text,text,YES,,,
kepler_ods,kdfe33satcpunidades,table,9,c8,text,text,YES,,,
kepler_ods,kdfe33satedo,table,1,sucursal,text,text,NO,,,
kepler_ods,kdfe33satedo,table,2,c1,text,text,NO,,,
kepler_ods,kdfe33satedo,table,3,c2,text,text,NO,,,
kepler_ods,kdfe33satedo,table,4,c3,text,text,YES,,,
kepler_ods,kdfe33satedo,table,5,c4,timestamp without time zone,timestamp,YES,,,
kepler_ods,kdfe33satedo,table,6,c5,timestamp without time zone,timestamp,YES,,,
kepler_ods,kdfe33satexp,table,1,sucursal,text,text,NO,,,
kepler_ods,kdfe33satexp,table,2,c1,text,text,NO,,,
kepler_ods,kdfe33satexp,table,3,c2,text,text,YES,,,
kepler_ods,kdfe33satexp,table,4,c3,timestamp without time zone,timestamp,YES,,,
kepler_ods,kdfe33satexp,table,5,c4,timestamp without time zone,timestamp,YES,,,
kepler_ods,kdfe33satfopg,table,1,sucursal,text,text,NO,,,
kepler_ods,kdfe33satfopg,table,2,c1,text,text,NO,,,
kepler_ods,kdfe33satfopg,table,3,c2,text,text,YES,,,
kepler_ods,kdfe33satfopg,table,4,c3,text,text,YES,,,
kepler_ods,kdfe33satfopg,table,5,c4,text,text,YES,,,
kepler_ods,kdfe33satfopg,table,6,c5,text,text,YES,,,
kepler_ods,kdfe33satfopg,table,7,c6,text,text,YES,,,
kepler_ods,kdfe33satfopg,table,8,c7,text,text,YES,,,
kepler_ods,kdfe33satfopg,table,9,c8,text,text,YES,,,
kepler_ods,kdfe33satfopg,table,10,c9,text,text,YES,,,
kepler_ods,kdfe33satfopg,table,11,c10,text,text,YES,,,
kepler_ods,kdfe33satfopg,table,12,c11,text,text,YES,,,
kepler_ods,kdfe33satfopg,table,13,c12,text,text,YES,,,
kepler_ods,kdfe33satfopg,table,14,c13,timestamp without time zone,timestamp,YES,,,
kepler_ods,kdfe33satfopg,table,15,c14,timestamp without time zone,timestamp,YES,,,
kepler_ods,kdfe33satimp,table,1,sucursal,text,text,NO,,,
kepler_ods,kdfe33satimp,table,2,c1,text,text,NO,,,
kepler_ods,kdfe33satimp,table,3,c2,text,text,YES,,,
kepler_ods,kdfe33satimp,table,4,c3,text,text,YES,,,
kepler_ods,kdfe33satimp,table,5,c4,text,text,YES,,,
kepler_ods,kdfe33satimp,table,6,c5,text,text,YES,,,
kepler_ods,kdfe33satimp,table,7,c6,timestamp without time zone,timestamp,YES,,,
kepler_ods,kdfe33satimp,table,8,c7,timestamp without time zone,timestamp,YES,,,
kepler_ods,kdfe33satmes,table,1,sucursal,text,text,NO,,,
kepler_ods,kdfe33satmes,table,2,c1,text,text,NO,,,
kepler_ods,kdfe33satmes,table,3,c2,text,text,YES,,,
kepler_ods,kdfe33satmes,table,4,c3,timestamp without time zone,timestamp,YES,,,
kepler_ods,kdfe33satmes,table,5,c4,timestamp without time zone,timestamp,YES,,,
kepler_ods,kdfe33satmn,table,1,sucursal,text,text,NO,,,
kepler_ods,kdfe33satmn,table,2,c1,text,text,NO,,,
kepler_ods,kdfe33satmn,table,3,c2,text,text,YES,,,
kepler_ods,kdfe33satmn,table,4,c3,numeric,numeric,YES,,,
kepler_ods,kdfe33satmn,table,5,c4,text,text,YES,,,
kepler_ods,kdfe33satmn,table,6,c5,timestamp without time zone,timestamp,YES,,,
kepler_ods,kdfe33satmn,table,7,c6,timestamp without time zone,timestamp,YES,,,
kepler_ods,kdfe33satmto,table,1,sucursal,text,text,NO,,,
kepler_ods,kdfe33satmto,table,2,c1,text,text,NO,,,
kepler_ods,kdfe33satmto,table,3,c2,text,text,YES,,,
kepler_ods,kdfe33satmto,table,4,c3,timestamp without time zone,timestamp,YES,,,
kepler_ods,kdfe33satmto,table,5,c4,timestamp without time zone,timestamp,YES,,,
kepler_ods,kdfe33satobjimp,table,1,sucursal,text,text,NO,,,
kepler_ods,kdfe33satobjimp,table,2,c1,text,text,NO,,,
kepler_ods,kdfe33satobjimp,table,3,c2,text,text,YES,,,
kepler_ods,kdfe33satobjimp,table,4,c3,timestamp without time zone,timestamp,YES,,,
kepler_ods,kdfe33satobjimp,table,5,c4,timestamp without time zone,timestamp,YES,,,
kepler_ods,kdfe33satpais,table,1,sucursal,text,text,NO,,,
kepler_ods,kdfe33satpais,table,2,c1,text,text,NO,,,
kepler_ods,kdfe33satpais,table,3,c2,text,text,YES,,,
kepler_ods,kdfe33satpais,table,4,c3,text,text,YES,,,
kepler_ods,kdfe33satpais,table,5,c4,text,text,YES,,,
kepler_ods,kdfe33satpais,table,6,c5,text,text,YES,,,
kepler_ods,kdfe33satpais,table,7,c6,text,text,YES,,,
kepler_ods,kdfe33satpatadu,table,1,sucursal,text,text,NO,,,
kepler_ods,kdfe33satpatadu,table,2,c1,text,text,NO,,,
kepler_ods,kdfe33satpatadu,table,3,c2,timestamp without time zone,timestamp,YES,,,
kepler_ods,kdfe33satpatadu,table,4,c3,timestamp without time zone,timestamp,YES,,,
kepler_ods,kdfe33satpedadu,table,1,sucursal,text,text,NO,,,
kepler_ods,kdfe33satpedadu,table,2,c1,text,text,NO,,,
kepler_ods,kdfe33satpedadu,table,3,c2,text,text,NO,,,
kepler_ods,kdfe33satpedadu,table,4,c3,text,text,NO,,,
kepler_ods,kdfe33satpedadu,table,5,c4,text,text,YES,,,
kepler_ods,kdfe33satpedadu,table,6,c5,timestamp without time zone,timestamp,YES,,,
kepler_ods,kdfe33satpedadu,table,7,c6,timestamp without time zone,timestamp,YES,,,
kepler_ods,kdfe33satper,table,1,sucursal,text,text,NO,,,
kepler_ods,kdfe33satper,table,2,c1,text,text,NO,,,
kepler_ods,kdfe33satper,table,3,c2,text,text,YES,,,
kepler_ods,kdfe33satper,table,4,c3,timestamp without time zone,timestamp,YES,,,
kepler_ods,kdfe33satper,table,5,c4,timestamp without time zone,timestamp,YES,,,
kepler_ods,kdfe33satprd,table,1,sucursal,text,text,NO,,,
kepler_ods,kdfe33satprd,table,2,c1,text,text,NO,,,
kepler_ods,kdfe33satprd,table,3,c2,text,text,YES,,,
kepler_ods,kdfe33satprd,table,4,c3,text,text,YES,,,
kepler_ods,kdfe33satprd,table,5,c4,text,text,YES,,,
kepler_ods,kdfe33satprd,table,6,c5,text,text,YES,,,
kepler_ods,kdfe33satprd,table,7,c6,timestamp without time zone,timestamp,YES,,,
kepler_ods,kdfe33satprd,table,8,c7,timestamp without time zone,timestamp,YES,,,
kepler_ods,kdfe33satprd,table,9,c8,numeric,numeric,YES,,,
kepler_ods,kdfe33satprd,table,10,c9,text,text,YES,,,
kepler_ods,kdfe33satrf,table,1,sucursal,text,text,NO,,,
kepler_ods,kdfe33satrf,table,2,c1,text,text,NO,,,
kepler_ods,kdfe33satrf,table,3,c2,text,text,YES,,,
kepler_ods,kdfe33satrf,table,4,c3,text,text,YES,,,
kepler_ods,kdfe33satrf,table,5,c4,text,text,YES,,,
kepler_ods,kdfe33satrf,table,6,c5,timestamp without time zone,timestamp,YES,,,
kepler_ods,kdfe33satrf,table,7,c6,timestamp without time zone,timestamp,YES,,,
kepler_ods,kdfe33sattpc,table,1,sucursal,text,text,NO,,,
kepler_ods,kdfe33sattpc,table,2,c1,text,text,NO,,,
kepler_ods,kdfe33sattpc,table,3,c2,text,text,YES,,,
kepler_ods,kdfe33sattpc,table,4,c3,text,text,YES,,,
kepler_ods,kdfe33sattpc,table,5,c4,text,text,YES,,,
kepler_ods,kdfe33sattpc,table,6,c5,timestamp without time zone,timestamp,YES,,,
kepler_ods,kdfe33sattpc,table,7,c6,timestamp without time zone,timestamp,YES,,,
kepler_ods,kdfe33sattpr,table,1,sucursal,text,text,NO,,,
kepler_ods,kdfe33sattpr,table,2,c1,text,text,NO,,,
kepler_ods,kdfe33sattpr,table,3,c2,text,text,YES,,,
kepler_ods,kdfe33sattpr,table,4,c3,timestamp without time zone,timestamp,YES,,,
kepler_ods,kdfe33sattpr,table,5,c4,timestamp without time zone,timestamp,YES,,,
kepler_ods,kdfe33satum,table,1,sucursal,text,text,NO,,,
kepler_ods,kdfe33satum,table,2,c1,text,text,NO,,,
kepler_ods,kdfe33satum,table,3,c2,text,text,YES,,,
kepler_ods,kdfe33satum,table,4,c3,text,text,YES,,,
kepler_ods,kdfe33satum,table,5,c4,text,text,YES,,,
kepler_ods,kdfe33satum,table,6,c5,timestamp without time zone,timestamp,YES,,,
kepler_ods,kdfe33satum,table,7,c6,timestamp without time zone,timestamp,YES,,,
kepler_ods,kdfe33satum,table,8,c7,text,text,YES,,,
kepler_ods,kdfe33satuso,table,1,sucursal,text,text,NO,,,
kepler_ods,kdfe33satuso,table,2,c1,text,text,NO,,,
kepler_ods,kdfe33satuso,table,3,c2,text,text,YES,,,
kepler_ods,kdfe33satuso,table,4,c3,text,text,YES,,,
kepler_ods,kdfe33satuso,table,5,c4,text,text,YES,,,
kepler_ods,kdfe33satuso,table,6,c5,timestamp without time zone,timestamp,YES,,,
kepler_ods,kdfe33satuso,table,7,c6,timestamp without time zone,timestamp,YES,,,
kepler_ods,kdfe33satuso,table,8,c7,text,text,YES,,,
kepler_ods,kdfe4imp,table,1,sucursal,text,text,NO,,,
kepler_ods,kdfe4imp,table,2,c1,text,text,NO,,,
kepler_ods,kdfe4imp,table,3,c2,text,text,NO,,,
kepler_ods,kdfe4imp,table,4,c3,text,text,NO,,,
kepler_ods,kdfe4imp,table,5,c4,text,text,YES,,,
kepler_ods,kdfe4imp,table,6,c5,text,text,YES,,,
kepler_ods,kdfe4imp,table,7,c6,numeric,numeric,YES,,,
kepler_ods,kdfe4imp,table,8,c7,numeric,numeric,YES,,,
kepler_ods,kdfe4imp,table,9,c8,text,text,YES,,,
kepler_ods,kdfe4imp,table,10,c9,numeric,numeric,NO,,,
kepler_ods,kdfe4imp,table,11,c10,text,text,NO,,,
kepler_ods,kdfe4imp,table,12,c11,text,text,YES,,,
kepler_ods,kdfe4imp,table,13,c12,text,text,YES,,,
kepler_ods,kdfe4imp,table,14,c13,numeric,numeric,YES,,,
kepler_ods,kdfe4imp,table,15,c14,numeric,numeric,YES,,,
kepler_ods,kdfe4imp,table,16,c15,numeric,numeric,YES,,,
kepler_ods,kdfe4pagm0,table,1,sucursal,text,text,NO,,,
kepler_ods,kdfe4pagm0,table,2,c1,text,text,NO,,,
kepler_ods,kdfe4pagm0,table,3,c2,text,text,NO,,,
kepler_ods,kdfe4pagm0,table,4,c3,text,text,NO,,,
kepler_ods,kdfe4pagm0,table,5,c4,text,text,YES,,,
kepler_ods,kdfe4pagm0,table,6,c5,text,text,YES,,,
kepler_ods,kdfe4pagm0,table,7,c6,numeric,numeric,YES,,,
kepler_ods,kdfe4pagm0,table,8,c7,numeric,numeric,YES,,,
kepler_ods,kdfe4pagm0,table,9,c8,numeric,numeric,YES,,,
kepler_ods,kdfe4pagm0,table,10,c9,numeric,numeric,YES,,,
kepler_ods,kdfe4pagm0,table,11,c10,numeric,numeric,YES,,,
kepler_ods,kdfe4pagm0,table,12,c11,numeric,numeric,YES,,,
kepler_ods,kdfe4pagm0,table,13,c12,numeric,numeric,YES,,,
kepler_ods,kdfe4pagm0,table,14,c13,numeric,numeric,YES,,,
kepler_ods,kdfe4pagm0,table,15,c14,numeric,numeric,YES,,,
kepler_ods,kdfe4pagm0,table,16,c15,numeric,numeric,YES,,,
kepler_ods,kdfe4pagm0,table,17,c16,numeric,numeric,YES,,,
kepler_ods,kdfe4satcp3conespeciales,table,1,sucursal,text,text,NO,,,
kepler_ods,kdfe4satcp3conespeciales,table,2,c1,text,text,NO,,,
kepler_ods,kdfe4satcp3conespeciales,table,3,c2,text,text,YES,,,
kepler_ods,kdfe4satcp3conespeciales,table,4,c3,timestamp without time zone,timestamp,YES,,,
kepler_ods,kdfe4satcp3conespeciales,table,5,c4,timestamp without time zone,timestamp,YES,,,
kepler_ods,kdfe4satcp3docaduanero,table,1,sucursal,text,text,NO,,,
kepler_ods,kdfe4satcp3docaduanero,table,2,c1,text,text,NO,,,
kepler_ods,kdfe4satcp3docaduanero,table,3,c2,text,text,YES,,,
kepler_ods,kdfe4satcp3docaduanero,table,4,c3,timestamp without time zone,timestamp,YES,,,
kepler_ods,kdfe4satcp3docaduanero,table,5,c4,timestamp without time zone,timestamp,YES,,,
kepler_ods,kdfe4satcp3frfarmaceutica,table,1,sucursal,text,text,NO,,,
kepler_ods,kdfe4satcp3frfarmaceutica,table,2,c1,text,text,NO,,,
kepler_ods,kdfe4satcp3frfarmaceutica,table,3,c2,text,text,YES,,,
kepler_ods,kdfe4satcp3frfarmaceutica,table,4,c3,timestamp without time zone,timestamp,YES,,,
kepler_ods,kdfe4satcp3frfarmaceutica,table,5,c4,timestamp without time zone,timestamp,YES,,,
kepler_ods,kdfe4satcp3regaduanero,table,1,sucursal,text,text,NO,,,
kepler_ods,kdfe4satcp3regaduanero,table,2,c1,text,text,NO,,,
kepler_ods,kdfe4satcp3regaduanero,table,3,c2,text,text,YES,,,
kepler_ods,kdfe4satcp3regaduanero,table,4,c3,text,text,YES,,,
kepler_ods,kdfe4satcp3regaduanero,table,5,c4,timestamp without time zone,timestamp,YES,,,
kepler_ods,kdfe4satcp3regaduanero,table,6,c5,timestamp without time zone,timestamp,YES,,,
kepler_ods,kdfe4satcp3registmo,table,1,sucursal,text,text,NO,,,
kepler_ods,kdfe4satcp3registmo,table,2,c1,text,text,NO,,,
kepler_ods,kdfe4satcp3registmo,table,3,c2,text,text,YES,,,
kepler_ods,kdfe4satcp3registmo,table,4,c3,timestamp without time zone,timestamp,YES,,,
kepler_ods,kdfe4satcp3registmo,table,5,c4,timestamp without time zone,timestamp,YES,,,
kepler_ods,kdfe4satcp3seccofepris,table,1,sucursal,text,text,NO,,,
kepler_ods,kdfe4satcp3seccofepris,table,2,c1,text,text,NO,,,
kepler_ods,kdfe4satcp3seccofepris,table,3,c2,text,text,YES,,,
kepler_ods,kdfe4satcp3seccofepris,table,4,c3,timestamp without time zone,timestamp,YES,,,
kepler_ods,kdfe4satcp3seccofepris,table,5,c4,timestamp without time zone,timestamp,YES,,,
kepler_ods,kdfe4satcp3tipomateria,table,1,sucursal,text,text,NO,,,
kepler_ods,kdfe4satcp3tipomateria,table,2,c1,text,text,NO,,,
kepler_ods,kdfe4satcp3tipomateria,table,3,c2,text,text,YES,,,
kepler_ods,kdfe4satcp3tipomateria,table,4,c3,timestamp without time zone,timestamp,YES,,,
kepler_ods,kdfe4satcp3tipomateria,table,5,c4,timestamp without time zone,timestamp,YES,,,
kepler_ods,kdfececonfig,table,1,sucursal,text,text,NO,,,
kepler_ods,kdfececonfig,table,2,c1,text,text,NO,,,
kepler_ods,kdfececonfig,table,3,c2,text,text,YES,,,
kepler_ods,kdfececonfig,table,4,c3,text,text,YES,,,
kepler_ods,kdfececta,table,1,sucursal,text,text,NO,,,
kepler_ods,kdfececta,table,2,c1,text,text,NO,,,
kepler_ods,kdfececta,table,3,c2,text,text,NO,,,
kepler_ods,kdfececta,table,4,c3,text,text,YES,,,
kepler_ods,kdfecedoc,table,1,sucursal,text,text,NO,,,
kepler_ods,kdfecedoc,table,2,c1,text,text,NO,,,
kepler_ods,kdfecedoc,table,3,c2,text,text,NO,,,
kepler_ods,kdfecedoc,table,4,c3,numeric,numeric,NO,,,
kepler_ods,kdfecedoc,table,5,c4,numeric,numeric,NO,,,
kepler_ods,kdfecedoc,table,6,c5,text,text,YES,,,
kepler_ods,kdfecedoc,table,7,c6,text,text,YES,,,
kepler_ods,kdfecert,table,1,sucursal,text,text,NO,,,
kepler_ods,kdfecert,table,2,c1,text,text,NO,,,
kepler_ods,kdfecert,table,3,c2,text,text,NO,,,
kepler_ods,kdfecert,table,4,c3,text,text,YES,,,
kepler_ods,kdfecert,table,5,c4,text,text,YES,,,
kepler_ods,kdfecert,table,6,c5,text,text,YES,,,
kepler_ods,kdfecert,table,7,c6,text,text,YES,,,
kepler_ods,kdfecert,table,8,c7,text,text,YES,,,
kepler_ods,kdfecert,table,9,c8,numeric,numeric,YES,,,
kepler_ods,kdfecert,table,10,c9,timestamp without time zone,timestamp,YES,,,
kepler_ods,kdfecert,table,11,c10,timestamp without time zone,timestamp,YES,,,
kepler_ods,kdfecesatban,table,1,sucursal,text,text,NO,,,
kepler_ods,kdfecesatban,table,2,c1,text,text,NO,,,
kepler_ods,kdfecesatban,table,3,c2,text,text,YES,,,
kepler_ods,kdfecesatban,table,4,c3,text,text,YES,,,
kepler_ods,kdfecesatban,table,5,c4,text,text,YES,,,
kepler_ods,kdfecesatcta,table,1,sucursal,text,text,NO,,,
kepler_ods,kdfecesatcta,table,2,c1,text,text,NO,,,
kepler_ods,kdfecesatcta,table,3,c2,text,text,YES,,,
kepler_ods,kdfecesatmon,table,1,sucursal,text,text,NO,,,
kepler_ods,kdfecesatmon,table,2,c1,text,text,NO,,,
kepler_ods,kdfecesatmon,table,3,c2,text,text,YES,,,
kepler_ods,kdfecesatmto,table,1,sucursal,text,text,NO,,,
kepler_ods,kdfecesatmto,table,2,c1,text,text,NO,,,
kepler_ods,kdfecesatmto,table,3,c2,text,text,YES,,,
kepler_ods,kdfeconf,table,1,sucursal,text,text,NO,,,
kepler_ods,kdfeconf,table,2,c1,text,text,NO,,,
kepler_ods,kdfeconf,table,3,c2,numeric,numeric,YES,,,
kepler_ods,kdfeconf,table,4,c3,text,text,YES,,,
kepler_ods,kdfeconf,table,5,c4,text,text,YES,,,
kepler_ods,kdfeconf,table,6,c5,text,text,YES,,,
kepler_ods,kdfeconf,table,7,c6,text,text,YES,,,
kepler_ods,kdfeconf,table,8,c7,text,text,YES,,,
kepler_ods,kdfeconf,table,9,c8,text,text,YES,,,
kepler_ods,kdfeconf,table,10,c9,text,text,YES,,,
kepler_ods,kdfeconf,table,11,c10,text,text,YES,,,
kepler_ods,kdfeconf,table,12,c11,text,text,YES,,,
kepler_ods,kdfeconf,table,13,c12,text,text,YES,,,
kepler_ods,kdfeconf,table,14,c13,text,text,YES,,,
kepler_ods,kdfeconf,table,15,c14,text,text,YES,,,
kepler_ods,kdfeconf,table,16,c15,text,text,YES,,,
kepler_ods,kdfeconf,table,17,c16,numeric,numeric,YES,,,
kepler_ods,kdfedfprov,table,1,sucursal,text,text,NO,,,
kepler_ods,kdfedfprov,table,2,c1,text,text,NO,,,
kepler_ods,kdfedfprov,table,3,c2,text,text,YES,,,
kepler_ods,kdfedfprov,table,4,c3,text,text,YES,,,
kepler_ods,kdfedfprov,table,5,c4,text,text,YES,,,
kepler_ods,kdfedfprov,table,6,c5,text,text,YES,,,
kepler_ods,kdfedir,table,1,sucursal,text,text,NO,,,
kepler_ods,kdfedir,table,2,c1,numeric,numeric,NO,,,
kepler_ods,kdfedir,table,3,c2,text,text,NO,,,
kepler_ods,kdfedir,table,4,c3,text,text,NO,,,
kepler_ods,kdfedir,table,5,c4,text,text,YES,,,
kepler_ods,kdfedir,table,6,c5,text,text,YES,,,
kepler_ods,kdfedir,table,7,c6,text,text,YES,,,
kepler_ods,kdfedir,table,8,c7,text,text,YES,,,
kepler_ods,kdfedir,table,9,c8,text,text,YES,,,
kepler_ods,kdfedir,table,10,c9,text,text,YES,,,
kepler_ods,kdfedir,table,11,c10,text,text,YES,,,
kepler_ods,kdfedir,table,12,c11,text,text,YES,,,
kepler_ods,kdfedir,table,13,c12,text,text,YES,,,
kepler_ods,kdfedir,table,14,c13,text,text,YES,,,
kepler_ods,kdfedir,table,15,c14,text,text,YES,,,
kepler_ods,kdfedir,table,16,c15,text,text,YES,,,
kepler_ods,kdfedir,table,17,c16,text,text,YES,,,
kepler_ods,kdfedir,table,18,c17,numeric,numeric,YES,,,
kepler_ods,kdfedir,table,19,c18,text,text,YES,,,
kepler_ods,kdfedir,table,20,c19,text,text,YES,,,
kepler_ods,kdfenoti,table,1,sucursal,text,text,NO,,,
kepler_ods,kdfenoti,table,2,c1,text,text,NO,,,
kepler_ods,kdfenoti,table,3,c2,timestamp without time zone,timestamp,NO,,,
kepler_ods,kdfenoti,table,4,c3,numeric,numeric,NO,,,
kepler_ods,kdfenoti,table,5,c4,text,text,NO,,,
kepler_ods,kdfenoti,table,6,c5,text,text,YES,,,
kepler_ods,kdfenoti,table,7,c6,text,text,YES,,,
kepler_ods,kdfepacs,table,1,sucursal,text,text,NO,,,
kepler_ods,kdfepacs,table,2,c1,text,text,NO,,,
kepler_ods,kdfepacs,table,3,c2,text,text,YES,,,
kepler_ods,kdfepacs,table,4,c3,text,text,YES,,,
kepler_ods,kdfepacs,table,5,c4,numeric,numeric,YES,,,
kepler_ods,kdfepacs,table,6,c5,numeric,numeric,YES,,,
kepler_ods,kdfepacs,table,7,c6,numeric,numeric,YES,,,
kepler_ods,kdfepacs,table,8,c7,text,text,YES,,,
kepler_ods,kdfepacs,table,9,c8,text,text,YES,,,
kepler_ods,kdfepacs,table,10,c9,text,text,YES,,,
kepler_ods,kdfepacs,table,11,c10,text,text,YES,,,
kepler_ods,kdfepacs,table,12,c11,text,text,YES,,,
kepler_ods,kdfepacs,table,13,c12,text,text,YES,,,
kepler_ods,kdfepacs,table,14,c13,text,text,YES,,,
kepler_ods,kdfepacs,table,15,c14,text,text,YES,,,
kepler_ods,kdfepacs,table,16,c15,text,text,YES,,,
kepler_ods,kdfepacs,table,17,c16,text,text,YES,,,
kepler_ods,kdfepacs,table,18,c17,text,text,YES,,,
kepler_ods,kdfepacs,table,19,c18,text,text,YES,,,
kepler_ods,kdfepacs,table,20,c19,text,text,YES,,,
kepler_ods,kdfepacs,table,21,c20,numeric,numeric,YES,,,
kepler_ods,kdfepacs,table,22,c21,text,text,YES,,,
kepler_ods,kdfepacs,table,23,c22,text,text,YES,,,
kepler_ods,kdfepacs,table,24,c23,text,text,YES,,,
kepler_ods,kdfepacs,table,25,c24,text,text,YES,,,
kepler_ods,kdfepacs,table,26,c25,text,text,YES,,,
kepler_ods,kdfepacs,table,27,c26,text,text,YES,,,
kepler_ods,kdfepacs,table,28,c27,text,text,YES,,,
kepler_ods,kdfepacs,table,29,c28,text,text,YES,,,
kepler_ods,kdfepacs,table,30,c29,text,text,YES,,,
kepler_ods,kdflujosdesc,table,1,sucursal,text,text,NO,,,
kepler_ods,kdflujosdesc,table,2,c1,text,text,NO,,,
kepler_ods,kdflujosdesc,table,3,c2,text,text,YES,,,
kepler_ods,kdflujosdesc,table,4,c3,text,text,YES,,,
kepler_ods,kdflujosdesc,table,5,c4,text,text,YES,,,
kepler_ods,kdflujosdesc,table,6,c5,text,text,YES,,,
kepler_ods,kdflujosdesc,table,7,c6,text,text,YES,,,
kepler_ods,kdflujosdesc,table,8,c7,text,text,YES,,,
kepler_ods,kdflujosdesc,table,9,c8,text,text,YES,,,
kepler_ods,kdflujosdesc,table,10,c9,text,text,YES,,,
kepler_ods,kdflujosdesc,table,11,c10,text,text,YES,,,
kepler_ods,kdfolio,table,1,sucursal,text,text,NO,,,
kepler_ods,kdfolio,table,2,c1,text,text,NO,,,
kepler_ods,kdfolio,table,3,c2,numeric,numeric,YES,,,
kepler_ods,kdfolio,table,4,c3,timestamp without time zone,timestamp,YES,,,
kepler_ods,kdgue,table,1,sucursal,text,text,NO,,,
kepler_ods,kdgue,table,2,c1,text,text,NO,,,
kepler_ods,kdgue,table,3,c2,text,text,NO,,,
kepler_ods,kdgue,table,4,c3,text,text,YES,,,
kepler_ods,kdgum,table,1,sucursal,text,text,NO,,,
kepler_ods,kdgum,table,2,c1,text,text,NO,,,
kepler_ods,kdgum,table,3,c2,text,text,NO,,,
kepler_ods,kdgum,table,4,c3,text,text,NO,,,
kepler_ods,kdgum,table,5,c4,text,text,YES,,,
kepler_ods,kdgum,table,6,c5,numeric,numeric,YES,,,
kepler_ods,kdgum,table,7,c6,text,text,YES,,,
kepler_ods,kdgup,table,1,sucursal,text,text,NO,,,
kepler_ods,kdgup,table,2,c1,text,text,NO,,,
kepler_ods,kdgup,table,3,c2,text,text,YES,,,
kepler_ods,kdgup,table,4,c3,numeric,numeric,YES,,,
kepler_ods,kdgup,table,5,c4,text,text,YES,,,
kepler_ods,kdgup,table,6,c5,text,text,YES,,,
kepler_ods,kdid,table,1,sucursal,text,text,NO,,,
kepler_ods,kdid,table,2,c1,text,text,NO,,,
kepler_ods,kdid,table,3,c2,text,text,YES,,,
kepler_ods,kdie,table,1,sucursal,text,text,NO,,,
kepler_ods,kdie,table,2,c1,text,text,NO,,,
kepler_ods,kdie,table,3,c2,text,text,YES,,,
kepler_ods,kdie,table,4,c3,text,text,YES,,,
kepler_ods,kdie,table,5,c4,numeric,numeric,YES,,,
kepler_ods,kdie,table,6,c5,numeric,numeric,YES,,,
kepler_ods,kdif,table,1,sucursal,text,text,NO,,,
kepler_ods,kdif,table,2,c1,text,text,NO,,,
kepler_ods,kdif,table,3,c2,text,text,YES,,,
kepler_ods,kdif,table,4,c3,text,text,YES,,,
kepler_ods,kdif,table,5,c4,numeric,numeric,YES,,,
kepler_ods,kdig,table,1,sucursal,text,text,NO,,,
kepler_ods,kdig,table,2,c1,text,text,NO,,,
kepler_ods,kdig,table,3,c2,text,text,YES,,,
kepler_ods,kdig,table,4,c3,text,text,YES,,,
kepler_ods,kdig,table,5,c4,numeric,numeric,YES,,,
kepler_ods,kdii,table,1,sucursal,text,text,NO,,,
kepler_ods,kdii,table,2,c1,text,text,NO,,,
kepler_ods,kdii,table,3,c2,text,text,YES,,,
kepler_ods,kdii,table,4,c3,text,text,YES,,,
kepler_ods,kdii,table,5,c4,text,text,YES,,,
kepler_ods,kdii,table,6,c5,text,text,YES,,,
kepler_ods,kdii,table,7,c6,text,text,YES,,,
kepler_ods,kdii,table,8,c7,text,text,YES,,,
kepler_ods,kdii,table,9,c8,text,text,YES,,,
kepler_ods,kdii,table,10,c9,text,text,YES,,,
kepler_ods,kdii,table,11,c10,text,text,YES,,,
kepler_ods,kdii,table,12,c11,text,text,YES,,,
kepler_ods,kdii,table,13,c12,text,text,YES,,,
kepler_ods,kdii,table,14,c13,numeric,numeric,YES,,,
kepler_ods,kdii,table,15,c14,numeric,numeric,YES,,,
kepler_ods,kdii,table,16,c15,numeric,numeric,YES,,,
kepler_ods,kdii,table,17,c16,numeric,numeric,YES,,,
kepler_ods,kdii,table,18,c17,numeric,numeric,YES,,,
kepler_ods,kdii,table,19,c18,numeric,numeric,YES,,,
kepler_ods,kdii,table,20,c19,numeric,numeric,YES,,,
kepler_ods,kdii,table,21,c20,text,text,YES,,,
kepler_ods,kdii,table,22,c21,text,text,YES,,,
kepler_ods,kdii,table,23,c22,text,text,YES,,,
kepler_ods,kdii,table,24,c23,numeric,numeric,YES,,,
kepler_ods,kdii,table,25,c24,numeric,numeric,YES,,,
kepler_ods,kdii,table,26,c25,text,text,YES,,,
kepler_ods,kdii,table,27,c26,text,text,YES,,,
kepler_ods,kdii,table,28,c27,text,text,YES,,,
kepler_ods,kdii,table,29,c28,text,text,YES,,,
kepler_ods,kdii,table,30,c29,numeric,numeric,YES,,,
kepler_ods,kdii,table,31,c30,text,text,YES,,,
kepler_ods,kdii,table,32,c31,text,text,YES,,,
kepler_ods,kdii,table,33,c32,text,text,YES,,,
kepler_ods,kdii,table,34,c33,numeric,numeric,YES,,,
kepler_ods,kdii,table,35,c34,numeric,numeric,YES,,,
kepler_ods,kdii,table,36,c35,numeric,numeric,YES,,,
kepler_ods,kdii,table,37,c36,numeric,numeric,YES,,,
kepler_ods,kdii,table,38,c37,text,text,YES,,,
kepler_ods,kdii,table,39,c38,text,text,YES,,,
kepler_ods,kdii,table,40,c39,text,text,YES,,,
kepler_ods,kdii,table,41,c40,text,text,YES,,,
kepler_ods,kdii,table,42,c41,text,text,YES,,,
kepler_ods,kdii,table,43,c42,numeric,numeric,YES,,,
kepler_ods,kdii,table,44,c43,text,text,YES,,,
kepler_ods,kdii,table,45,c44,numeric,numeric,YES,,,
kepler_ods,kdii,table,46,c45,text,text,YES,,,
kepler_ods,kdii,table,47,c46,text,text,YES,,,
kepler_ods,kdii,table,48,c47,text,text,YES,,,
kepler_ods,kdii,table,49,c48,text,text,YES,,,
kepler_ods,kdii,table,50,c49,text,text,YES,,,
kepler_ods,kdii,table,51,c50,timestamp without time zone,timestamp,YES,,,
kepler_ods,kdii,table,52,c51,text,text,YES,,,
kepler_ods,kdii,table,53,c52,numeric,numeric,YES,,,
kepler_ods,kdii,table,54,c53,numeric,numeric,YES,,,
kepler_ods,kdii,table,55,c54,numeric,numeric,YES,,,
kepler_ods,kdii,table,56,c55,numeric,numeric,YES,,,
kepler_ods,kdii,table,57,c56,timestamp without time zone,timestamp,YES,,,
kepler_ods,kdii,table,58,c57,numeric,numeric,YES,,,
kepler_ods,kdii,table,59,c58,numeric,numeric,YES,,,
kepler_ods,kdii,table,60,c59,numeric,numeric,YES,,,
kepler_ods,kdii,table,61,c60,timestamp without time zone,timestamp,YES,,,
kepler_ods,kdii,table,62,c61,numeric,numeric,YES,,,
kepler_ods,kdii,table,63,c62,numeric,numeric,YES,,,
kepler_ods,kdii,table,64,c63,numeric,numeric,YES,,,
kepler_ods,kdii,table,65,c64,timestamp without time zone,timestamp,YES,,,
kepler_ods,kdii,table,66,c65,timestamp without time zone,timestamp,YES,,,
kepler_ods,kdii,table,67,c66,numeric,numeric,YES,,,
kepler_ods,kdii,table,68,c67,numeric,numeric,YES,,,
kepler_ods,kdii,table,69,c68,numeric,numeric,YES,,,
kepler_ods,kdii,table,70,c69,text,text,YES,,,
kepler_ods,kdii,table,71,c70,text,text,YES,,,
kepler_ods,kdii,table,72,c71,text,text,YES,,,
kepler_ods,kdii,table,73,c72,text,text,YES,,,
kepler_ods,kdii,table,74,c73,text,text,YES,,,
kepler_ods,kdii,table,75,c74,text,text,YES,,,
kepler_ods,kdii,table,76,c75,timestamp without time zone,timestamp,YES,,,
kepler_ods,kdii,table,77,c76,text,text,YES,,,
kepler_ods,kdii,table,78,c77,text,text,YES,,,
kepler_ods,kdii,table,79,c78,numeric,numeric,YES,,,
kepler_ods,kdii,table,80,c79,numeric,numeric,YES,,,
kepler_ods,kdii,table,81,c80,text,text,YES,,,
kepler_ods,kdii,table,82,c81,numeric,numeric,YES,,,
kepler_ods,kdii,table,83,c82,text,text,YES,,,
kepler_ods,kdii,table,84,c83,text,text,YES,,,
kepler_ods,kdii,table,85,c84,numeric,numeric,YES,,,
kepler_ods,kdii,table,86,c85,text,text,YES,,,
kepler_ods,kdii,table,87,c86,numeric,numeric,YES,,,
kepler_ods,kdii,table,88,c87,numeric,numeric,YES,,,
kepler_ods,kdii,table,89,c88,numeric,numeric,YES,,,
kepler_ods,kdii,table,90,c89,numeric,numeric,YES,,,
kepler_ods,kdii,table,91,c90,numeric,numeric,YES,,,
kepler_ods,kdii,table,92,c91,numeric,numeric,YES,,,
kepler_ods,kdii,table,93,c92,numeric,numeric,YES,,,
kepler_ods,kdii,table,94,c93,text,text,YES,,,
kepler_ods,kdii,table,95,c94,numeric,numeric,YES,,,
kepler_ods,kdii,table,96,c95,text,text,YES,,,
kepler_ods,kdii,table,97,c96,text,text,YES,,,
kepler_ods,kdii,table,98,c97,text,text,YES,,,
kepler_ods,kdii,table,99,c98,text,text,YES,,,
kepler_ods,kdii,table,100,c99,text,text,YES,,,
kepler_ods,kdii,table,101,c100,text,text,YES,,,
kepler_ods,kdii,table,102,c101,numeric,numeric,YES,,,
kepler_ods,kdii,table,103,c102,text,text,YES,,,
kepler_ods,kdii,table,104,c103,numeric,numeric,YES,,,
kepler_ods,kdij,table,1,sucursal,text,text,NO,,,
kepler_ods,kdij,table,2,c1,text,text,NO,,,
kepler_ods,kdij,table,3,c2,numeric,numeric,NO,,,
kepler_ods,kdij,table,4,c3,text,text,NO,,,
kepler_ods,kdij,table,5,c4,text,text,NO,,,
kepler_ods,kdij,table,6,c5,text,text,NO,,,
kepler_ods,kdij,table,7,c6,numeric,numeric,NO,,,
kepler_ods,kdij,table,8,c7,numeric,numeric,NO,,,
kepler_ods,kdij,table,9,c8,text,text,NO,,,
kepler_ods,kdij,table,10,c9,numeric,numeric,NO,,,
kepler_ods,kdij,table,11,c10,timestamp without time zone,timestamp,YES,,,
kepler_ods,kdij,table,12,c11,double precision,float8,YES,,,
kepler_ods,kdij,table,13,c12,text,text,YES,,,
kepler_ods,kdij,table,14,c13,numeric,numeric,YES,,,
kepler_ods,kdij,table,15,c14,numeric,numeric,YES,,,
kepler_ods,kdij,table,16,c15,text,text,YES,,,
kepler_ods,kdij,table,17,c16,text,text,YES,,,
kepler_ods,kdij,table,18,c17,double precision,float8,YES,,,
kepler_ods,kdij,table,19,c18,numeric,numeric,YES,,,
kepler_ods,kdij,table,20,c19,text,text,YES,,,
kepler_ods,kdij,table,21,c20,text,text,YES,,,
kepler_ods,kdij,table,22,c21,double precision,float8,YES,,,
kepler_ods,kdij,table,23,c22,double precision,float8,YES,,,
kepler_ods,kdij,table,24,c23,text,text,YES,,,
kepler_ods,kdij,table,25,c24,text,text,YES,,,
kepler_ods,kdij,table,26,c25,double precision,float8,YES,,,
kepler_ods,kdij,table,27,c26,double precision,float8,YES,,,
kepler_ods,kdij,table,28,c27,double precision,float8,YES,,,
kepler_ods,kdij,table,29,c28,text,text,YES,,,
kepler_ods,kdij,table,30,c29,text,text,YES,,,
kepler_ods,kdij,table,31,c30,text,text,YES,,,
kepler_ods,kdij,table,32,c31,text,text,YES,,,
kepler_ods,kdij,table,33,c32,text,text,YES,,,
kepler_ods,kdij,table,34,c33,text,text,YES,,,
kepler_ods,kdij,table,35,c34,text,text,YES,,,
kepler_ods,kdij,table,36,c35,text,text,YES,,,
kepler_ods,kdij,table,37,c36,text,text,YES,,,
kepler_ods,kdij,table,38,c37,text,text,YES,,,
kepler_ods,kdij,table,39,c38,numeric,numeric,YES,,,
kepler_ods,kdij,table,40,c39,numeric,numeric,YES,,,
kepler_ods,kdij,table,41,c40,text,text,YES,,,
kepler_ods,kdij,table,42,c41,numeric,numeric,YES,,,
kepler_ods,kdik,table,1,sucursal,text,text,NO,,,
kepler_ods,kdik,table,2,c1,text,text,NO,,,
kepler_ods,kdik,table,3,c2,text,text,NO,,,
kepler_ods,kdik,table,4,c3,timestamp without time zone,timestamp,YES,,,
kepler_ods,kdik,table,5,c4,double precision,float8,YES,,,
kepler_ods,kdik,table,6,c5,double precision,float8,YES,,,
kepler_ods,kdik,table,7,c6,double precision,float8,YES,,,
kepler_ods,kdik,table,8,c7,numeric,numeric,YES,,,
kepler_ods,kdik,table,9,c8,numeric,numeric,YES,,,
kepler_ods,kdik,table,10,c9,numeric,numeric,YES,,,
kepler_ods,kdik,table,11,c10,numeric,numeric,YES,,,
kepler_ods,kdik,table,12,c11,numeric,numeric,YES,,,
kepler_ods,kdik,table,13,c12,numeric,numeric,YES,,,
kepler_ods,kdik,table,14,c13,timestamp without time zone,timestamp,YES,,,
kepler_ods,kdik,table,15,c14,timestamp without time zone,timestamp,YES,,,
kepler_ods,kdik,table,16,c15,timestamp without time zone,timestamp,YES,,,
kepler_ods,kdik,table,17,c16,double precision,float8,YES,,,
kepler_ods,kdik,table,18,c17,timestamp without time zone,timestamp,YES,,,
kepler_ods,kdik,table,19,c18,double precision,float8,YES,,,
kepler_ods,kdik,table,20,c19,double precision,float8,YES,,,
kepler_ods,kdik,table,21,c20,text,text,YES,,,
kepler_ods,kdik,table,22,c21,text,text,YES,,,
kepler_ods,kdik,table,23,c22,double precision,float8,YES,,,
kepler_ods,kdik,table,24,c23,double precision,float8,YES,,,
kepler_ods,kdik,table,25,c24,double precision,float8,YES,,,
kepler_ods,kdik,table,26,c25,double precision,float8,YES,,,
kepler_ods,kdik,table,27,c26,double precision,float8,YES,,,
kepler_ods,kdik,table,28,c27,double precision,float8,YES,,,
kepler_ods,kdik,table,29,c28,double precision,float8,YES,,,
kepler_ods,kdik,table,30,c29,double precision,float8,YES,,,
kepler_ods,kdik,table,31,c30,double precision,float8,YES,,,
kepler_ods,kdik,table,32,c31,double precision,float8,YES,,,
kepler_ods,kdik,table,33,c32,double precision,float8,YES,,,
kepler_ods,kdik,table,34,c33,double precision,float8,YES,,,
kepler_ods,kdik,table,35,c34,numeric,numeric,YES,,,
kepler_ods,kdik,table,36,c35,numeric,numeric,YES,,,
kepler_ods,kdik,table,37,c36,numeric,numeric,YES,,,
kepler_ods,kdik,table,38,c37,numeric,numeric,YES,,,
kepler_ods,kdik,table,39,c38,numeric,numeric,YES,,,
kepler_ods,kdik,table,40,c39,numeric,numeric,YES,,,
kepler_ods,kdik,table,41,c40,numeric,numeric,YES,,,
kepler_ods,kdik,table,42,c41,numeric,numeric,YES,,,
kepler_ods,kdik,table,43,c42,numeric,numeric,YES,,,
kepler_ods,kdik,table,44,c43,numeric,numeric,YES,,,
kepler_ods,kdik,table,45,c44,numeric,numeric,YES,,,
kepler_ods,kdik,table,46,c45,numeric,numeric,YES,,,
kepler_ods,kdik,table,47,c46,numeric,numeric,YES,,,
kepler_ods,kdik,table,48,c47,numeric,numeric,YES,,,
kepler_ods,kdik,table,49,c48,numeric,numeric,YES,,,
kepler_ods,kdik,table,50,c49,numeric,numeric,YES,,,
kepler_ods,kdik,table,51,c50,numeric,numeric,YES,,,
kepler_ods,kdik,table,52,c51,numeric,numeric,YES,,,
kepler_ods,kdik,table,53,c52,numeric,numeric,YES,,,
kepler_ods,kdik,table,54,c53,numeric,numeric,YES,,,
kepler_ods,kdik,table,55,c54,numeric,numeric,YES,,,
kepler_ods,kdik,table,56,c55,numeric,numeric,YES,,,
kepler_ods,kdik,table,57,c56,numeric,numeric,YES,,,
kepler_ods,kdik,table,58,c57,numeric,numeric,YES,,,
kepler_ods,kdik,table,59,c58,text,text,YES,,,
kepler_ods,kdik,table,60,c59,text,text,YES,,,
kepler_ods,kdik,table,61,c60,double precision,float8,YES,,,
kepler_ods,kdik,table,62,c61,double precision,float8,YES,,,
kepler_ods,kdik,table,63,c62,double precision,float8,YES,,,
kepler_ods,kdik,table,64,c63,double precision,float8,YES,,,
kepler_ods,kdik,table,65,c64,text,text,YES,,,
kepler_ods,kdik,table,66,c65,numeric,numeric,YES,,,
kepler_ods,kdik,table,67,c66,numeric,numeric,YES,,,
kepler_ods,kdik,table,68,c67,numeric,numeric,YES,,,
kepler_ods,kdik,table,69,c68,numeric,numeric,YES,,,
kepler_ods,kdik,table,70,c69,numeric,numeric,YES,,,
kepler_ods,kdik,table,71,c70,text,text,YES,,,
kepler_ods,kdik,table,72,c71,text,text,YES,,,
kepler_ods,kdik,table,73,c72,text,text,YES,,,
kepler_ods,kdik,table,74,c73,text,text,YES,,,
kepler_ods,kdik,table,75,c74,text,text,YES,,,
kepler_ods,kdik,table,76,c75,text,text,YES,,,
kepler_ods,kdik,table,77,c76,text,text,YES,,,
kepler_ods,kdik,table,78,c77,text,text,YES,,,
kepler_ods,kdik,table,79,c78,text,text,YES,,,
kepler_ods,kdik,table,80,c79,text,text,YES,,,
kepler_ods,kdik,table,81,c80,text,text,YES,,,
kepler_ods,kdik,table,82,c81,text,text,YES,,,
kepler_ods,kdik,table,83,c82,text,text,YES,,,
kepler_ods,kdik,table,84,c83,text,text,YES,,,
kepler_ods,kdik,table,85,c84,text,text,YES,,,
kepler_ods,kdik,table,86,c85,text,text,YES,,,
kepler_ods,kdik,table,87,c86,text,text,YES,,,
kepler_ods,kdik,table,88,c87,text,text,YES,,,
kepler_ods,kdik,table,89,c88,text,text,YES,,,
kepler_ods,kdik,table,90,c89,text,text,YES,,,
kepler_ods,kdik,table,91,c90,text,text,YES,,,
kepler_ods,kdik,table,92,c91,text,text,YES,,,
kepler_ods,kdik,table,93,c92,text,text,YES,,,
kepler_ods,kdik,table,94,c93,text,text,YES,,,
kepler_ods,kdik,table,95,c94,text,text,YES,,,
kepler_ods,kdik,table,96,c95,text,text,YES,,,
kepler_ods,kdik,table,97,c96,text,text,YES,,,
kepler_ods,kdik,table,98,c97,text,text,YES,,,
kepler_ods,kdik,table,99,c98,text,text,YES,,,
kepler_ods,kdik,table,100,c99,text,text,YES,,,
kepler_ods,kdik,table,101,c100,double precision,float8,YES,,,
kepler_ods,kdik,table,102,c101,double precision,float8,YES,,,
kepler_ods,kdik,table,103,c102,double precision,float8,YES,,,
kepler_ods,kdik,table,104,c103,double precision,float8,YES,,,
kepler_ods,kdik,table,105,c104,text,text,YES,,,
kepler_ods,kdik,table,106,c105,numeric,numeric,YES,,,
kepler_ods,kdik,table,107,c106,numeric,numeric,YES,,,
kepler_ods,kdik,table,108,c107,numeric,numeric,YES,,,
kepler_ods,kdik,table,109,c108,numeric,numeric,YES,,,
kepler_ods,kdik,table,110,c109,numeric,numeric,YES,,,
kepler_ods,kdil,table,1,sucursal,text,text,NO,,,
kepler_ods,kdil,table,2,c1,text,text,NO,,,
kepler_ods,kdil,table,3,c2,numeric,numeric,NO,,,
kepler_ods,kdil,table,4,c3,text,text,NO,,,
kepler_ods,kdil,table,5,c4,double precision,float8,YES,,,
kepler_ods,kdil,table,6,c5,timestamp without time zone,timestamp,YES,,,
kepler_ods,kdil,table,7,c6,timestamp without time zone,timestamp,YES,,,
kepler_ods,kdil,table,8,c7,timestamp without time zone,timestamp,YES,,,
kepler_ods,kdil,table,9,c8,double precision,float8,YES,,,
kepler_ods,kdil,table,10,c9,double precision,float8,YES,,,
kepler_ods,kdip,table,1,sucursal,text,text,NO,,,
kepler_ods,kdip,table,2,c1,text,text,NO,,,
kepler_ods,kdip,table,3,c2,text,text,YES,,,
kepler_ods,kdip,table,4,c3,text,text,YES,,,
kepler_ods,kdip,table,5,c4,timestamp without time zone,timestamp,YES,,,
kepler_ods,kdip,table,6,c5,text,text,YES,,,
kepler_ods,kdip,table,7,c6,text,text,YES,,,
kepler_ods,kdip,table,8,c7,text,text,YES,,,
kepler_ods,kdiq,table,1,sucursal,text,text,NO,,,
kepler_ods,kdiq,table,2,c1,text,text,NO,,,
kepler_ods,kdiq,table,3,c2,numeric,numeric,NO,,,
kepler_ods,kdiq,table,4,c3,text,text,YES,,,
kepler_ods,kdiq,table,5,c4,text,text,YES,,,
kepler_ods,kdiu,table,1,sucursal,text,text,NO,,,
kepler_ods,kdiu,table,2,c1,text,text,NO,,,
kepler_ods,kdiu,table,3,c2,text,text,YES,,,
kepler_ods,kdiu,table,4,c3,text,text,YES,,,
kepler_ods,kdiu,table,5,c4,text,text,YES,,,
kepler_ods,kdiu,table,6,c5,text,text,YES,,,
kepler_ods,kdiu,table,7,c6,text,text,YES,,,
kepler_ods,kdiu,table,8,c7,text,text,YES,,,
kepler_ods,kdiu,table,9,c8,text,text,YES,,,
kepler_ods,kdlogmov,table,1,sucursal,text,text,NO,,,
kepler_ods,kdlogmov,table,2,c1,text,text,NO,,,
kepler_ods,kdlogmov,table,3,c2,timestamp without time zone,timestamp,NO,,,
kepler_ods,kdlogmov,table,4,c3,text,text,NO,,,
kepler_ods,kdlogmov,table,5,c4,text,text,NO,,,
kepler_ods,kdlogmov,table,6,c5,text,text,YES,,,
kepler_ods,kdlogmov,table,7,c6,text,text,YES,,,
kepler_ods,kdlogmov,table,8,c7,text,text,YES,,,
kepler_ods,kdlogmov,table,9,c8,text,text,YES,,,
kepler_ods,kdlogmov,table,10,c9,text,text,YES,,,
kepler_ods,kdm1,table,1,sucursal,text,text,NO,,,
kepler_ods,kdm1,table,2,c1,text,text,NO,,,
kepler_ods,kdm1,table,3,c2,text,text,NO,,,
kepler_ods,kdm1,table,4,c3,text,text,NO,,,
kepler_ods,kdm1,table,5,c4,numeric,numeric,NO,,,
kepler_ods,kdm1,table,6,c5,numeric,numeric,NO,,,
kepler_ods,kdm1,table,7,c6,text,text,NO,,,
kepler_ods,kdm1,table,8,c7,text,text,YES,,,
kepler_ods,kdm1,table,9,c8,numeric,numeric,YES,,,
kepler_ods,kdm1,table,10,c9,timestamp without time zone,timestamp,YES,,,
kepler_ods,kdm1,table,11,c10,text,text,YES,,,
kepler_ods,kdm1,table,12,c11,text,text,YES,,,
kepler_ods,kdm1,table,13,c12,text,text,YES,,,
kepler_ods,kdm1,table,14,c13,numeric,numeric,YES,,,
kepler_ods,kdm1,table,15,c14,numeric,numeric,YES,,,
kepler_ods,kdm1,table,16,c15,numeric,numeric,YES,,,
kepler_ods,kdm1,table,17,c16,numeric,numeric,YES,,,
kepler_ods,kdm1,table,18,c17,text,text,YES,,,
kepler_ods,kdm1,table,19,c18,timestamp without time zone,timestamp,YES,,,
kepler_ods,kdm1,table,20,c19,text,text,YES,,,
kepler_ods,kdm1,table,21,c20,text,text,YES,,,
kepler_ods,kdm1,table,22,c21,text,text,YES,,,
kepler_ods,kdm1,table,23,c22,text,text,YES,,,
kepler_ods,kdm1,table,24,c23,numeric,numeric,YES,,,
kepler_ods,kdm1,table,25,c24,text,text,YES,,,
kepler_ods,kdm1,table,26,c25,text,text,YES,,,
kepler_ods,kdm1,table,27,c26,text,text,YES,,,
kepler_ods,kdm1,table,28,c27,text,text,YES,,,
kepler_ods,kdm1,table,29,c28,numeric,numeric,YES,,,
kepler_ods,kdm1,table,30,c29,numeric,numeric,YES,,,
kepler_ods,kdm1,table,31,c30,text,text,YES,,,
kepler_ods,kdm1,table,32,c31,text,text,YES,,,
kepler_ods,kdm1,table,33,c32,text,text,YES,,,
kepler_ods,kdm1,table,34,c33,text,text,YES,,,
kepler_ods,kdm1,table,35,c34,text,text,YES,,,
kepler_ods,kdm1,table,36,c35,text,text,YES,,,
kepler_ods,kdm1,table,37,c36,text,text,YES,,,
kepler_ods,kdm1,table,38,c37,numeric,numeric,YES,,,
kepler_ods,kdm1,table,39,c38,numeric,numeric,YES,,,
kepler_ods,kdm1,table,40,c39,text,text,YES,,,
kepler_ods,kdm1,table,41,c40,double precision,float8,YES,,,
kepler_ods,kdm1,table,42,c41,timestamp without time zone,timestamp,YES,,,
kepler_ods,kdm1,table,43,c42,numeric,numeric,YES,,,
kepler_ods,kdm1,table,44,c43,text,text,YES,,,
kepler_ods,kdm1,table,45,c44,text,text,YES,,,
kepler_ods,kdm1,table,46,c45,text,text,YES,,,
kepler_ods,kdm1,table,47,c46,text,text,YES,,,
kepler_ods,kdm1,table,48,c47,text,text,YES,,,
kepler_ods,kdm1,table,49,c48,text,text,YES,,,
kepler_ods,kdm1,table,50,c49,numeric,numeric,YES,,,
kepler_ods,kdm1,table,51,c50,double precision,float8,YES,,,
kepler_ods,kdm1,table,52,c51,double precision,float8,YES,,,
kepler_ods,kdm1,table,53,c52,double precision,float8,YES,,,
kepler_ods,kdm1,table,54,c53,double precision,float8,YES,,,
kepler_ods,kdm1,table,55,c54,double precision,float8,YES,,,
kepler_ods,kdm1,table,56,c55,double precision,float8,YES,,,
kepler_ods,kdm1,table,57,c56,double precision,float8,YES,,,
kepler_ods,kdm1,table,58,c57,double precision,float8,YES,,,
kepler_ods,kdm1,table,59,c58,double precision,float8,YES,,,
kepler_ods,kdm1,table,60,c59,double precision,float8,YES,,,
kepler_ods,kdm1,table,61,c60,double precision,float8,YES,,,
kepler_ods,kdm1,table,62,c61,text,text,YES,,,
kepler_ods,kdm1,table,63,c62,text,text,YES,,,
kepler_ods,kdm1,table,64,c63,text,text,YES,,,
kepler_ods,kdm1,table,65,c64,text,text,YES,,,
kepler_ods,kdm1,table,66,c65,numeric,numeric,YES,,,
kepler_ods,kdm1,table,67,c66,text,text,YES,,,
kepler_ods,kdm1,table,68,c67,text,text,YES,,,
kepler_ods,kdm1,table,69,c68,timestamp without time zone,timestamp,YES,,,
kepler_ods,kdm1,table,70,c69,text,text,YES,,,
kepler_ods,kdm1,table,71,c70,text,text,YES,,,
kepler_ods,kdm1,table,72,c71,text,text,YES,,,
kepler_ods,kdm1,table,73,c72,text,text,YES,,,
kepler_ods,kdm1,table,74,c73,text,text,YES,,,
kepler_ods,kdm1,table,75,c74,text,text,YES,,,
kepler_ods,kdm1,table,76,c75,text,text,YES,,,
kepler_ods,kdm1,table,77,c76,text,text,YES,,,
kepler_ods,kdm1,table,78,c77,text,text,YES,,,
kepler_ods,kdm1,table,79,c78,text,text,YES,,,
kepler_ods,kdm1,table,80,c79,text,text,YES,,,
kepler_ods,kdm1,table,81,c80,text,text,YES,,,
kepler_ods,kdm1,table,82,c81,text,text,YES,,,
kepler_ods,kdm1,table,83,c82,text,text,YES,,,
kepler_ods,kdm1,table,84,c83,text,text,YES,,,
kepler_ods,kdm1,table,85,c84,text,text,YES,,,
kepler_ods,kdm1,table,86,c85,text,text,YES,,,
kepler_ods,kdm1,table,87,c86,text,text,YES,,,
kepler_ods,kdm1,table,88,c87,text,text,YES,,,
kepler_ods,kdm1,table,89,c88,text,text,YES,,,
kepler_ods,kdm1,table,90,c89,text,text,YES,,,
kepler_ods,kdm1,table,91,c90,text,text,YES,,,
kepler_ods,kdm1,table,92,c91,timestamp without time zone,timestamp,YES,,,
kepler_ods,kdm1,table,93,c92,text,text,YES,,,
kepler_ods,kdm1,table,94,c93,text,text,YES,,,
kepler_ods,kdm1,table,95,c94,text,text,YES,,,
kepler_ods,kdm1,table,96,c95,text,text,YES,,,
kepler_ods,kdm1,table,97,c96,text,text,YES,,,
kepler_ods,kdm1,table,98,c97,text,text,YES,,,
kepler_ods,kdm1,table,99,c98,numeric,numeric,YES,,,
kepler_ods,kdm1,table,100,c99,numeric,numeric,YES,,,
kepler_ods,kdm1,table,101,c100,text,text,YES,,,
kepler_ods,kdm1,table,102,c101,timestamp without time zone,timestamp,YES,,,
kepler_ods,kdm1,table,103,c102,text,text,YES,,,
kepler_ods,kdm1,table,104,c103,text,text,YES,,,
kepler_ods,kdm1,table,105,c104,text,text,YES,,,
kepler_ods,kdm1,table,106,c105,text,text,YES,,,
kepler_ods,kdm1,table,107,c106,numeric,numeric,YES,,,
kepler_ods,kdm1,table,108,c107,numeric,numeric,YES,,,
kepler_ods,kdm1,table,109,c108,numeric,numeric,YES,,,
kepler_ods,kdm1,table,110,c109,numeric,numeric,YES,,,
kepler_ods,kdm1,table,111,c110,text,text,YES,,,
kepler_ods,kdm1,table,112,c111,numeric,numeric,YES,,,
kepler_ods,kdm1,table,113,c112,numeric,numeric,YES,,,
kepler_ods,kdm1,table,114,c113,numeric,numeric,YES,,,
kepler_ods,kdm1,table,115,c114,numeric,numeric,YES,,,
kepler_ods,kdm1,table,116,c115,text,text,YES,,,
kepler_ods,kdm1,table,117,c116,text,text,YES,,,
kepler_ods,kdm1,table,118,c117,text,text,YES,,,
kepler_ods,kdm1,table,119,c118,text,text,YES,,,
kepler_ods,kdm1,table,120,c119,text,text,YES,,,
kepler_ods,kdm1,table,121,c120,text,text,YES,,,
kepler_ods,kdm1,table,122,c121,text,text,YES,,,
kepler_ods,kdm1,table,123,c122,text,text,YES,,,
kepler_ods,kdm1,table,124,c123,text,text,YES,,,
kepler_ods,kdm1,table,125,c124,text,text,YES,,,
kepler_ods,kdm1,table,126,c125,text,text,YES,,,
kepler_ods,kdm1,table,127,c126,text,text,YES,,,
kepler_ods,kdm1,table,128,c127,text,text,YES,,,
kepler_ods,kdm1,table,129,c128,text,text,YES,,,
kepler_ods,kdm1,table,130,c129,text,text,YES,,,
kepler_ods,kdm1,table,131,c130,text,text,YES,,,
kepler_ods,kdm1,table,132,c131,text,text,YES,,,
kepler_ods,kdm1,table,133,c132,text,text,YES,,,
kepler_ods,kdm1,table,134,c133,text,text,YES,,,
kepler_ods,kdm1,table,135,c134,text,text,YES,,,
kepler_ods,kdm1,table,136,c135,text,text,YES,,,
kepler_ods,kdm1,table,137,c136,text,text,YES,,,
kepler_ods,kdm1,table,138,c137,text,text,YES,,,
kepler_ods,kdm1,table,139,c138,text,text,YES,,,
kepler_ods,kdm1,table,140,c139,text,text,YES,,,
kepler_ods,kdm1,table,141,c140,text,text,YES,,,
kepler_ods,kdm1,table,142,c141,text,text,YES,,,
kepler_ods,kdm1,table,143,c142,text,text,YES,,,
kepler_ods,kdm1,table,144,c143,text,text,YES,,,
kepler_ods,kdm1,table,145,c144,text,text,YES,,,
kepler_ods,kdm1,table,146,c145,text,text,YES,,,
kepler_ods,kdm1,table,147,c146,text,text,YES,,,
kepler_ods,kdm1,table,148,c147,text,text,YES,,,
kepler_ods,kdm1,table,149,c148,text,text,YES,,,
kepler_ods,kdm1,table,150,c149,text,text,YES,,,
kepler_ods,kdm1,table,151,c150,text,text,YES,,,
kepler_ods,kdm1,table,152,c151,text,text,YES,,,
kepler_ods,kdm1,table,153,c152,text,text,YES,,,
kepler_ods,kdm1,table,154,c153,text,text,YES,,,
kepler_ods,kdm1,table,155,c154,text,text,YES,,,
kepler_ods,kdm1,table,156,c155,text,text,YES,,,
kepler_ods,kdm1,table,157,c156,text,text,YES,,,
kepler_ods,kdm1,table,158,c157,text,text,YES,,,
kepler_ods,kdm1,table,159,c158,text,text,YES,,,
kepler_ods,kdm1,table,160,c159,text,text,YES,,,
kepler_ods,kdm1,table,161,c160,text,text,YES,,,
kepler_ods,kdm1,table,162,c161,text,text,YES,,,
kepler_ods,kdm1,table,163,c162,text,text,YES,,,
kepler_ods,kdm1,table,164,c163,text,text,YES,,,
kepler_ods,kdm1,table,165,c164,text,text,YES,,,
kepler_ods,kdm1,table,166,c165,text,text,YES,,,
kepler_ods,kdm1,table,167,c166,text,text,YES,,,
kepler_ods,kdm1,table,168,c167,text,text,YES,,,
kepler_ods,kdm1,table,169,c168,text,text,YES,,,
kepler_ods,kdm1,table,170,c169,text,text,YES,,,
kepler_ods,kdm1,table,171,c170,text,text,YES,,,
kepler_ods,kdm1,table,172,c171,text,text,YES,,,
kepler_ods,kdm1,table,173,c172,text,text,YES,,,
kepler_ods,kdm1,table,174,c173,text,text,YES,,,
kepler_ods,kdm1,table,175,c174,text,text,YES,,,
kepler_ods,kdm1,table,176,c175,text,text,YES,,,
kepler_ods,kdm1,table,177,c176,text,text,YES,,,
kepler_ods,kdm1,table,178,c177,text,text,YES,,,
kepler_ods,kdm1,table,179,c178,text,text,YES,,,
kepler_ods,kdm1,table,180,c179,text,text,YES,,,
kepler_ods,kdm1,table,181,c180,numeric,numeric,YES,,,
kepler_ods,kdm1,table,182,c181,numeric,numeric,YES,,,
kepler_ods,kdm1,table,183,c182,numeric,numeric,YES,,,
kepler_ods,kdm1,table,184,c183,numeric,numeric,YES,,,
kepler_ods,kdm1,table,185,c184,text,text,YES,,,
kepler_ods,kdm1,table,186,c185,text,text,YES,,,
kepler_ods,kdm1,table,187,c186,text,text,YES,,,
kepler_ods,kdm1,table,188,c187,text,text,YES,,,
kepler_ods,kdm1,table,189,c188,timestamp without time zone,timestamp,YES,,,
kepler_ods,kdm1,table,190,c189,text,text,YES,,,
kepler_ods,kdm1,table,191,c190,text,text,YES,,,
kepler_ods,kdm1,table,192,c191,timestamp without time zone,timestamp,YES,,,
kepler_ods,kdm1,table,193,c192,text,text,YES,,,
kepler_ods,kdm1,table,194,c193,text,text,YES,,,
kepler_ods,kdm1,table,195,c194,text,text,YES,,,
kepler_ods,kdm1,table,196,c195,timestamp without time zone,timestamp,YES,,,
kepler_ods,kdm1,table,197,c196,text,text,YES,,,
kepler_ods,kdm1,table,198,c197,timestamp without time zone,timestamp,YES,,,
kepler_ods,kdm1,table,199,c198,text,text,YES,,,
kepler_ods,kdm1,table,200,c199,text,text,YES,,,
kepler_ods,kdm1,table,201,c200,text,text,YES,,,
kepler_ods,kdm2,table,1,sucursal,text,text,NO,,,
kepler_ods,kdm2,table,2,c1,text,text,NO,,,
kepler_ods,kdm2,table,3,c2,text,text,NO,,,
kepler_ods,kdm2,table,4,c3,text,text,NO,,,
kepler_ods,kdm2,table,5,c4,numeric,numeric,NO,,,
kepler_ods,kdm2,table,6,c5,numeric,numeric,NO,,,
kepler_ods,kdm2,table,7,c6,text,text,NO,,,
kepler_ods,kdm2,table,8,c7,numeric,numeric,NO,,,
kepler_ods,kdm2,table,9,c8,text,text,YES,,,
kepler_ods,kdm2,table,10,c9,double precision,float8,YES,,,
kepler_ods,kdm2,table,11,c10,text,text,YES,,,
kepler_ods,kdm2,table,12,c11,text,text,YES,,,
kepler_ods,kdm2,table,13,c12,numeric,numeric,YES,,,
kepler_ods,kdm2,table,14,c13,numeric,numeric,YES,,,
kepler_ods,kdm2,table,15,c14,double precision,float8,YES,,,
kepler_ods,kdm2,table,16,c15,double precision,float8,YES,,,
kepler_ods,kdm2,table,17,c16,double precision,float8,YES,,,
kepler_ods,kdm2,table,18,c17,text,text,YES,,,
kepler_ods,kdm2,table,19,c18,double precision,float8,YES,,,
kepler_ods,kdm2,table,20,c19,text,text,YES,,,
kepler_ods,kdm2,table,21,c20,numeric,numeric,YES,,,
kepler_ods,kdm2,table,22,c21,numeric,numeric,YES,,,
kepler_ods,kdm2,table,23,c22,text,text,YES,,,
kepler_ods,kdm2,table,24,c23,numeric,numeric,YES,,,
kepler_ods,kdm2,table,25,c24,double precision,float8,YES,,,
kepler_ods,kdm2,table,26,c25,text,text,YES,,,
kepler_ods,kdm2,table,27,c26,double precision,float8,YES,,,
kepler_ods,kdm2,table,28,c27,text,text,YES,,,
kepler_ods,kdm2,table,29,c28,text,text,YES,,,
kepler_ods,kdm2,table,30,c29,numeric,numeric,YES,,,
kepler_ods,kdm2,table,31,c30,numeric,numeric,YES,,,
kepler_ods,kdm2,table,32,c31,double precision,float8,YES,,,
kepler_ods,kdm2,table,33,c32,timestamp without time zone,timestamp,YES,,,
kepler_ods,kdm2,table,34,c33,numeric,numeric,YES,,,
kepler_ods,kdm2,table,35,c34,numeric,numeric,YES,,,
kepler_ods,kdm2,table,36,c35,numeric,numeric,YES,,,
kepler_ods,kdm2,table,37,c36,text,text,YES,,,
kepler_ods,kdm2,table,38,c37,numeric,numeric,YES,,,
kepler_ods,kdm2,table,39,c38,numeric,numeric,YES,,,
kepler_ods,kdm2,table,40,c39,text,text,YES,,,
kepler_ods,kdm2,table,41,c40,text,text,YES,,,
kepler_ods,kdm2,table,42,c41,text,text,YES,,,
kepler_ods,kdm2,table,43,c42,text,text,YES,,,
kepler_ods,kdm2,table,44,c43,text,text,YES,,,
kepler_ods,kdm2,table,45,c44,text,text,YES,,,
kepler_ods,kdm2,table,46,c45,text,text,YES,,,
kepler_ods,kdm2,table,47,c46,text,text,YES,,,
kepler_ods,kdm2,table,48,c47,text,text,YES,,,
kepler_ods,kdm2,table,49,c48,text,text,YES,,,
kepler_ods,kdm2,table,50,c49,text,text,YES,,,
kepler_ods,kdm2,table,51,c50,text,text,YES,,,
kepler_ods,kdm2,table,52,c51,text,text,YES,,,
kepler_ods,kdm2,table,53,c52,text,text,YES,,,
kepler_ods,kdm2,table,54,c53,text,text,YES,,,
kepler_ods,kdm2,table,55,c54,text,text,YES,,,
kepler_ods,kdm2,table,56,c55,text,text,YES,,,
kepler_ods,kdm2,table,57,c56,text,text,YES,,,
kepler_ods,kdm2,table,58,c57,text,text,YES,,,
kepler_ods,kdm2,table,59,c58,text,text,YES,,,
kepler_ods,kdm2,table,60,c59,text,text,YES,,,
kepler_ods,kdm2,table,61,c60,text,text,YES,,,
kepler_ods,kdm2,table,62,c61,text,text,YES,,,
kepler_ods,kdm2,table,63,c62,text,text,YES,,,
kepler_ods,kdm2,table,64,c63,text,text,YES,,,
kepler_ods,kdm2,table,65,c64,text,text,YES,,,
kepler_ods,kdm2,table,66,c65,text,text,YES,,,
kepler_ods,kdm2,table,67,c66,text,text,YES,,,
kepler_ods,kdm2,table,68,c67,text,text,YES,,,
kepler_ods,kdm2,table,69,c68,text,text,YES,,,
kepler_ods,kdm2,table,70,c69,text,text,YES,,,
kepler_ods,kdm2,table,71,c70,text,text,YES,,,
kepler_ods,kdm5,table,1,sucursal,text,text,NO,,,
kepler_ods,kdm5,table,2,c1,text,text,NO,,,
kepler_ods,kdm5,table,3,c2,text,text,NO,,,
kepler_ods,kdm5,table,4,c3,text,text,NO,,,
kepler_ods,kdm5,table,5,c4,numeric,numeric,NO,,,
kepler_ods,kdm5,table,6,c5,numeric,numeric,NO,,,
kepler_ods,kdm5,table,7,c6,text,text,NO,,,
kepler_ods,kdm5,table,8,c7,numeric,numeric,NO,,,
kepler_ods,kdm5,table,9,c8,text,text,YES,,,
kepler_ods,kdm5,table,10,c9,numeric,numeric,YES,,,
kepler_ods,kdm5,table,11,c10,numeric,numeric,YES,,,
kepler_ods,kdm5,table,12,c11,text,text,YES,,,
kepler_ods,kdm5,table,13,c12,numeric,numeric,YES,,,
kepler_ods,kdm5,table,14,c13,numeric,numeric,YES,,,
kepler_ods,kdm5,table,15,c14,text,text,YES,,,
kepler_ods,kdm6,table,1,sucursal,text,text,NO,,,
kepler_ods,kdm6,table,2,c1,text,text,NO,,,
kepler_ods,kdm6,table,3,c2,text,text,NO,,,
kepler_ods,kdm6,table,4,c3,text,text,NO,,,
kepler_ods,kdm6,table,5,c4,numeric,numeric,NO,,,
kepler_ods,kdm6,table,6,c5,numeric,numeric,NO,,,
kepler_ods,kdm6,table,7,c6,text,text,NO,,,
kepler_ods,kdm6,table,8,c7,numeric,numeric,NO,,,
kepler_ods,kdm6,table,9,c8,text,text,YES,,,
kepler_ods,kdm6,table,10,c9,text,text,YES,,,
kepler_ods,kdm6,table,11,c10,text,text,YES,,,
kepler_ods,kdm6,table,12,c11,numeric,numeric,YES,,,
kepler_ods,kdm6,table,13,c12,text,text,YES,,,
kepler_ods,kdm6,table,14,c13,text,text,YES,,,
kepler_ods,kdm6,table,15,c14,text,text,YES,,,
kepler_ods,kdm6,table,16,c15,text,text,YES,,,
kepler_ods,kdm6,table,17,c16,text,text,YES,,,
kepler_ods,kdm6,table,18,c17,numeric,numeric,YES,,,
kepler_ods,kdm6,table,19,c18,numeric,numeric,YES,,,
kepler_ods,kdm8,table,1,sucursal,text,text,NO,,,
kepler_ods,kdm8,table,2,c1,text,text,NO,,,
kepler_ods,kdm8,table,3,c2,text,text,NO,,,
kepler_ods,kdm8,table,4,c3,text,text,NO,,,
kepler_ods,kdm8,table,5,c4,numeric,numeric,NO,,,
kepler_ods,kdm8,table,6,c5,numeric,numeric,NO,,,
kepler_ods,kdm8,table,7,c6,text,text,NO,,,
kepler_ods,kdm8,table,8,c7,numeric,numeric,NO,,,
kepler_ods,kdm8,table,9,c8,text,text,YES,,,
kepler_ods,kdm8,table,10,c9,numeric,numeric,YES,,,
kepler_ods,kdm8,table,11,c10,numeric,numeric,YES,,,
kepler_ods,kdm8,table,12,c11,text,text,YES,,,
kepler_ods,kdm_cat_che,table,1,sucursal,text,text,NO,,,
kepler_ods,kdm_cat_che,table,2,c1,text,text,NO,,,
kepler_ods,kdm_cat_che,table,3,c2,text,text,YES,,,
kepler_ods,kdm_cat_emb,table,1,sucursal,text,text,NO,,,
kepler_ods,kdm_cat_emb,table,2,c1,text,text,NO,,,
kepler_ods,kdm_cat_emb,table,3,c2,text,text,YES,,,
kepler_ods,kdm_cat_sur,table,1,sucursal,text,text,NO,,,
kepler_ods,kdm_cat_sur,table,2,c1,text,text,NO,,,
kepler_ods,kdm_cat_sur,table,3,c2,text,text,YES,,,
kepler_ods,kdm_chofer,table,1,sucursal,text,text,NO,,,
kepler_ods,kdm_chofer,table,2,c1,text,text,NO,,,
kepler_ods,kdm_chofer,table,3,c2,text,text,YES,,,
kepler_ods,kdm_m2,table,1,sucursal,text,text,NO,,,
kepler_ods,kdm_m2,table,2,c1,text,text,NO,,,
kepler_ods,kdm_m2,table,3,c2,text,text,NO,,,
kepler_ods,kdm_m2,table,4,c3,text,text,NO,,,
kepler_ods,kdm_m2,table,5,c4,numeric,numeric,NO,,,
kepler_ods,kdm_m2,table,6,c5,numeric,numeric,NO,,,
kepler_ods,kdm_m2,table,7,c6,text,text,NO,,,
kepler_ods,kdm_m2,table,8,c7,numeric,numeric,NO,,,
kepler_ods,kdm_m2,table,9,c8,text,text,YES,,,
kepler_ods,kdm_m2,table,10,c9,text,text,YES,,,
kepler_ods,kdm_m2,table,11,c10,text,text,YES,,,
kepler_ods,kdm_m2,table,12,c11,text,text,YES,,,
kepler_ods,kdm_m2,table,13,c12,text,text,YES,,,
kepler_ods,kdm_m2,table,14,c13,text,text,YES,,,
kepler_ods,kdm_m2,table,15,c14,text,text,YES,,,
kepler_ods,kdm_m2,table,16,c15,text,text,YES,,,
kepler_ods,kdm_m2,table,17,c16,text,text,YES,,,
kepler_ods,kdm_m2,table,18,c17,text,text,YES,,,
kepler_ods,kdm_m2,table,19,c18,text,text,YES,,,
kepler_ods,kdm_m2,table,20,c19,text,text,YES,,,
kepler_ods,kdm_m2,table,21,c20,timestamp without time zone,timestamp,YES,,,
kepler_ods,kdm_m2,table,22,c21,timestamp without time zone,timestamp,YES,,,
kepler_ods,kdm_m2,table,23,c22,timestamp without time zone,timestamp,YES,,,
kepler_ods,kdm_m2,table,24,c23,timestamp without time zone,timestamp,YES,,,
kepler_ods,kdm_m2,table,25,c24,timestamp without time zone,timestamp,YES,,,
kepler_ods,kdm_m2,table,26,c25,numeric,numeric,YES,,,
kepler_ods,kdm_m2,table,27,c26,numeric,numeric,YES,,,
kepler_ods,kdm_m2,table,28,c27,numeric,numeric,YES,,,
kepler_ods,kdm_m2,table,29,c28,numeric,numeric,YES,,,
kepler_ods,kdm_m2,table,30,c29,numeric,numeric,YES,,,
kepler_ods,kdm_m2,table,31,c30,numeric,numeric,YES,,,
kepler_ods,kdm_m2,table,32,c31,text,text,YES,,,
kepler_ods,kdm_m2,table,33,c32,text,text,YES,,,
kepler_ods,kdm_m2,table,34,c33,text,text,YES,,,
kepler_ods,kdm_m2,table,35,c34,text,text,YES,,,
kepler_ods,kdm_m2,table,36,c35,text,text,YES,,,
kepler_ods,kdm_rutas,table,1,sucursal,text,text,NO,,,
kepler_ods,kdm_rutas,table,2,c1,text,text,NO,,,
kepler_ods,kdm_rutas,table,3,c2,text,text,YES,,,
kepler_ods,kdm_rutas2,table,1,sucursal,text,text,NO,,,
kepler_ods,kdm_rutas2,table,2,c1,text,text,NO,,,
kepler_ods,kdm_rutas2,table,3,c2,text,text,NO,,,
kepler_ods,kdm_rutas2,table,4,c3,text,text,NO,,,
kepler_ods,kdm_rutas2,table,5,c4,numeric,numeric,YES,,,
kepler_ods,kdm_transporte,table,1,sucursal,text,text,NO,,,
kepler_ods,kdm_transporte,table,2,c1,text,text,NO,,,
kepler_ods,kdm_transporte,table,3,c2,text,text,YES,,,
kepler_ods,kdm_transporte,table,4,c3,text,text,YES,,,
kepler_ods,kdm_transporte,table,5,c4,text,text,YES,,,
kepler_ods,kdm_unico,table,1,sucursal,text,text,NO,,,
kepler_ods,kdm_unico,table,2,c1,text,text,NO,,,
kepler_ods,kdm_unico,table,3,c2,text,text,YES,,,
kepler_ods,kdm_unico,table,4,c3,text,text,YES,,,
kepler_ods,kdm_unico,table,5,c4,text,text,YES,,,
kepler_ods,kdm_unico,table,6,c5,text,text,YES,,,
kepler_ods,kdm_unico,table,7,c6,text,text,YES,,,
kepler_ods,kdm_unico,table,8,c7,text,text,YES,,,
kepler_ods,kdm_unico,table,9,c8,text,text,YES,,,
kepler_ods,kdm_unico,table,10,c9,text,text,YES,,,
kepler_ods,kdm_unico,table,11,c10,text,text,YES,,,
kepler_ods,kdm_unico,table,12,c11,numeric,numeric,YES,,,
kepler_ods,kdm_unico,table,13,c12,numeric,numeric,YES,,,
kepler_ods,kdm_unico,table,14,c13,numeric,numeric,YES,,,
kepler_ods,kdm_unico,table,15,c14,numeric,numeric,YES,,,
kepler_ods,kdm_unico,table,16,c15,numeric,numeric,YES,,,
kepler_ods,kdm_unico,table,17,c16,numeric,numeric,YES,,,
kepler_ods,kdm_unico,table,18,c17,numeric,numeric,YES,,,
kepler_ods,kdm_unico,table,19,c18,numeric,numeric,YES,,,
kepler_ods,kdm_unico,table,20,c19,numeric,numeric,YES,,,
kepler_ods,kdm_unico,table,21,c20,numeric,numeric,YES,,,
kepler_ods,kdm_unico,table,22,c21,timestamp without time zone,timestamp,YES,,,
kepler_ods,kdm_unico,table,23,c22,timestamp without time zone,timestamp,YES,,,
kepler_ods,kdm_unico,table,24,c23,timestamp without time zone,timestamp,YES,,,
kepler_ods,kdmensajes,table,1,sucursal,text,text,NO,,,
kepler_ods,kdmensajes,table,2,c1,text,text,NO,,,
kepler_ods,kdmensajes,table,3,c2,text,text,YES,,,
kepler_ods,kdmensajes,table,4,c3,timestamp without time zone,timestamp,YES,,,
kepler_ods,kdmensajes,table,5,c4,text,text,YES,,,
kepler_ods,kdmensajes,table,6,c5,text,text,YES,,,
kepler_ods,kdmensajes,table,7,c6,timestamp without time zone,timestamp,YES,,,
kepler_ods,kdmensajes,table,8,c7,text,text,YES,,,
kepler_ods,kdmensajes,table,9,c8,timestamp without time zone,timestamp,YES,,,
kepler_ods,kdmensajes,table,10,c9,text,text,YES,,,
kepler_ods,kdmensajes,table,11,c10,text,text,YES,,,
kepler_ods,kdmensajes,table,12,c11,text,text,YES,,,
kepler_ods,kdmensajes,table,13,c12,text,text,YES,,,
kepler_ods,kdmm,table,1,sucursal,text,text,NO,,,
kepler_ods,kdmm,table,2,c1,text,text,NO,,,
kepler_ods,kdmm,table,3,c2,text,text,NO,,,
kepler_ods,kdmm,table,4,c3,numeric,numeric,NO,,,
kepler_ods,kdmm,table,5,c4,numeric,numeric,NO,,,
kepler_ods,kdmm,table,6,c5,text,text,YES,,,
kepler_ods,kdmm,table,7,c6,text,text,YES,,,
kepler_ods,kdmm,table,8,c7,text,text,YES,,,
kepler_ods,kdmm,table,9,c8,text,text,YES,,,
kepler_ods,kdmm,table,10,c9,text,text,YES,,,
kepler_ods,kdmm,table,11,c10,text,text,YES,,,
kepler_ods,kdmm,table,12,c11,text,text,YES,,,
kepler_ods,kdmm,table,13,c12,text,text,YES,,,
kepler_ods,kdmm,table,14,c13,text,text,YES,,,
kepler_ods,kdmm,table,15,c14,text,text,YES,,,
kepler_ods,kdmm,table,16,c15,text,text,YES,,,
kepler_ods,kdmm,table,17,c16,text,text,YES,,,
kepler_ods,kdmm,table,18,c17,text,text,YES,,,
kepler_ods,kdmm,table,19,c18,text,text,YES,,,
kepler_ods,kdmm,table,20,c19,text,text,YES,,,
kepler_ods,kdmm,table,21,c20,text,text,YES,,,
kepler_ods,kdmm,table,22,c21,text,text,YES,,,
kepler_ods,kdmm,table,23,c22,text,text,YES,,,
kepler_ods,kdmm,table,24,c23,text,text,YES,,,
kepler_ods,kdmm,table,25,c24,text,text,YES,,,
kepler_ods,kdmm,table,26,c25,numeric,numeric,YES,,,
kepler_ods,kdmm,table,27,c26,numeric,numeric,YES,,,
kepler_ods,kdmm,table,28,c27,text,text,YES,,,
kepler_ods,kdmm,table,29,c28,text,text,YES,,,
kepler_ods,kdmm,table,30,c29,text,text,YES,,,
kepler_ods,kdmm,table,31,c30,text,text,YES,,,
kepler_ods,kdmm,table,32,c31,text,text,YES,,,
kepler_ods,kdmm,table,33,c32,numeric,numeric,YES,,,
kepler_ods,kdmm,table,34,c33,text,text,YES,,,
kepler_ods,kdmm,table,35,c34,text,text,YES,,,
kepler_ods,kdmm,table,36,c35,text,text,YES,,,
kepler_ods,kdmm,table,37,c36,text,text,YES,,,
kepler_ods,kdmm,table,38,c37,text,text,YES,,,
kepler_ods,kdmm,table,39,c38,text,text,YES,,,
kepler_ods,kdmm,table,40,c39,text,text,YES,,,
kepler_ods,kdmm,table,41,c40,text,text,YES,,,
kepler_ods,kdmm,table,42,c41,text,text,YES,,,
kepler_ods,kdmm,table,43,c42,text,text,YES,,,
kepler_ods,kdmm,table,44,c43,text,text,YES,,,
kepler_ods,kdmm,table,45,c44,text,text,YES,,,
kepler_ods,kdmm,table,46,c45,text,text,YES,,,
kepler_ods,kdmm,table,47,c46,text,text,YES,,,
kepler_ods,kdmm,table,48,c47,text,text,YES,,,
kepler_ods,kdmm,table,49,c48,text,text,YES,,,
kepler_ods,kdmm,table,50,c49,text,text,YES,,,
kepler_ods,kdmm,table,51,c50,text,text,YES,,,
kepler_ods,kdmm,table,52,c51,text,text,YES,,,
kepler_ods,kdmm,table,53,c52,text,text,YES,,,
kepler_ods,kdmm,table,54,c53,text,text,YES,,,
kepler_ods,kdmm,table,55,c54,text,text,YES,,,
kepler_ods,kdmm,table,56,c55,text,text,YES,,,
kepler_ods,kdmm,table,57,c56,timestamp without time zone,timestamp,YES,,,
kepler_ods,kdmm,table,58,c57,timestamp without time zone,timestamp,YES,,,
kepler_ods,kdmm,table,59,c58,text,text,YES,,,
kepler_ods,kdmm,table,60,c59,text,text,YES,,,
kepler_ods,kdmm,table,61,c60,text,text,YES,,,
kepler_ods,kdmm,table,62,c61,text,text,YES,,,
kepler_ods,kdms,table,1,sucursal,text,text,NO,,,
kepler_ods,kdms,table,2,c1,text,text,NO,,,
kepler_ods,kdms,table,3,c2,text,text,YES,,,
kepler_ods,kdms,table,4,c3,text,text,YES,,,
kepler_ods,kdms,table,5,c4,text,text,YES,,,
kepler_ods,kdms,table,6,c5,text,text,YES,,,
kepler_ods,kdms,table,7,c6,text,text,YES,,,
kepler_ods,kdms,table,8,c7,text,text,YES,,,
kepler_ods,kdms,table,9,c8,text,text,YES,,,
kepler_ods,kdms,table,10,c9,text,text,YES,,,
kepler_ods,kdms,table,11,c10,text,text,YES,,,
kepler_ods,kdms,table,12,c11,text,text,YES,,,
kepler_ods,kdms,table,13,c12,text,text,YES,,,
kepler_ods,kdmt,table,1,sucursal,text,text,NO,,,
kepler_ods,kdmt,table,2,c1,text,text,NO,,,
kepler_ods,kdmt,table,3,c2,text,text,NO,,,
kepler_ods,kdmt,table,4,c3,text,text,NO,,,
kepler_ods,kdmt,table,5,c4,numeric,numeric,NO,,,
kepler_ods,kdmt,table,6,c5,numeric,numeric,NO,,,
kepler_ods,kdmt,table,7,c6,text,text,NO,,,
kepler_ods,kdmt,table,8,c7,numeric,numeric,NO,,,
kepler_ods,kdmt,table,9,c8,text,text,YES,,,
kepler_ods,kdmt,table,10,c9,double precision,float8,YES,,,
kepler_ods,kdmt,table,11,c10,text,text,YES,,,
kepler_ods,kdmt,table,12,c11,text,text,YES,,,
kepler_ods,kdmt,table,13,c12,text,text,YES,,,
kepler_ods,kdmt,table,14,c13,numeric,numeric,YES,,,
kepler_ods,kdmt,table,15,c14,text,text,YES,,,
kepler_ods,kdmt,table,16,c15,text,text,YES,,,
kepler_ods,kdmt,table,17,c16,numeric,numeric,YES,,,
kepler_ods,kdmt,table,18,c17,text,text,YES,,,
kepler_ods,kdmt,table,19,c18,double precision,float8,YES,,,
kepler_ods,kdmt,table,20,c19,text,text,YES,,,
kepler_ods,kdmt,table,21,c20,timestamp without time zone,timestamp,YES,,,
kepler_ods,kdmx_25,table,1,sucursal,text,text,NO,,,
kepler_ods,kdmx_25,table,2,c1,text,text,NO,,,
kepler_ods,kdmx_25,table,3,c2,text,text,NO,,,
kepler_ods,kdmx_25,table,4,c3,text,text,NO,,,
kepler_ods,kdmx_25,table,5,c4,numeric,numeric,NO,,,
kepler_ods,kdmx_25,table,6,c5,numeric,numeric,NO,,,
kepler_ods,kdmx_25,table,7,c6,text,text,NO,,,
kepler_ods,kdmx_25,table,8,c7,numeric,numeric,NO,,,
kepler_ods,kdmx_25,table,9,c8,text,text,YES,,,
kepler_ods,kdmx_25,table,10,c9,timestamp without time zone,timestamp,YES,,,
kepler_ods,kdmx_26,table,1,sucursal,text,text,NO,,,
kepler_ods,kdmx_26,table,2,c1,text,text,NO,,,
kepler_ods,kdmx_26,table,3,c2,text,text,NO,,,
kepler_ods,kdmx_26,table,4,c3,text,text,NO,,,
kepler_ods,kdmx_26,table,5,c4,numeric,numeric,NO,,,
kepler_ods,kdmx_26,table,6,c5,numeric,numeric,NO,,,
kepler_ods,kdmx_26,table,7,c6,text,text,NO,,,
kepler_ods,kdmx_26,table,8,c7,numeric,numeric,NO,,,
kepler_ods,kdmx_26,table,9,c8,text,text,YES,,,
kepler_ods,kdmx_26,table,10,c9,timestamp without time zone,timestamp,YES,,,
kepler_ods,kdmy,table,1,sucursal,text,text,NO,,,
kepler_ods,kdmy,table,2,c1,text,text,NO,,,
kepler_ods,kdmy,table,3,c2,text,text,YES,,,
kepler_ods,kdmy,table,4,c3,text,text,YES,,,
kepler_ods,kdmy,table,5,c4,text,text,YES,,,
kepler_ods,kdmy,table,6,c5,text,text,YES,,,
kepler_ods,kdmy,table,7,c6,text,text,YES,,,
kepler_ods,kdmy,table,8,c7,text,text,YES,,,
kepler_ods,kdmy,table,9,c8,text,text,YES,,,
kepler_ods,kdmz,table,1,sucursal,text,text,NO,,,
kepler_ods,kdmz,table,2,c1,text,text,NO,,,
kepler_ods,kdmz,table,3,c2,timestamp without time zone,timestamp,NO,,,
kepler_ods,kdmz,table,4,c3,text,text,YES,,,
kepler_ods,kdmz,table,5,c4,double precision,float8,YES,,,
kepler_ods,kdpa,table,1,sucursal,text,text,NO,,,
kepler_ods,kdpa,table,2,c1,text,text,NO,,,
kepler_ods,kdpa,table,3,c2,timestamp without time zone,timestamp,NO,,,
kepler_ods,kdpa,table,4,c3,timestamp without time zone,timestamp,YES,,,
kepler_ods,kdpa,table,5,c4,numeric,numeric,NO,,,
kepler_ods,kdpa,table,6,c5,text,text,YES,,,
kepler_ods,kdpa,table,7,c6,text,text,YES,,,
kepler_ods,kdpa,table,8,c7,text,text,YES,,,
kepler_ods,kdpa,table,9,c8,text,text,YES,,,
kepler_ods,kdpa,table,10,c9,text,text,YES,,,
kepler_ods,kdpa,table,11,c10,text,text,YES,,,
kepler_ods,kdpa,table,12,c11,double precision,float8,YES,,,
kepler_ods,kdpa,table,13,c12,text,text,YES,,,
kepler_ods,kdpa,table,14,c13,text,text,YES,,,
kepler_ods,kdpa,table,15,c14,double precision,float8,YES,,,
kepler_ods,kdpa,table,16,c15,text,text,YES,,,
kepler_ods,kdpa,table,17,c16,text,text,YES,,,
kepler_ods,kdpa,table,18,c17,double precision,float8,YES,,,
kepler_ods,kdpa,table,19,c18,text,text,YES,,,
kepler_ods,kdpa,table,20,c19,text,text,YES,,,
kepler_ods,kdpa,table,21,c20,double precision,float8,YES,,,
kepler_ods,kdpa,table,22,c21,text,text,YES,,,
kepler_ods,kdpa,table,23,c22,text,text,YES,,,
kepler_ods,kdpa,table,24,c23,double precision,float8,YES,,,
kepler_ods,kdpa,table,25,c24,text,text,YES,,,
kepler_ods,kdpa,table,26,c25,text,text,YES,,,
kepler_ods,kdpa,table,27,c26,double precision,float8,YES,,,
kepler_ods,kdpa,table,28,c27,text,text,YES,,,
kepler_ods,kdpa,table,29,c28,text,text,YES,,,
kepler_ods,kdpa,table,30,c29,double precision,float8,YES,,,
kepler_ods,kdpa,table,31,c30,text,text,YES,,,
kepler_ods,kdpa,table,32,c31,text,text,YES,,,
kepler_ods,kdpa,table,33,c32,double precision,float8,YES,,,
kepler_ods,kdpa,table,34,c33,text,text,YES,,,
kepler_ods,kdpa,table,35,c34,text,text,YES,,,
kepler_ods,kdpa,table,36,c35,double precision,float8,YES,,,
kepler_ods,kdpa,table,37,c36,text,text,YES,,,
kepler_ods,kdpa,table,38,c37,text,text,YES,,,
kepler_ods,kdpa,table,39,c38,double precision,float8,YES,,,
kepler_ods,kdpa,table,40,c39,text,text,YES,,,
kepler_ods,kdpa,table,41,c40,text,text,YES,,,
kepler_ods,kdpa,table,42,c41,double precision,float8,YES,,,
kepler_ods,kdpa,table,43,c42,text,text,YES,,,
kepler_ods,kdpa,table,44,c43,text,text,YES,,,
kepler_ods,kdpord,table,1,sucursal,text,text,NO,,,
kepler_ods,kdpord,table,2,c1,text,text,NO,,,
kepler_ods,kdpord,table,3,c2,text,text,YES,,,
kepler_ods,kdpord,table,4,c3,text,text,YES,,,
kepler_ods,kdpord,table,5,c4,text,text,YES,,,
kepler_ods,kdpord,table,6,c5,text,text,YES,,,
kepler_ods,kdpord,table,7,c6,timestamp without time zone,timestamp,YES,,,
kepler_ods,kdpord,table,8,c7,text,text,YES,,,
kepler_ods,kdpord,table,9,c8,numeric,numeric,YES,,,
kepler_ods,kdpord,table,10,c9,double precision,float8,YES,,,
kepler_ods,kdpord,table,11,c10,text,text,YES,,,
kepler_ods,kdpord,table,12,c11,numeric,numeric,YES,,,
kepler_ods,kdpord,table,13,c12,text,text,YES,,,
kepler_ods,kdpord,table,14,c13,double precision,float8,YES,,,
kepler_ods,kdpord,table,15,c14,timestamp without time zone,timestamp,YES,,,
kepler_ods,kdpord,table,16,c15,text,text,YES,,,
kepler_ods,kdpord,table,17,c16,timestamp without time zone,timestamp,YES,,,
kepler_ods,kdpord,table,18,c17,text,text,YES,,,
kepler_ods,kdpord,table,19,c18,text,text,YES,,,
kepler_ods,kdpord,table,20,c19,text,text,YES,,,
kepler_ods,kdpord,table,21,c20,text,text,YES,,,
kepler_ods,kdpord,table,22,c21,text,text,YES,,,
kepler_ods,kdpord,table,23,c22,numeric,numeric,YES,,,
kepler_ods,kdpord,table,24,c23,numeric,numeric,YES,,,
kepler_ods,kdpord,table,25,c24,text,text,YES,,,
kepler_ods,kdpord,table,26,c25,numeric,numeric,YES,,,
kepler_ods,kdpord,table,27,c26,numeric,numeric,YES,,,
kepler_ods,kdpord,table,28,c27,text,text,YES,,,
kepler_ods,kdpord,table,29,c28,text,text,YES,,,
kepler_ods,kdpord,table,30,c29,text,text,YES,,,
kepler_ods,kdpord,table,31,c30,text,text,YES,,,
kepler_ods,kdpord,table,32,c31,text,text,YES,,,
kepler_ods,kdpord,table,33,c32,text,text,YES,,,
kepler_ods,kdpord,table,34,c33,numeric,numeric,YES,,,
kepler_ods,kdpord,table,35,c34,text,text,YES,,,
kepler_ods,kdpord,table,36,c35,text,text,YES,,,
kepler_ods,kdpq,table,1,sucursal,text,text,NO,,,
kepler_ods,kdpq,table,2,c1,text,text,NO,,,
kepler_ods,kdpq,table,3,c2,text,text,YES,,,
kepler_ods,kdpq,table,4,c3,numeric,numeric,YES,,,
kepler_ods,kdpq,table,5,c4,text,text,YES,,,
kepler_ods,kdpq,table,6,c5,text,text,YES,,,
kepler_ods,kdpq,table,7,c6,text,text,YES,,,
kepler_ods,kdpq,table,8,c7,double precision,float8,YES,,,
kepler_ods,kdpv_bitacora_precios,table,1,sucursal,text,text,NO,,,
kepler_ods,kdpv_bitacora_precios,table,2,c1,timestamp without time zone,timestamp,NO,,,
kepler_ods,kdpv_bitacora_precios,table,3,c2,text,text,NO,,,
kepler_ods,kdpv_bitacora_precios,table,4,c3,text,text,NO,,,
kepler_ods,kdpv_bitacora_precios,table,5,c4,text,text,NO,,,
kepler_ods,kdpv_bitacora_precios,table,6,c5,text,text,YES,,,
kepler_ods,kdpv_bitacora_precios,table,7,c6,numeric,numeric,YES,,,
kepler_ods,kdpv_bitacora_precios,table,8,c7,numeric,numeric,YES,,,
kepler_ods,kdpv_bitacora_precios,table,9,c8,numeric,numeric,YES,,,
kepler_ods,kdpv_bitacora_precios,table,10,c9,text,text,YES,,,
kepler_ods,kdpv_descuxm,table,1,sucursal,text,text,NO,,,
kepler_ods,kdpv_descuxm,table,2,c1,text,text,NO,,,
kepler_ods,kdpv_descuxm,table,3,c2,text,text,NO,,,
kepler_ods,kdpv_descuxm,table,4,c3,text,text,NO,,,
kepler_ods,kdpv_descuxm,table,5,c4,text,text,YES,,,
kepler_ods,kdpv_descuxm,table,6,c5,numeric,numeric,YES,,,
kepler_ods,kdpv_descuxm,table,7,c6,numeric,numeric,YES,,,
kepler_ods,kdpv_descuxm,table,8,c7,timestamp without time zone,timestamp,YES,,,
kepler_ods,kdpv_descuxm,table,9,c8,timestamp without time zone,timestamp,YES,,,
kepler_ods,kdpv_descuxm,table,10,c9,numeric,numeric,YES,,,
kepler_ods,kdpv_descuxm,table,11,c10,numeric,numeric,YES,,,
kepler_ods,kdpv_descuxm,table,12,c11,text,text,YES,,,
kepler_ods,kdpv_descuxm,table,13,c12,text,text,YES,,,
kepler_ods,kdpv_descuxq,table,1,sucursal,text,text,NO,,,
kepler_ods,kdpv_descuxq,table,2,c1,text,text,NO,,,
kepler_ods,kdpv_descuxq,table,3,c2,text,text,NO,,,
kepler_ods,kdpv_descuxq,table,4,c3,text,text,NO,,,
kepler_ods,kdpv_descuxq,table,5,c4,text,text,YES,,,
kepler_ods,kdpv_descuxq,table,6,c5,numeric,numeric,YES,,,
kepler_ods,kdpv_descuxq,table,7,c6,numeric,numeric,YES,,,
kepler_ods,kdpv_descuxq,table,8,c7,timestamp without time zone,timestamp,YES,,,
kepler_ods,kdpv_descuxq,table,9,c8,timestamp without time zone,timestamp,YES,,,
kepler_ods,kdpv_descuxq,table,10,c9,numeric,numeric,YES,,,
kepler_ods,kdpv_descuxq,table,11,c10,numeric,numeric,YES,,,
kepler_ods,kdpv_descuxq,table,12,c11,text,text,YES,,,
kepler_ods,kdpv_descuxq,table,13,c12,text,text,YES,,,
kepler_ods,kdpv_folio_caja,table,1,sucursal,text,text,NO,,,
kepler_ods,kdpv_folio_caja,table,2,c1,text,text,NO,,,
kepler_ods,kdpv_folio_caja,table,3,c2,text,text,NO,,,
kepler_ods,kdpv_folio_caja,table,4,c3,numeric,numeric,NO,,,
kepler_ods,kdpv_folio_caja,table,5,c4,numeric,numeric,YES,,,
kepler_ods,kdpv_folio_caja,table,6,c5,timestamp without time zone,timestamp,YES,,,
kepler_ods,kdpv_folio_caja,table,7,c6,text,text,YES,,,
kepler_ods,kdpv_folio_caja,table,8,c7,text,text,YES,,,
kepler_ods,kdpv_folio_caja,table,9,c8,text,text,YES,,,
kepler_ods,kdpv_folio_caja,table,10,c9,numeric,numeric,YES,,,
kepler_ods,kdpv_folio_caja,table,11,c10,timestamp without time zone,timestamp,YES,,,
kepler_ods,kdpv_folio_caja,table,12,c11,text,text,YES,,,
kepler_ods,kdpv_folio_caja,table,13,c12,text,text,YES,,,
kepler_ods,kdpv_folio_caja,table,14,c13,text,text,YES,,,
kepler_ods,kdpv_folio_caja,table,15,c14,text,text,YES,,,
kepler_ods,kdpv_folio_caja,table,16,c15,numeric,numeric,YES,,,
kepler_ods,kdpv_folio_caja,table,17,c16,numeric,numeric,YES,,,
kepler_ods,kdpv_folio_caja,table,18,c17,numeric,numeric,YES,,,
kepler_ods,kdpv_folio_caja,table,19,c18,numeric,numeric,YES,,,
kepler_ods,kdpv_folio_caja,table,20,c19,numeric,numeric,YES,,,
kepler_ods,kdpv_folio_caja,table,21,c20,numeric,numeric,YES,,,
kepler_ods,kdpv_folio_caja,table,22,c21,text,text,YES,,,
kepler_ods,kdpv_folio_caja,table,23,c22,text,text,YES,,,
kepler_ods,kdpv_folio_caja,table,24,c23,text,text,YES,,,
kepler_ods,kdpv_folio_caja,table,25,c24,text,text,YES,,,
kepler_ods,kdpv_folio_caja,table,26,c25,numeric,numeric,YES,,,
kepler_ods,kdpv_folio_caja,table,27,c26,numeric,numeric,YES,,,
kepler_ods,kdpv_folio_caja,table,28,c27,numeric,numeric,YES,,,
kepler_ods,kdpv_folio_caja,table,29,c28,numeric,numeric,YES,,,
kepler_ods,kdpv_folio_caja,table,30,c29,numeric,numeric,YES,,,
kepler_ods,kdpv_folio_caja,table,31,c30,numeric,numeric,YES,,,
kepler_ods,kdpv_folio_caja,table,32,c31,text,text,YES,,,
kepler_ods,kdpv_folio_caja,table,33,c32,text,text,YES,,,
kepler_ods,kdpv_folio_caja,table,34,c33,text,text,YES,,,
kepler_ods,kdpv_folio_caja,table,35,c34,text,text,YES,,,
kepler_ods,kdpv_folio_caja,table,36,c35,numeric,numeric,YES,,,
kepler_ods,kdpv_folio_caja,table,37,c36,numeric,numeric,YES,,,
kepler_ods,kdpv_folio_caja,table,38,c37,numeric,numeric,YES,,,
kepler_ods,kdpv_folio_caja,table,39,c38,numeric,numeric,YES,,,
kepler_ods,kdpv_folio_caja,table,40,c39,numeric,numeric,YES,,,
kepler_ods,kdpv_folio_caja,table,41,c40,numeric,numeric,YES,,,
kepler_ods,kdpv_folio_caja,table,42,c41,text,text,YES,,,
kepler_ods,kdpv_folio_caja,table,43,c42,text,text,YES,,,
kepler_ods,kdpv_folio_caja,table,44,c43,numeric,numeric,YES,,,
kepler_ods,kdpv_folio_caja,table,45,c44,numeric,numeric,YES,,,
kepler_ods,kdpv_folio_caja,table,46,c45,numeric,numeric,YES,,,
kepler_ods,kdpv_folio_caja,table,47,c46,numeric,numeric,YES,,,
kepler_ods,kdpv_folio_caja,table,48,c47,numeric,numeric,YES,,,
kepler_ods,kdpv_folio_caja,table,49,c48,numeric,numeric,YES,,,
kepler_ods,kdpv_folio_caja,table,50,c49,numeric,numeric,YES,,,
kepler_ods,kdpv_gerentes,table,1,sucursal,text,text,NO,,,
kepler_ods,kdpv_gerentes,table,2,c1,text,text,NO,,,
kepler_ods,kdpv_gerentes,table,3,c2,text,text,NO,,,
kepler_ods,kdpv_gerentes,table,4,c3,text,text,YES,,,
kepler_ods,kdpv_gratisxm,table,1,sucursal,text,text,NO,,,
kepler_ods,kdpv_gratisxm,table,2,c1,text,text,NO,,,
kepler_ods,kdpv_gratisxm,table,3,c2,text,text,NO,,,
kepler_ods,kdpv_gratisxm,table,4,c3,text,text,NO,,,
kepler_ods,kdpv_gratisxm,table,5,c4,text,text,YES,,,
kepler_ods,kdpv_gratisxm,table,6,c5,numeric,numeric,YES,,,
kepler_ods,kdpv_gratisxm,table,7,c6,text,text,YES,,,
kepler_ods,kdpv_gratisxm,table,8,c7,timestamp without time zone,timestamp,YES,,,
kepler_ods,kdpv_gratisxm,table,9,c8,timestamp without time zone,timestamp,YES,,,
kepler_ods,kdpv_gratisxm,table,10,c9,numeric,numeric,YES,,,
kepler_ods,kdpv_gratisxm,table,11,c10,numeric,numeric,YES,,,
kepler_ods,kdpv_gratisxm,table,12,c11,numeric,numeric,YES,,,
kepler_ods,kdpv_gratisxm,table,13,c12,text,text,YES,,,
kepler_ods,kdpv_gratisxm,table,14,c13,text,text,YES,,,
kepler_ods,kdpv_gratisxm,table,15,c14,text,text,YES,,,
kepler_ods,kdpv_gratisxm,table,16,c15,text,text,YES,,,
kepler_ods,kdpv_gratisxq,table,1,sucursal,text,text,NO,,,
kepler_ods,kdpv_gratisxq,table,2,c1,text,text,NO,,,
kepler_ods,kdpv_gratisxq,table,3,c2,text,text,NO,,,
kepler_ods,kdpv_gratisxq,table,4,c3,text,text,NO,,,
kepler_ods,kdpv_gratisxq,table,5,c4,text,text,YES,,,
kepler_ods,kdpv_gratisxq,table,6,c5,numeric,numeric,YES,,,
kepler_ods,kdpv_gratisxq,table,7,c6,text,text,YES,,,
kepler_ods,kdpv_gratisxq,table,8,c7,timestamp without time zone,timestamp,YES,,,
kepler_ods,kdpv_gratisxq,table,9,c8,timestamp without time zone,timestamp,YES,,,
kepler_ods,kdpv_gratisxq,table,10,c9,numeric,numeric,YES,,,
kepler_ods,kdpv_gratisxq,table,11,c10,numeric,numeric,YES,,,
kepler_ods,kdpv_gratisxq,table,12,c11,numeric,numeric,YES,,,
kepler_ods,kdpv_gratisxq,table,13,c12,text,text,YES,,,
kepler_ods,kdpv_gratisxq,table,14,c13,text,text,YES,,,
kepler_ods,kdpv_gratisxq,table,15,c14,text,text,YES,,,
kepler_ods,kdpv_gratisxq,table,16,c15,text,text,YES,,,
kepler_ods,kdpv_kdku,table,1,sucursal,text,text,NO,,,
kepler_ods,kdpv_kdku,table,2,c1,text,text,NO,,,
kepler_ods,kdpv_kdku,table,3,c2,text,text,YES,,,
kepler_ods,kdpv_kdku,table,4,c3,text,text,YES,,,
kepler_ods,kdpv_kdku,table,5,c4,text,text,YES,,,
kepler_ods,kdpv_kdku,table,6,c5,text,text,YES,,,
kepler_ods,kdpv_prod_util,table,1,sucursal,text,text,NO,,,
kepler_ods,kdpv_prod_util,table,2,c1,text,text,NO,,,
kepler_ods,kdpv_prod_util,table,3,c2,text,text,NO,,,
kepler_ods,kdpv_prod_util,table,4,c3,numeric,numeric,NO,,,
kepler_ods,kdpv_prod_util,table,5,c4,numeric,numeric,YES,,,
kepler_ods,kdpv_prod_util,table,6,c5,numeric,numeric,YES,,,
kepler_ods,kdpv_prod_util,table,7,c6,numeric,numeric,YES,,,
kepler_ods,kdpv_prod_util,table,8,c7,numeric,numeric,YES,,,
kepler_ods,kdpv_prov_prod,table,1,sucursal,text,text,NO,,,
kepler_ods,kdpv_prov_prod,table,2,c1,text,text,NO,,,
kepler_ods,kdpv_prov_prod,table,3,c2,text,text,NO,,,
kepler_ods,kdpv_prov_prod,table,4,c3,text,text,YES,,,
kepler_ods,kdpv_prov_prod,table,5,c4,numeric,numeric,YES,,,
kepler_ods,kdpv_prov_prod,table,6,c5,numeric,numeric,YES,,,
kepler_ods,kdpv_prov_prod,table,7,c6,numeric,numeric,YES,,,
kepler_ods,kdpv_prov_prod,table,8,c7,numeric,numeric,YES,,,
kepler_ods,kdpv_prov_prod,table,9,c8,numeric,numeric,YES,,,
kepler_ods,kdpv_prov_prod,table,10,c9,numeric,numeric,YES,,,
kepler_ods,kdpv_prov_prod,table,11,c10,numeric,numeric,YES,,,
kepler_ods,kdrhcon,table,1,sucursal,text,text,NO,,,
kepler_ods,kdrhcon,table,2,c1,text,text,NO,,,
kepler_ods,kdrhcon,table,3,c2,text,text,YES,,,
kepler_ods,kdrhcon,table,4,c3,text,text,YES,,,
kepler_ods,kdrhcon,table,5,c4,text,text,YES,,,
kepler_ods,kdrhcon,table,6,c5,text,text,YES,,,
kepler_ods,kdrhcon,table,7,c6,numeric,numeric,YES,,,
kepler_ods,kdrhcon,table,8,c7,text,text,YES,,,
kepler_ods,kdrhcon,table,9,c8,text,text,YES,,,
kepler_ods,kdrhcon,table,10,c9,text,text,YES,,,
kepler_ods,kdrhcon,table,11,c10,text,text,YES,,,
kepler_ods,kdrhcon,table,12,c11,text,text,YES,,,
kepler_ods,kdrhcon,table,13,c12,numeric,numeric,YES,,,
kepler_ods,kdrhcon,table,14,c13,numeric,numeric,YES,,,
kepler_ods,kdrhdep,table,1,sucursal,text,text,NO,,,
kepler_ods,kdrhdep,table,2,c1,text,text,NO,,,
kepler_ods,kdrhdep,table,3,c2,text,text,NO,,,
kepler_ods,kdrhdep,table,4,c3,text,text,YES,,,
kepler_ods,kdrhdep,table,5,c4,text,text,YES,,,
kepler_ods,kdrhdep,table,6,c5,text,text,YES,,,
kepler_ods,kdrhdep,table,7,c6,text,text,YES,,,
kepler_ods,kdrhdep,table,8,c7,text,text,YES,,,
kepler_ods,kdrhdep,table,9,c8,text,text,YES,,,
kepler_ods,kdrhdep,table,10,c9,text,text,YES,,,
kepler_ods,kdrhdep,table,11,c10,text,text,YES,,,
kepler_ods,kdrhdep,table,12,c11,text,text,YES,,,
kepler_ods,kdrhdesp,table,1,sucursal,text,text,NO,,,
kepler_ods,kdrhdesp,table,2,c1,text,text,NO,,,
kepler_ods,kdrhdesp,table,3,c2,text,text,NO,,,
kepler_ods,kdrhdesp,table,4,c3,text,text,NO,,,
kepler_ods,kdrhdesp,table,5,c4,timestamp without time zone,timestamp,NO,,,
kepler_ods,kdrhdesp,table,6,c5,text,text,YES,,,
kepler_ods,kdrhdesp,table,7,c6,numeric,numeric,YES,,,
kepler_ods,kdrhdesp,table,8,c7,numeric,numeric,YES,,,
kepler_ods,kdrhdesp,table,9,c8,text,text,YES,,,
kepler_ods,kdrhdesp,table,10,c9,text,text,YES,,,
kepler_ods,kdrhdesp,table,11,c10,text,text,YES,,,
kepler_ods,kdrhdesp,table,12,c11,text,text,YES,,,
kepler_ods,kdrhdesp,table,13,c12,text,text,YES,,,
kepler_ods,kdrhdesp,table,14,c13,text,text,YES,,,
kepler_ods,kdrhdesp,table,15,c14,text,text,YES,,,
kepler_ods,kdrhdesp,table,16,c15,text,text,YES,,,
kepler_ods,kdrhdesp,table,17,c16,text,text,YES,,,
kepler_ods,kdrhdesp,table,18,c17,text,text,YES,,,
kepler_ods,kdrhdesp,table,19,c18,text,text,YES,,,
kepler_ods,kdrhdesp,table,20,c19,text,text,YES,,,
kepler_ods,kdrhdesp,table,21,c20,text,text,YES,,,
kepler_ods,kdrhdesp,table,22,c21,text,text,YES,,,
kepler_ods,kdrhdesp,table,23,c22,text,text,YES,,,
kepler_ods,kdrhdesp,table,24,c23,text,text,YES,,,
kepler_ods,kdrhdesp,table,25,c24,text,text,YES,,,
kepler_ods,kdrhdesp,table,26,c25,text,text,YES,,,
kepler_ods,kdrhdxe,table,1,sucursal,text,text,NO,,,
kepler_ods,kdrhdxe,table,2,c1,text,text,NO,,,
kepler_ods,kdrhdxe,table,3,c2,text,text,NO,,,
kepler_ods,kdrhdxe,table,4,c3,text,text,YES,,,
kepler_ods,kdrhdxe,table,5,c4,text,text,YES,,,
kepler_ods,kdrhdxe,table,6,c5,text,text,NO,,,
kepler_ods,kdrhdxe,table,7,c6,numeric,numeric,NO,,,
kepler_ods,kdrhdxe,table,8,c7,timestamp without time zone,timestamp,NO,,,
kepler_ods,kdrhdxe,table,9,c8,text,text,YES,,,
kepler_ods,kdrhdxe,table,10,c9,double precision,float8,YES,,,
kepler_ods,kdrhdxe,table,11,c10,text,text,YES,,,
kepler_ods,kdrhdxe,table,12,c11,text,text,YES,,,
kepler_ods,kdrhdxe,table,13,c12,text,text,YES,,,
kepler_ods,kdrhdxe,table,14,c13,text,text,YES,,,
kepler_ods,kdrhdxe,table,15,c14,text,text,YES,,,
kepler_ods,kdrhdxe,table,16,c15,text,text,YES,,,
kepler_ods,kdrhdxe,table,17,c16,text,text,YES,,,
kepler_ods,kdrhdxe,table,18,c17,text,text,YES,,,
kepler_ods,kdrhdxe,table,19,c18,text,text,YES,,,
kepler_ods,kdrhdxe,table,20,c19,text,text,YES,,,
kepler_ods,kdrhdxe,table,21,c20,timestamp without time zone,timestamp,YES,,,
kepler_ods,kdrhdxe,table,22,c21,text,text,YES,,,
kepler_ods,kdrhdxn,table,1,sucursal,text,text,NO,,,
kepler_ods,kdrhdxn,table,2,c1,text,text,NO,,,
kepler_ods,kdrhdxn,table,3,c2,text,text,NO,,,
kepler_ods,kdrhdxn,table,4,c3,text,text,YES,,,
kepler_ods,kdrhdxn,table,5,c4,text,text,YES,,,
kepler_ods,kdrhdxn,table,6,c5,text,text,NO,,,
kepler_ods,kdrhdxn,table,7,c6,numeric,numeric,NO,,,
kepler_ods,kdrhdxn,table,8,c7,timestamp without time zone,timestamp,NO,,,
kepler_ods,kdrhdxn,table,9,c8,text,text,YES,,,
kepler_ods,kdrhdxn,table,10,c9,double precision,float8,YES,,,
kepler_ods,kdrhdxn,table,11,c10,text,text,YES,,,
kepler_ods,kdrhdxn,table,12,c11,text,text,YES,,,
kepler_ods,kdrhdxn,table,13,c12,text,text,YES,,,
kepler_ods,kdrhdxn,table,14,c13,text,text,YES,,,
kepler_ods,kdrhdxn,table,15,c14,text,text,YES,,,
kepler_ods,kdrhdxn,table,16,c15,text,text,YES,,,
kepler_ods,kdrhdxn,table,17,c16,text,text,YES,,,
kepler_ods,kdrhdxn,table,18,c17,text,text,YES,,,
kepler_ods,kdrhdxn,table,19,c18,text,text,YES,,,
kepler_ods,kdrhdxn,table,20,c19,text,text,YES,,,
kepler_ods,kdrhdxn,table,21,c20,timestamp without time zone,timestamp,YES,,,
kepler_ods,kdrhdxn,table,22,c21,text,text,YES,,,
kepler_ods,kdrhemfe,table,1,sucursal,text,text,NO,,,
kepler_ods,kdrhemfe,table,2,c1,text,text,NO,,,
kepler_ods,kdrhemfe,table,3,c2,text,text,YES,,,
kepler_ods,kdrhemfe,table,4,c3,text,text,YES,,,
kepler_ods,kdrhemfe,table,5,c4,text,text,YES,,,
kepler_ods,kdrhemfe,table,6,c5,text,text,YES,,,
kepler_ods,kdrhemfe,table,7,c6,timestamp without time zone,timestamp,YES,,,
kepler_ods,kdrhemfe,table,8,c7,text,text,YES,,,
kepler_ods,kdrhemfe,table,9,c8,text,text,YES,,,
kepler_ods,kdrhemfe,table,10,c9,text,text,YES,,,
kepler_ods,kdrhemp,table,1,sucursal,text,text,NO,,,
kepler_ods,kdrhemp,table,2,c1,text,text,NO,,,
kepler_ods,kdrhemp,table,3,c2,timestamp without time zone,timestamp,YES,,,
kepler_ods,kdrhemp,table,4,c3,text,text,YES,,,
kepler_ods,kdrhemp,table,5,c4,text,text,YES,,,
kepler_ods,kdrhemp,table,6,c5,text,text,YES,,,
kepler_ods,kdrhemp,table,7,c6,text,text,YES,,,
kepler_ods,kdrhemp,table,8,c7,timestamp without time zone,timestamp,YES,,,
kepler_ods,kdrhemp,table,9,c8,text,text,YES,,,
kepler_ods,kdrhemp,table,10,c9,text,text,YES,,,
kepler_ods,kdrhemp,table,11,c10,text,text,YES,,,
kepler_ods,kdrhemp,table,12,c11,text,text,YES,,,
kepler_ods,kdrhemp,table,13,c12,text,text,YES,,,
kepler_ods,kdrhemp,table,14,c13,text,text,YES,,,
kepler_ods,kdrhemp,table,15,c14,text,text,YES,,,
kepler_ods,kdrhemp,table,16,c15,text,text,YES,,,
kepler_ods,kdrhemp,table,17,c16,text,text,YES,,,
kepler_ods,kdrhemp,table,18,c17,text,text,YES,,,
kepler_ods,kdrhemp,table,19,c18,text,text,YES,,,
kepler_ods,kdrhemp,table,20,c19,text,text,YES,,,
kepler_ods,kdrhemp,table,21,c20,text,text,YES,,,
kepler_ods,kdrhemp,table,22,c21,text,text,YES,,,
kepler_ods,kdrhemp,table,23,c22,text,text,YES,,,
kepler_ods,kdrhemp,table,24,c23,text,text,YES,,,
kepler_ods,kdrhemp,table,25,c24,text,text,YES,,,
kepler_ods,kdrhemp,table,26,c25,text,text,YES,,,
kepler_ods,kdrhemp,table,27,c26,text,text,YES,,,
kepler_ods,kdrhemp,table,28,c27,text,text,YES,,,
kepler_ods,kdrhemp,table,29,c28,text,text,YES,,,
kepler_ods,kdrhemp,table,30,c29,text,text,YES,,,
kepler_ods,kdrhemp,table,31,c30,text,text,YES,,,
kepler_ods,kdrhemp,table,32,c31,text,text,YES,,,
kepler_ods,kdrhemp,table,33,c32,text,text,YES,,,
kepler_ods,kdrhemp,table,34,c33,text,text,YES,,,
kepler_ods,kdrhemp,table,35,c34,text,text,YES,,,
kepler_ods,kdrhemp,table,36,c35,text,text,YES,,,
kepler_ods,kdrhemp,table,37,c36,text,text,YES,,,
kepler_ods,kdrhemp,table,38,c37,timestamp without time zone,timestamp,YES,,,
kepler_ods,kdrhemp,table,39,c38,text,text,YES,,,
kepler_ods,kdrhemp,table,40,c39,timestamp without time zone,timestamp,YES,,,
kepler_ods,kdrhemp,table,41,c40,text,text,YES,,,
kepler_ods,kdrhemp,table,42,c41,text,text,YES,,,
kepler_ods,kdrhemp,table,43,c42,numeric,numeric,YES,,,
kepler_ods,kdrhemp,table,44,c43,numeric,numeric,YES,,,
kepler_ods,kdrhfeba,table,1,sucursal,text,text,NO,,,
kepler_ods,kdrhfeba,table,2,c1,text,text,NO,,,
kepler_ods,kdrhfeba,table,3,c2,text,text,YES,,,
kepler_ods,kdrhfeba,table,4,c3,text,text,YES,,,
kepler_ods,kdrhfpag,table,1,sucursal,text,text,NO,,,
kepler_ods,kdrhfpag,table,2,c1,text,text,NO,,,
kepler_ods,kdrhfpag,table,3,c2,text,text,YES,,,
kepler_ods,kdrhmcr,table,1,sucursal,text,text,NO,,,
kepler_ods,kdrhmcr,table,2,c1,text,text,NO,,,
kepler_ods,kdrhmcr,table,3,c2,text,text,YES,,,
kepler_ods,kdrhmxe,table,1,sucursal,text,text,NO,,,
kepler_ods,kdrhmxe,table,2,c1,text,text,NO,,,
kepler_ods,kdrhmxe,table,3,c2,text,text,NO,,,
kepler_ods,kdrhmxe,table,4,c3,text,text,NO,,,
kepler_ods,kdrhmxe,table,5,c4,numeric,numeric,NO,,,
kepler_ods,kdrhmxe,table,6,c5,numeric,numeric,NO,,,
kepler_ods,kdrhmxe,table,7,c6,text,text,NO,,,
kepler_ods,kdrhmxe,table,8,c7,text,text,YES,,,
kepler_ods,kdrhmxe,table,9,c8,text,text,YES,,,
kepler_ods,kdrhmxe,table,10,c9,timestamp without time zone,timestamp,YES,,,
kepler_ods,kdrhmxe,table,11,c10,text,text,YES,,,
kepler_ods,kdrhmxe,table,12,c11,text,text,YES,,,
kepler_ods,kdrhmxe,table,13,c12,text,text,YES,,,
kepler_ods,kdrhmxe,table,14,c13,text,text,YES,,,
kepler_ods,kdrhmxe,table,15,c14,text,text,YES,,,
kepler_ods,kdrhmxe,table,16,c15,text,text,YES,,,
kepler_ods,kdrhmxe,table,17,c16,numeric,numeric,YES,,,
kepler_ods,kdrhmxe,table,18,c17,text,text,YES,,,
kepler_ods,kdrhmxe,table,19,c18,text,text,YES,,,
kepler_ods,kdrhmxe,table,20,c19,text,text,YES,,,
kepler_ods,kdrhmxe,table,21,c20,text,text,YES,,,
kepler_ods,kdrhmxe,table,22,c21,text,text,YES,,,
kepler_ods,kdrhmxe,table,23,c22,numeric,numeric,YES,,,
kepler_ods,kdrhmxe,table,24,c23,text,text,YES,,,
kepler_ods,kdrhmxe,table,25,c24,text,text,YES,,,
kepler_ods,kdrhmxe,table,26,c25,text,text,YES,,,
kepler_ods,kdrhmxe,table,27,c26,text,text,YES,,,
kepler_ods,kdrhmxe,table,28,c27,text,text,YES,,,
kepler_ods,kdrhmxe,table,29,c28,text,text,YES,,,
kepler_ods,kdrhmxe,table,30,c29,text,text,YES,,,
kepler_ods,kdrhmxe,table,31,c30,text,text,YES,,,
kepler_ods,kdrhmxe,table,32,c31,text,text,YES,,,
kepler_ods,kdrhmxe,table,33,c32,text,text,YES,,,
kepler_ods,kdrhmxe,table,34,c33,text,text,YES,,,
kepler_ods,kdrhmxe,table,35,c34,text,text,YES,,,
kepler_ods,kdrhmxe,table,36,c35,text,text,YES,,,
kepler_ods,kdrhmxe,table,37,c36,text,text,YES,,,
kepler_ods,kdrhmxe,table,38,c37,text,text,YES,,,
kepler_ods,kdrhmxe,table,39,c38,text,text,YES,,,
kepler_ods,kdrhmxe,table,40,c39,text,text,YES,,,
kepler_ods,kdrhmxe,table,41,c40,text,text,YES,,,
kepler_ods,kdrhmxe,table,42,c41,text,text,YES,,,
kepler_ods,kdrhmxe,table,43,c42,numeric,numeric,YES,,,
kepler_ods,kdrhmxe,table,44,c43,text,text,YES,,,
kepler_ods,kdrhmxe,table,45,c44,text,text,YES,,,
kepler_ods,kdrhmxe,table,46,c45,text,text,YES,,,
kepler_ods,kdrhmxe,table,47,c46,text,text,YES,,,
kepler_ods,kdrhmxe,table,48,c47,text,text,YES,,,
kepler_ods,kdrhmxe,table,49,c48,text,text,YES,,,
kepler_ods,kdrhmxe,table,50,c49,text,text,YES,,,
kepler_ods,kdrhmxe,table,51,c50,text,text,YES,,,
kepler_ods,kdrhmxe,table,52,c51,text,text,YES,,,
kepler_ods,kdrhmxe,table,53,c52,text,text,YES,,,
kepler_ods,kdrhmxe,table,54,c53,text,text,YES,,,
kepler_ods,kdrhmxe,table,55,c54,text,text,YES,,,
kepler_ods,kdrhmxe,table,56,c55,text,text,YES,,,
kepler_ods,kdrhmxe,table,57,c56,text,text,YES,,,
kepler_ods,kdrhmxe,table,58,c57,text,text,YES,,,
kepler_ods,kdrhmxe,table,59,c58,text,text,YES,,,
kepler_ods,kdrhmxe,table,60,c59,text,text,YES,,,
kepler_ods,kdrhmxe,table,61,c60,text,text,YES,,,
kepler_ods,kdrhmxe,table,62,c61,text,text,YES,,,
kepler_ods,kdrhmxe,table,63,c62,text,text,YES,,,
kepler_ods,kdrhmxe,table,64,c63,text,text,YES,,,
kepler_ods,kdrhmxe,table,65,c64,text,text,YES,,,
kepler_ods,kdrhmxe,table,66,c65,text,text,YES,,,
kepler_ods,kdrhmxe,table,67,c66,text,text,YES,,,
kepler_ods,kdrhmxe,table,68,c67,text,text,YES,,,
kepler_ods,kdrhmxe,table,69,c68,timestamp without time zone,timestamp,YES,,,
kepler_ods,kdrhmxe,table,70,c69,text,text,YES,,,
kepler_ods,kdrhnom,table,1,sucursal,text,text,NO,,,
kepler_ods,kdrhnom,table,2,c1,text,text,NO,,,
kepler_ods,kdrhnom,table,3,c2,text,text,YES,,,
kepler_ods,kdrhnom,table,4,c3,text,text,YES,,,
kepler_ods,kdrhnom,table,5,c4,text,text,YES,,,
kepler_ods,kdrhnom,table,6,c5,numeric,numeric,YES,,,
kepler_ods,kdrhnom,table,7,c6,text,text,YES,,,
kepler_ods,kdrhnom,table,8,c7,text,text,YES,,,
kepler_ods,kdrhnom,table,9,c8,text,text,YES,,,
kepler_ods,kdrhnom,table,10,c9,text,text,YES,,,
kepler_ods,kdrhper,table,1,sucursal,text,text,NO,,,
kepler_ods,kdrhper,table,2,c1,text,text,NO,,,
kepler_ods,kdrhper,table,3,c2,text,text,NO,,,
kepler_ods,kdrhper,table,4,c3,numeric,numeric,NO,,,
kepler_ods,kdrhper,table,5,c4,text,text,YES,,,
kepler_ods,kdrhper,table,6,c5,text,text,YES,,,
kepler_ods,kdrhper,table,7,c6,timestamp without time zone,timestamp,YES,,,
kepler_ods,kdrhper,table,8,c7,timestamp without time zone,timestamp,YES,,,
kepler_ods,kdrhper,table,9,c8,numeric,numeric,YES,,,
kepler_ods,kdrhper,table,10,c9,text,text,YES,,,
kepler_ods,kdrhper,table,11,c10,text,text,YES,,,
kepler_ods,kdrhper,table,12,c11,text,text,YES,,,
kepler_ods,kdrhper,table,13,c12,numeric,numeric,YES,,,
kepler_ods,kdrhper,table,14,c13,numeric,numeric,YES,,,
kepler_ods,kdrhpue,table,1,sucursal,text,text,NO,,,
kepler_ods,kdrhpue,table,2,c1,text,text,NO,,,
kepler_ods,kdrhpue,table,3,c2,text,text,NO,,,
kepler_ods,kdrhpue,table,4,c3,text,text,NO,,,
kepler_ods,kdrhpue,table,5,c4,text,text,YES,,,
kepler_ods,kdrhpue,table,6,c5,text,text,YES,,,
kepler_ods,kdrhpue,table,7,c6,numeric,numeric,YES,,,
kepler_ods,kdrhpue,table,8,c7,numeric,numeric,YES,,,
kepler_ods,kdrhtpcn,table,1,sucursal,text,text,NO,,,
kepler_ods,kdrhtpcn,table,2,c1,text,text,NO,,,
kepler_ods,kdrhtpcn,table,3,c2,text,text,YES,,,
kepler_ods,kdrhtpcn,table,4,c3,text,text,YES,,,
kepler_ods,kdrhtpcn,table,5,c4,text,text,YES,,,
kepler_ods,kdrhtpem,table,1,sucursal,text,text,NO,,,
kepler_ods,kdrhtpem,table,2,c1,text,text,NO,,,
kepler_ods,kdrhtpem,table,3,c2,text,text,YES,,,
kepler_ods,kdrhtpem,table,4,c3,text,text,YES,,,
kepler_ods,kdrhtpmv,table,1,sucursal,text,text,NO,,,
kepler_ods,kdrhtpmv,table,2,c1,text,text,NO,,,
kepler_ods,kdrhtpmv,table,3,c2,numeric,numeric,NO,,,
kepler_ods,kdrhtpmv,table,4,c3,numeric,numeric,NO,,,
kepler_ods,kdrhtpmv,table,5,c4,text,text,YES,,,
kepler_ods,kdrhtpmv,table,6,c5,text,text,YES,,,
kepler_ods,kdrhtpmv,table,7,c6,text,text,YES,,,
kepler_ods,kdrhtpmv,table,8,c7,text,text,YES,,,
kepler_ods,kdrhtpmv,table,9,c8,text,text,YES,,,
kepler_ods,kdrhtpmv,table,10,c9,text,text,YES,,,
kepler_ods,kdrhtpmv,table,11,c10,text,text,YES,,,
kepler_ods,kdrhtpmv,table,12,c11,text,text,YES,,,
kepler_ods,kdrhtpmv,table,13,c12,text,text,YES,,,
kepler_ods,kdrhtpmv,table,14,c13,text,text,YES,,,
kepler_ods,kdrhtpmv,table,15,c14,text,text,YES,,,
kepler_ods,kdrhtpmv,table,16,c15,text,text,YES,,,
kepler_ods,kdrhtpmv,table,17,c16,numeric,numeric,YES,,,
kepler_ods,kdrhtpmv,table,18,c17,numeric,numeric,YES,,,
kepler_ods,kdrhtpmv,table,19,c18,text,text,YES,,,
kepler_ods,kdrhtpmv,table,20,c19,text,text,YES,,,
kepler_ods,kdrhtpmv,table,21,c20,text,text,YES,,,
kepler_ods,kdrhtpmv,table,22,c21,text,text,YES,,,
kepler_ods,kdrhtur,table,1,sucursal,text,text,NO,,,
kepler_ods,kdrhtur,table,2,c1,text,text,NO,,,
kepler_ods,kdrhtur,table,3,c2,text,text,YES,,,
kepler_ods,kdrutman,table,1,sucursal,text,text,NO,,,
kepler_ods,kdrutman,table,2,c1,text,text,NO,,,
kepler_ods,kdrutman,table,3,c2,text,text,NO,,,
kepler_ods,kdrutman,table,4,c3,timestamp without time zone,timestamp,NO,,,
kepler_ods,kdrutman,table,5,c4,text,text,NO,,,
kepler_ods,kdrutman,table,6,c5,text,text,YES,,,
kepler_ods,kdrutman,table,7,c6,text,text,YES,,,
kepler_ods,kdt1,table,1,sucursal,text,text,NO,,,
kepler_ods,kdt1,table,2,c1,text,text,NO,,,
kepler_ods,kdt1,table,3,c2,text,text,YES,,,
kepler_ods,kdt1,table,4,c3,timestamp without time zone,timestamp,YES,,,
kepler_ods,kdt1,table,5,c4,numeric,numeric,YES,,,
kepler_ods,kdt1,table,6,c5,numeric,numeric,YES,,,
kepler_ods,kdt1,table,7,c6,text,text,YES,,,
kepler_ods,kdt1,table,8,c7,text,text,YES,,,
kepler_ods,kdt1,table,9,c8,timestamp without time zone,timestamp,YES,,,
kepler_ods,kdt1,table,10,c9,text,text,YES,,,
kepler_ods,kdt1,table,11,c10,text,text,YES,,,
kepler_ods,kdt1,table,12,c11,text,text,YES,,,
kepler_ods,kdt1,table,13,c12,text,text,YES,,,
kepler_ods,kdt1,table,14,c13,text,text,YES,,,
kepler_ods,kdt1,table,15,c14,text,text,YES,,,
kepler_ods,kdt1,table,16,c15,text,text,YES,,,
kepler_ods,kdt1,table,17,c16,timestamp without time zone,timestamp,YES,,,
kepler_ods,kdt1,table,18,c17,numeric,numeric,YES,,,
kepler_ods,kdt1,table,19,c18,numeric,numeric,YES,,,
kepler_ods,kdtact,table,1,sucursal,text,text,NO,,,
kepler_ods,kdtact,table,2,c1,text,text,NO,,,
kepler_ods,kdtact,table,3,c2,text,text,YES,,,
kepler_ods,kdtact,table,4,c3,text,text,YES,,,
kepler_ods,kdtact,table,5,c4,text,text,YES,,,
kepler_ods,kdtact,table,6,c5,numeric,numeric,YES,,,
kepler_ods,kdud,table,1,sucursal,text,text,NO,,,
kepler_ods,kdud,table,2,c1,text,text,YES,,,
kepler_ods,kdud,table,3,c2,text,text,NO,,,
kepler_ods,kdud,table,4,c3,text,text,YES,,,
kepler_ods,kdud,table,5,c4,text,text,YES,,,
kepler_ods,kdud,table,6,c5,text,text,YES,,,
kepler_ods,kdud,table,7,c6,text,text,YES,,,
kepler_ods,kdud,table,8,c7,text,text,YES,,,
kepler_ods,kdud,table,9,c8,text,text,YES,,,
kepler_ods,kdud,table,10,c9,text,text,YES,,,
kepler_ods,kdud,table,11,c10,text,text,YES,,,
kepler_ods,kdud,table,12,c11,text,text,YES,,,
kepler_ods,kdud,table,13,c12,text,text,YES,,,
kepler_ods,kdud,table,14,c13,text,text,YES,,,
kepler_ods,kdud,table,15,c14,text,text,YES,,,
kepler_ods,kdud,table,16,c15,numeric,numeric,YES,,,
kepler_ods,kdud,table,17,c16,numeric,numeric,YES,,,
kepler_ods,kdud,table,18,c17,text,text,YES,,,
kepler_ods,kdud,table,19,c18,text,text,YES,,,
kepler_ods,kdud,table,20,c19,text,text,YES,,,
kepler_ods,kdud,table,21,c20,text,text,YES,,,
kepler_ods,kdud,table,22,c21,text,text,YES,,,
kepler_ods,kdud,table,23,c22,text,text,YES,,,
kepler_ods,kdud,table,24,c23,text,text,YES,,,
kepler_ods,kdud,table,25,c24,text,text,YES,,,
kepler_ods,kdud,table,26,c25,text,text,YES,,,
kepler_ods,kdud,table,27,c26,text,text,YES,,,
kepler_ods,kdud,table,28,c27,text,text,YES,,,
kepler_ods,kdud,table,29,c28,numeric,numeric,YES,,,
kepler_ods,kdud,table,30,c29,numeric,numeric,YES,,,
kepler_ods,kdud,table,31,c30,text,text,YES,,,
kepler_ods,kdudent,table,1,sucursal,text,text,NO,,,
kepler_ods,kdudent,table,2,c1,text,text,NO,,,
kepler_ods,kdudent,table,3,c2,text,text,NO,,,
kepler_ods,kdudent,table,4,c3,text,text,YES,,,
kepler_ods,kdudent,table,5,c4,text,text,YES,,,
kepler_ods,kdudent,table,6,c5,text,text,YES,,,
kepler_ods,kdudent,table,7,c6,text,text,YES,,,
kepler_ods,kdudent,table,8,c7,text,text,YES,,,
kepler_ods,kdudent,table,9,c8,text,text,YES,,,
kepler_ods,kdudent,table,10,c9,text,text,YES,,,
kepler_ods,kdudent,table,11,c10,text,text,YES,,,
kepler_ods,kdudent,table,12,c11,text,text,YES,,,
kepler_ods,kdudent,table,13,c12,text,text,YES,,,
kepler_ods,kdudent,table,14,c13,text,text,YES,,,
kepler_ods,kdudp,table,1,sucursal,text,text,NO,,,
kepler_ods,kdudp,table,2,c1,text,text,YES,,,
kepler_ods,kdudp,table,3,c2,text,text,NO,,,
kepler_ods,kdudp,table,4,c3,text,text,YES,,,
kepler_ods,kdudp,table,5,c4,text,text,YES,,,
kepler_ods,kdudp,table,6,c5,text,text,YES,,,
kepler_ods,kdudp,table,7,c6,text,text,YES,,,
kepler_ods,kdudp,table,8,c7,text,text,YES,,,
kepler_ods,kdudp,table,9,c8,text,text,YES,,,
kepler_ods,kdudp,table,10,c9,text,text,YES,,,
kepler_ods,kdudp,table,11,c10,text,text,YES,,,
kepler_ods,kdudp,table,12,c11,text,text,YES,,,
kepler_ods,kdudp,table,13,c12,text,text,YES,,,
kepler_ods,kdudp,table,14,c13,text,text,YES,,,
kepler_ods,kdudp,table,15,c14,text,text,YES,,,
kepler_ods,kdudp,table,16,c15,numeric,numeric,YES,,,
kepler_ods,kdudp,table,17,c16,text,text,YES,,,
kepler_ods,kdudp,table,18,c17,text,text,YES,,,
kepler_ods,kdudp,table,19,c18,text,text,YES,,,
kepler_ods,kdudp,table,20,c19,text,text,YES,,,
kepler_ods,kdudp,table,21,c20,text,text,YES,,,
kepler_ods,kdudp,table,22,c21,text,text,YES,,,
kepler_ods,kdudp,table,23,c22,text,text,YES,,,
kepler_ods,kdudp,table,24,c23,text,text,YES,,,
kepler_ods,kdudp,table,25,c24,text,text,YES,,,
kepler_ods,kdudp,table,26,c25,text,text,YES,,,
kepler_ods,kdudp,table,27,c26,text,text,YES,,,
kepler_ods,kdudp,table,28,c27,text,text,YES,,,
kepler_ods,kdudp,table,29,c28,numeric,numeric,YES,,,
kepler_ods,kdudp,table,30,c29,numeric,numeric,YES,,,
kepler_ods,kdudp,table,31,c30,text,text,YES,,,
kepler_ods,kdudp,table,32,c31,text,text,YES,,,
kepler_ods,kdudp,table,33,c32,numeric,numeric,YES,,,
kepler_ods,kdudp,table,34,c33,numeric,numeric,YES,,,
kepler_ods,kdudp,table,35,c34,text,text,YES,,,
kepler_ods,kdudp,table,36,c35,text,text,YES,,,
kepler_ods,kdudp,table,37,c36,text,text,YES,,,
kepler_ods,kdudp,table,38,c37,text,text,YES,,,
kepler_ods,kdudp,table,39,c38,text,text,YES,,,
kepler_ods,kdudp,table,40,c39,text,text,YES,,,
kepler_ods,kdudp,table,41,c40,text,text,YES,,,
kepler_ods,kdudp,table,42,c41,text,text,YES,,,
kepler_ods,kdudp,table,43,c42,text,text,YES,,,
kepler_ods,kdudp,table,44,c43,text,text,YES,,,
kepler_ods,kdudp,table,45,c44,text,text,YES,,,
kepler_ods,kdudp,table,46,c45,text,text,YES,,,
kepler_ods,kdudp,table,47,c46,text,text,YES,,,
kepler_ods,kdudp,table,48,c47,text,text,YES,,,
kepler_ods,kdudp,table,49,c48,text,text,YES,,,
kepler_ods,kdudp,table,50,c49,text,text,YES,,,
kepler_ods,kdudp,table,51,c50,text,text,YES,,,
kepler_ods,kdudp,table,52,c51,text,text,YES,,,
kepler_ods,kdudp,table,53,c52,text,text,YES,,,
kepler_ods,kdudp,table,54,c53,text,text,YES,,,
kepler_ods,kdudp,table,55,c54,numeric,numeric,YES,,,
kepler_ods,kdudp,table,56,c55,text,text,YES,,,
kepler_ods,kdudp,table,57,c56,text,text,YES,,,
kepler_ods,kdudp,table,58,c57,text,text,YES,,,
kepler_ods,kdudp,table,59,c58,text,text,YES,,,
kepler_ods,kdudp,table,60,c59,text,text,YES,,,
kepler_ods,kdudp,table,61,c60,text,text,YES,,,
kepler_ods,kdudp,table,62,c61,text,text,YES,,,
kepler_ods,kdudp,table,63,c62,text,text,YES,,,
kepler_ods,kdudp,table,64,c63,text,text,YES,,,
kepler_ods,kdudp,table,65,c64,text,text,YES,,,
kepler_ods,kdudp,table,66,c65,text,text,YES,,,
kepler_ods,kdudp,table,67,c66,text,text,YES,,,
kepler_ods,kdudp,table,68,c67,text,text,YES,,,
kepler_ods,kdudp,table,69,c68,text,text,YES,,,
kepler_ods,kdudp,table,70,c69,text,text,YES,,,
kepler_ods,kdudp,table,71,c70,text,text,YES,,,
kepler_ods,kdudp,table,72,c71,text,text,YES,,,
kepler_ods,kdudp,table,73,c72,text,text,YES,,,
kepler_ods,kdudp,table,74,c73,text,text,YES,,,
kepler_ods,kdudp,table,75,c74,text,text,YES,,,
kepler_ods,kdudp,table,76,c75,text,text,YES,,,
kepler_ods,kdudp,table,77,c76,text,text,YES,,,
kepler_ods,kdudp,table,78,c77,text,text,YES,,,
kepler_ods,kdudp,table,79,c78,text,text,YES,,,
kepler_ods,kdudp,table,80,c79,text,text,YES,,,
kepler_ods,kdudp,table,81,c80,text,text,YES,,,
kepler_ods,kdudp,table,82,c81,timestamp without time zone,timestamp,YES,,,
kepler_ods,kdudp,table,83,c82,text,text,YES,,,
kepler_ods,kdudp,table,84,c83,timestamp without time zone,timestamp,YES,,,
kepler_ods,kdudp,table,85,c84,double precision,float8,YES,,,
kepler_ods,kdudp,table,86,c85,text,text,YES,,,
kepler_ods,kdudp,table,87,c86,numeric,numeric,YES,,,
kepler_ods,kdudp,table,88,c87,numeric,numeric,YES,,,
kepler_ods,kdudp,table,89,c88,timestamp without time zone,timestamp,YES,,,
kepler_ods,kdudp,table,90,c89,text,text,YES,,,
kepler_ods,kdudp,table,91,c90,timestamp without time zone,timestamp,YES,,,
kepler_ods,kdudp,table,92,c91,text,text,YES,,,
kepler_ods,kdudp,table,93,c92,text,text,YES,,,
kepler_ods,kdudp,table,94,c93,text,text,YES,,,
kepler_ods,kdudp,table,95,c94,text,text,YES,,,
kepler_ods,kdudp,table,96,c95,text,text,YES,,,
kepler_ods,kdudp,table,97,c96,text,text,YES,,,
kepler_ods,kdudp,table,98,c97,text,text,YES,,,
kepler_ods,kdudp,table,99,c98,text,text,YES,,,
kepler_ods,kdudp,table,100,c99,text,text,YES,,,
kepler_ods,kdudp,table,101,c100,text,text,YES,,,
kepler_ods,kdudp,table,102,c101,text,text,YES,,,
kepler_ods,kdudp,table,103,c102,text,text,YES,,,
kepler_ods,kdudp,table,104,c103,text,text,YES,,,
kepler_ods,kdudp,table,105,c104,text,text,YES,,,
kepler_ods,kdudp,table,106,c105,text,text,YES,,,
kepler_ods,kdudp,table,107,c106,text,text,YES,,,
kepler_ods,kdudp,table,108,c107,text,text,YES,,,
kepler_ods,kdudp,table,109,c108,text,text,YES,,,
kepler_ods,kdudp,table,110,c109,text,text,YES,,,
kepler_ods,kdudp,table,111,c110,text,text,YES,,,
kepler_ods,kdue,table,1,sucursal,text,text,NO,,,
kepler_ods,kdue,table,2,c1,text,text,NO,,,
kepler_ods,kdue,table,3,c2,text,text,NO,,,
kepler_ods,kdue,table,4,c3,text,text,NO,,,
kepler_ods,kdue,table,5,c4,numeric,numeric,NO,,,
kepler_ods,kdue,table,6,c5,numeric,numeric,NO,,,
kepler_ods,kdue,table,7,c6,text,text,NO,,,
kepler_ods,kdue,table,8,c7,timestamp without time zone,timestamp,YES,,,
kepler_ods,kdue,table,9,c8,text,text,YES,,,
kepler_ods,kdue,table,10,c9,text,text,YES,,,
kepler_ods,kdue,table,11,c10,timestamp without time zone,timestamp,YES,,,
kepler_ods,kdue,table,12,c11,numeric,numeric,YES,,,
kepler_ods,kdue,table,13,c12,numeric,numeric,YES,,,
kepler_ods,kdue,table,14,c13,numeric,numeric,YES,,,
kepler_ods,kdue,table,15,c14,numeric,numeric,YES,,,
kepler_ods,kdue,table,16,c15,numeric,numeric,YES,,,
kepler_ods,kdue,table,17,c16,text,text,YES,,,
kepler_ods,kdue,table,18,c17,numeric,numeric,YES,,,
kepler_ods,kdue,table,19,c18,text,text,YES,,,
kepler_ods,kdue,table,20,c19,numeric,numeric,YES,,,
kepler_ods,kdue,table,21,c20,numeric,numeric,YES,,,
kepler_ods,kdue,table,22,c21,numeric,numeric,YES,,,
kepler_ods,kdue,table,23,c22,text,text,YES,,,
kepler_ods,kdue,table,24,c23,text,text,YES,,,
kepler_ods,kdue,table,25,c24,text,text,YES,,,
kepler_ods,kdue,table,26,c25,numeric,numeric,YES,,,
kepler_ods,kdue,table,27,c26,double precision,float8,YES,,,
kepler_ods,kdue,table,28,c27,numeric,numeric,YES,,,
kepler_ods,kdue,table,29,c28,text,text,YES,,,
kepler_ods,kdue,table,30,c29,text,text,YES,,,
kepler_ods,kdue,table,31,c30,text,text,YES,,,
kepler_ods,kdue,table,32,c31,text,text,YES,,,
kepler_ods,kduf,table,1,sucursal,text,text,NO,,,
kepler_ods,kduf,table,2,c1,text,text,NO,,,
kepler_ods,kduf,table,3,c2,text,text,NO,,,
kepler_ods,kduf,table,4,c3,timestamp without time zone,timestamp,NO,,,
kepler_ods,kduf,table,5,c4,numeric,numeric,NO,,,
kepler_ods,kduf,table,6,c5,numeric,numeric,NO,,,
kepler_ods,kduf,table,7,c6,text,text,NO,,,
kepler_ods,kduf,table,8,c7,numeric,numeric,NO,,,
kepler_ods,kduf,table,9,c8,numeric,numeric,NO,,,
kepler_ods,kduf,table,10,c9,text,text,NO,,,
kepler_ods,kduf,table,11,c10,numeric,numeric,YES,,,
kepler_ods,kduf,table,12,c11,numeric,numeric,YES,,,
kepler_ods,kduf,table,13,c12,text,text,YES,,,
kepler_ods,kduf,table,14,c13,text,text,YES,,,
kepler_ods,kduf,table,15,c14,text,text,YES,,,
kepler_ods,kduf,table,16,c15,text,text,YES,,,
kepler_ods,kduf,table,17,c16,text,text,YES,,,
kepler_ods,kduf,table,18,c17,text,text,YES,,,
kepler_ods,kduf,table,19,c18,text,text,YES,,,
kepler_ods,kdug,table,1,sucursal,text,text,NO,,,
kepler_ods,kdug,table,2,c1,text,text,NO,,,
kepler_ods,kdug,table,3,c2,text,text,NO,,,
kepler_ods,kdug,table,4,c3,text,text,NO,,,
kepler_ods,kdug,table,5,c4,timestamp without time zone,timestamp,YES,,,
kepler_ods,kdug,table,6,c5,numeric,numeric,YES,,,
kepler_ods,kdug,table,7,c6,timestamp without time zone,timestamp,YES,,,
kepler_ods,kdug,table,8,c7,timestamp without time zone,timestamp,YES,,,
kepler_ods,kdug,table,9,c8,text,text,YES,,,
kepler_ods,kdug,table,10,c9,text,text,YES,,,
kepler_ods,kdug,table,11,c10,text,text,YES,,,
kepler_ods,kdug,table,12,c11,numeric,numeric,YES,,,
kepler_ods,kdug,table,13,c12,numeric,numeric,YES,,,
kepler_ods,kdug,table,14,c13,numeric,numeric,YES,,,
kepler_ods,kdug,table,15,c14,numeric,numeric,YES,,,
kepler_ods,kdug,table,16,c15,numeric,numeric,YES,,,
kepler_ods,kdug,table,17,c16,numeric,numeric,YES,,,
kepler_ods,kdug,table,18,c17,numeric,numeric,YES,,,
kepler_ods,kdug,table,19,c18,numeric,numeric,YES,,,
kepler_ods,kdug,table,20,c19,numeric,numeric,YES,,,
kepler_ods,kdug,table,21,c20,numeric,numeric,YES,,,
kepler_ods,kdug,table,22,c21,numeric,numeric,YES,,,
kepler_ods,kdug,table,23,c22,numeric,numeric,YES,,,
kepler_ods,kdug,table,24,c23,numeric,numeric,YES,,,
kepler_ods,kdug,table,25,c24,numeric,numeric,YES,,,
kepler_ods,kdug,table,26,c25,numeric,numeric,YES,,,
kepler_ods,kdug,table,27,c26,numeric,numeric,YES,,,
kepler_ods,kdug,table,28,c27,numeric,numeric,YES,,,
kepler_ods,kdug,table,29,c28,numeric,numeric,YES,,,
kepler_ods,kdug,table,30,c29,numeric,numeric,YES,,,
kepler_ods,kdug,table,31,c30,numeric,numeric,YES,,,
kepler_ods,kdug,table,32,c31,numeric,numeric,YES,,,
kepler_ods,kdug,table,33,c32,numeric,numeric,YES,,,
kepler_ods,kdug,table,34,c33,numeric,numeric,YES,,,
kepler_ods,kdug,table,35,c34,numeric,numeric,YES,,,
kepler_ods,kdug,table,36,c35,numeric,numeric,YES,,,
kepler_ods,kdug,table,37,c36,numeric,numeric,YES,,,
kepler_ods,kdug,table,38,c37,numeric,numeric,YES,,,
kepler_ods,kdug,table,39,c38,numeric,numeric,YES,,,
kepler_ods,kdug,table,40,c39,numeric,numeric,YES,,,
kepler_ods,kdug,table,41,c40,numeric,numeric,YES,,,
kepler_ods,kdug,table,42,c41,numeric,numeric,YES,,,
kepler_ods,kdug,table,43,c42,numeric,numeric,YES,,,
kepler_ods,kdug,table,44,c43,numeric,numeric,YES,,,
kepler_ods,kdug,table,45,c44,numeric,numeric,YES,,,
kepler_ods,kdug,table,46,c45,numeric,numeric,YES,,,
kepler_ods,kdug,table,47,c46,numeric,numeric,YES,,,
kepler_ods,kdug,table,48,c47,numeric,numeric,YES,,,
kepler_ods,kdug,table,49,c48,numeric,numeric,YES,,,
kepler_ods,kdug,table,50,c49,numeric,numeric,YES,,,
kepler_ods,kdug,table,51,c50,numeric,numeric,YES,,,
kepler_ods,kdug,table,52,c51,numeric,numeric,YES,,,
kepler_ods,kdug,table,53,c52,numeric,numeric,YES,,,
kepler_ods,kdug,table,54,c53,numeric,numeric,YES,,,
kepler_ods,kdug,table,55,c54,numeric,numeric,YES,,,
kepler_ods,kdug,table,56,c55,numeric,numeric,YES,,,
kepler_ods,kdug,table,57,c56,numeric,numeric,YES,,,
kepler_ods,kdug,table,58,c57,numeric,numeric,YES,,,
kepler_ods,kdug,table,59,c58,numeric,numeric,YES,,,
kepler_ods,kduj,table,1,sucursal,text,text,NO,,,
kepler_ods,kduj,table,2,c1,text,text,NO,,,
kepler_ods,kduj,table,3,c2,text,text,YES,,,
kepler_ods,kduj,table,4,c3,text,text,YES,,,
kepler_ods,kduk,table,1,sucursal,text,text,NO,,,
kepler_ods,kduk,table,2,c1,text,text,NO,,,
kepler_ods,kduk,table,3,c2,text,text,YES,,,
kepler_ods,kduv,table,1,sucursal,text,text,NO,,,
kepler_ods,kduv,table,2,c1,text,text,YES,,,
kepler_ods,kduv,table,3,c2,text,text,NO,,,
kepler_ods,kduv,table,4,c3,text,text,YES,,,
kepler_ods,kduv,table,5,c4,double precision,float8,YES,,,
kepler_ods,kduv,table,6,c5,double precision,float8,YES,,,
kepler_ods,kduv,table,7,c6,double precision,float8,YES,,,
kepler_ods,kduv,table,8,c7,double precision,float8,YES,,,
kepler_ods,kduv,table,9,c8,text,text,YES,,,
kepler_ods,kduv,table,10,c9,text,text,YES,,,
kepler_ods,kduv,table,11,c10,text,text,YES,,,
kepler_ods,kduv,table,12,c11,text,text,YES,,,
kepler_ods,kduv,table,13,c12,text,text,YES,,,
kepler_ods,kduv,table,14,c13,text,text,YES,,,
kepler_ods,kduv,table,15,c14,text,text,YES,,,
kepler_ods,kduv,table,16,c15,text,text,YES,,,
kepler_ods,kduv,table,17,c16,text,text,YES,,,
kepler_ods,kduv,table,18,c17,text,text,YES,,,
kepler_ods,kduv,table,19,c18,text,text,YES,,,
kepler_ods,kduv,table,20,c19,text,text,YES,,,
kepler_ods,kduv,table,21,c20,text,text,YES,,,
kepler_ods,kduv,table,22,c21,text,text,YES,,,
kepler_ods,kdvavance,table,1,sucursal,text,text,NO,,,
kepler_ods,kdvavance,table,2,c1,text,text,NO,,,
kepler_ods,kdvavance,table,3,c2,text,text,YES,,,
kepler_ods,kdvavance,table,4,c3,numeric,numeric,YES,,,
kepler_ods,kdvcolonia,table,1,sucursal,text,text,NO,,,
kepler_ods,kdvcolonia,table,2,c1,text,text,NO,,,
kepler_ods,kdvcolonia,table,3,c2,text,text,NO,,,
kepler_ods,kdvcolonia,table,4,c3,text,text,NO,,,
kepler_ods,kdvcolonia,table,5,c4,text,text,NO,,,
kepler_ods,kdvcolonia,table,6,c5,text,text,YES,,,
kepler_ods,kdvmedios,table,1,sucursal,text,text,NO,,,
kepler_ods,kdvmedios,table,2,c1,text,text,NO,,,
kepler_ods,kdvmedios,table,3,c2,text,text,YES,,,
kepler_ods,kdvmedios,table,4,c3,timestamp without time zone,timestamp,YES,,,
kepler_ods,kdvmedios,table,5,c4,timestamp without time zone,timestamp,YES,,,
kepler_ods,kdvmedios,table,6,c5,text,text,YES,,,
kepler_ods,kdvmedios,table,7,c6,text,text,YES,,,
kepler_ods,kdvmedios,table,8,c7,text,text,YES,,,
kepler_ods,kdvpresxven,table,1,sucursal,text,text,NO,,,
kepler_ods,kdvpresxven,table,2,c1,text,text,NO,,,
kepler_ods,kdvpresxven,table,3,c2,text,text,NO,,,
kepler_ods,kdvpresxven,table,4,c3,text,text,NO,,,
kepler_ods,kdvpresxven,table,5,c4,text,text,NO,,,
kepler_ods,kdvpresxven,table,6,c5,numeric,numeric,YES,,,
kepler_ods,kdvpresxven,table,7,c6,numeric,numeric,YES,,,
kepler_ods,kdvpresxven,table,8,c7,numeric,numeric,YES,,,
kepler_ods,kdvpresxven,table,9,c8,numeric,numeric,YES,,,
kepler_ods,kdvpresxven,table,10,c9,numeric,numeric,YES,,,
kepler_ods,kdvpresxven,table,11,c10,numeric,numeric,YES,,,
kepler_ods,kdvpresxven,table,12,c11,numeric,numeric,YES,,,
kepler_ods,kdvpresxven,table,13,c12,numeric,numeric,YES,,,
kepler_ods,kdvpresxven,table,14,c13,numeric,numeric,YES,,,
kepler_ods,kdvpresxven,table,15,c14,numeric,numeric,YES,,,
kepler_ods,kdvpresxven,table,16,c15,numeric,numeric,YES,,,
kepler_ods,kdvpresxven,table,17,c16,numeric,numeric,YES,,,
kepler_ods,kdvtacaj80,table,1,sucursal,text,text,NO,,,
kepler_ods,kdvtacaj80,table,2,c1,text,text,NO,,,
kepler_ods,kdvtacaj80,table,3,c2,text,text,NO,,,
kepler_ods,kdvtacaj80,table,4,c3,text,text,YES,,,
kepler_ods,kdvtacaj80,table,5,c4,numeric,numeric,YES,,,
kepler_ods,kdvtacaj80,table,6,c5,numeric,numeric,YES,,,
kepler_ods,kdvtacaj80,table,7,c6,numeric,numeric,YES,,,
kepler_ods,kdvtacaj80,table,8,c7,numeric,numeric,YES,,,
kepler_ods,kdvtacaj80,table,9,c8,text,text,YES,,,
kepler_ods,kdvtacaj80,table,10,c9,text,text,YES,,,
kepler_ods,kdvtacaj80,table,11,c10,numeric,numeric,YES,,,
kepler_ods,kdvtacaj80,table,12,c11,numeric,numeric,YES,,,
kepler_ods,kdvtamano,table,1,sucursal,text,text,NO,,,
kepler_ods,kdvtamano,table,2,c1,text,text,NO,,,
kepler_ods,kdvtamano,table,3,c2,text,text,YES,,,
kepler_ods,kdvtamano,table,4,c3,numeric,numeric,YES,,,
kepler_ods,kdvtamano,table,5,c4,numeric,numeric,YES,,,
kepler_ods,kdvtamano,table,6,c5,numeric,numeric,YES,,,
kepler_ods,kdvtamano,table,7,c6,numeric,numeric,YES,,,
kepler_ods,kdvtamano,table,8,c7,numeric,numeric,YES,,,
kepler_ods,kdvtamano,table,9,c8,numeric,numeric,YES,,,
kepler_ods,kdvtamano,table,10,c9,numeric,numeric,YES,,,
kepler_ods,kdvtamano,table,11,c10,numeric,numeric,YES,,,
kepler_ods,kdvtamano,table,12,c11,numeric,numeric,YES,,,
kepler_ods,kdvtamano,table,13,c12,numeric,numeric,YES,,,
kepler_ods,kdvtamano,table,14,c13,numeric,numeric,YES,,,
kepler_ods,kdvtamano,table,15,c14,numeric,numeric,YES,,,
kepler_ods,kdvtipocontacto,table,1,sucursal,text,text,NO,,,
kepler_ods,kdvtipocontacto,table,2,c1,text,text,NO,,,
kepler_ods,kdvtipocontacto,table,3,c2,text,text,YES,,,
kepler_ods,kdvtipomedio,table,1,sucursal,text,text,NO,,,
kepler_ods,kdvtipomedio,table,2,c1,text,text,NO,,,
kepler_ods,kdvtipomedio,table,3,c2,text,text,YES,,,
kepler_ods,kdvtitulos,table,1,sucursal,text,text,NO,,,
kepler_ods,kdvtitulos,table,2,c1,text,text,NO,,,
kepler_ods,kdvtitulos,table,3,c2,text,text,YES,,,
kepler_ods,kdxd,table,1,sucursal,text,text,NO,,,
kepler_ods,kdxd,table,2,c1,text,text,YES,,,
kepler_ods,kdxd,table,3,c2,text,text,NO,,,
kepler_ods,kdxd,table,4,c3,text,text,YES,,,
kepler_ods,kdxd,table,5,c4,text,text,YES,,,
kepler_ods,kdxd,table,6,c5,text,text,YES,,,
kepler_ods,kdxd,table,7,c6,text,text,YES,,,
kepler_ods,kdxd,table,8,c7,text,text,YES,,,
kepler_ods,kdxd,table,9,c8,text,text,YES,,,
kepler_ods,kdxd,table,10,c9,text,text,YES,,,
kepler_ods,kdxd,table,11,c10,text,text,YES,,,
kepler_ods,kdxd,table,12,c11,text,text,YES,,,
kepler_ods,kdxd,table,13,c12,text,text,YES,,,
kepler_ods,kdxd,table,14,c13,text,text,YES,,,
kepler_ods,kdxd,table,15,c14,text,text,YES,,,
kepler_ods,kdxd,table,16,c15,numeric,numeric,YES,,,
kepler_ods,kdxd,table,17,c16,numeric,numeric,YES,,,
kepler_ods,kdxd,table,18,c17,text,text,YES,,,
kepler_ods,kdxd,table,19,c18,text,text,YES,,,
kepler_ods,kdxd,table,20,c19,text,text,YES,,,
kepler_ods,kdxd,table,21,c20,text,text,YES,,,
kepler_ods,kdxd,table,22,c21,text,text,YES,,,
kepler_ods,kdxd,table,23,c22,text,text,YES,,,
kepler_ods,kdxd,table,24,c23,text,text,YES,,,
kepler_ods,kdxd,table,25,c24,text,text,YES,,,
kepler_ods,kdxd,table,26,c25,text,text,YES,,,
kepler_ods,kdxd,table,27,c26,text,text,YES,,,
kepler_ods,kdxd,table,28,c27,text,text,YES,,,
kepler_ods,kdxd,table,29,c28,text,text,YES,,,
kepler_ods,kdxd,table,30,c29,text,text,YES,,,
kepler_ods,kdxd,table,31,c30,text,text,YES,,,
kepler_ods,kdxd,table,32,c31,text,text,YES,,,
kepler_ods,kdxd,table,33,c32,text,text,YES,,,
kepler_ods,kdxd,table,34,c33,text,text,YES,,,
kepler_ods,kdxd,table,35,c34,text,text,YES,,,
kepler_ods,kdxd,table,36,c35,text,text,YES,,,
kepler_ods,kdxd,table,37,c36,numeric,numeric,YES,,,
kepler_ods,kdxe,table,1,sucursal,text,text,NO,,,
kepler_ods,kdxe,table,2,c1,text,text,NO,,,
kepler_ods,kdxe,table,3,c2,text,text,NO,,,
kepler_ods,kdxe,table,4,c3,text,text,NO,,,
kepler_ods,kdxe,table,5,c4,numeric,numeric,NO,,,
kepler_ods,kdxe,table,6,c5,numeric,numeric,NO,,,
kepler_ods,kdxe,table,7,c6,text,text,NO,,,
kepler_ods,kdxe,table,8,c7,timestamp without time zone,timestamp,YES,,,
kepler_ods,kdxe,table,9,c8,text,text,YES,,,
kepler_ods,kdxe,table,10,c9,text,text,YES,,,
kepler_ods,kdxe,table,11,c10,timestamp without time zone,timestamp,YES,,,
kepler_ods,kdxe,table,12,c11,numeric,numeric,YES,,,
kepler_ods,kdxe,table,13,c12,numeric,numeric,YES,,,
kepler_ods,kdxe,table,14,c13,numeric,numeric,YES,,,
kepler_ods,kdxe,table,15,c14,numeric,numeric,YES,,,
kepler_ods,kdxe,table,16,c15,numeric,numeric,YES,,,
kepler_ods,kdxe,table,17,c16,text,text,YES,,,
kepler_ods,kdxe,table,18,c17,numeric,numeric,YES,,,
kepler_ods,kdxe,table,19,c18,text,text,YES,,,
kepler_ods,kdxe,table,20,c19,numeric,numeric,YES,,,
kepler_ods,kdxe,table,21,c20,numeric,numeric,YES,,,
kepler_ods,kdxe,table,22,c21,numeric,numeric,YES,,,
kepler_ods,kdxe,table,23,c22,text,text,YES,,,
kepler_ods,kdxe,table,24,c23,text,text,YES,,,
kepler_ods,kdxe,table,25,c24,text,text,YES,,,
kepler_ods,kdxe,table,26,c25,numeric,numeric,YES,,,
kepler_ods,kdxe,table,27,c26,double precision,float8,YES,,,
kepler_ods,kdxe,table,28,c27,text,text,YES,,,
kepler_ods,kdxe,table,29,c28,text,text,YES,,,
kepler_ods,kdxe,table,30,c29,text,text,YES,,,
kepler_ods,kdxe,table,31,c30,text,text,YES,,,
kepler_ods,kdxe,table,32,c31,text,text,YES,,,
kepler_ods,kdxf,table,1,sucursal,text,text,NO,,,
kepler_ods,kdxf,table,2,c1,text,text,NO,,,
kepler_ods,kdxf,table,3,c2,text,text,NO,,,
kepler_ods,kdxf,table,4,c3,timestamp without time zone,timestamp,NO,,,
kepler_ods,kdxf,table,5,c4,numeric,numeric,NO,,,
kepler_ods,kdxf,table,6,c5,numeric,numeric,NO,,,
kepler_ods,kdxf,table,7,c6,text,text,NO,,,
kepler_ods,kdxf,table,8,c7,numeric,numeric,NO,,,
kepler_ods,kdxf,table,9,c8,numeric,numeric,NO,,,
kepler_ods,kdxf,table,10,c9,text,text,NO,,,
kepler_ods,kdxf,table,11,c10,numeric,numeric,YES,,,
kepler_ods,kdxf,table,12,c11,numeric,numeric,YES,,,
kepler_ods,kdxg,table,1,sucursal,text,text,NO,,,
kepler_ods,kdxg,table,2,c1,text,text,NO,,,
kepler_ods,kdxg,table,3,c2,text,text,NO,,,
kepler_ods,kdxg,table,4,c3,text,text,NO,,,
kepler_ods,kdxg,table,5,c4,timestamp without time zone,timestamp,YES,,,
kepler_ods,kdxg,table,6,c5,numeric,numeric,YES,,,
kepler_ods,kdxg,table,7,c6,timestamp without time zone,timestamp,YES,,,
kepler_ods,kdxg,table,8,c7,timestamp without time zone,timestamp,YES,,,
kepler_ods,kdxg,table,9,c8,text,text,YES,,,
kepler_ods,kdxg,table,10,c9,text,text,YES,,,
kepler_ods,kdxg,table,11,c10,text,text,YES,,,
kepler_ods,kdxg,table,12,c11,numeric,numeric,YES,,,
kepler_ods,kdxg,table,13,c12,numeric,numeric,YES,,,
kepler_ods,kdxg,table,14,c13,numeric,numeric,YES,,,
kepler_ods,kdxg,table,15,c14,numeric,numeric,YES,,,
kepler_ods,kdxg,table,16,c15,numeric,numeric,YES,,,
kepler_ods,kdxg,table,17,c16,numeric,numeric,YES,,,
kepler_ods,kdxg,table,18,c17,numeric,numeric,YES,,,
kepler_ods,kdxg,table,19,c18,numeric,numeric,YES,,,
kepler_ods,kdxg,table,20,c19,numeric,numeric,YES,,,
kepler_ods,kdxg,table,21,c20,numeric,numeric,YES,,,
kepler_ods,kdxg,table,22,c21,numeric,numeric,YES,,,
kepler_ods,kdxg,table,23,c22,numeric,numeric,YES,,,
kepler_ods,kdxg,table,24,c23,numeric,numeric,YES,,,
kepler_ods,kdxg,table,25,c24,numeric,numeric,YES,,,
kepler_ods,kdxg,table,26,c25,numeric,numeric,YES,,,
kepler_ods,kdxg,table,27,c26,numeric,numeric,YES,,,
kepler_ods,kdxg,table,28,c27,numeric,numeric,YES,,,
kepler_ods,kdxg,table,29,c28,numeric,numeric,YES,,,
kepler_ods,kdxg,table,30,c29,numeric,numeric,YES,,,
kepler_ods,kdxg,table,31,c30,numeric,numeric,YES,,,
kepler_ods,kdxg,table,32,c31,numeric,numeric,YES,,,
kepler_ods,kdxg,table,33,c32,numeric,numeric,YES,,,
kepler_ods,kdxg,table,34,c33,numeric,numeric,YES,,,
kepler_ods,kdxg,table,35,c34,numeric,numeric,YES,,,
kepler_ods,kdxg,table,36,c35,numeric,numeric,YES,,,
kepler_ods,kdxg,table,37,c36,numeric,numeric,YES,,,
kepler_ods,kdxg,table,38,c37,numeric,numeric,YES,,,
kepler_ods,kdxg,table,39,c38,numeric,numeric,YES,,,
kepler_ods,kdxg,table,40,c39,numeric,numeric,YES,,,
kepler_ods,kdxg,table,41,c40,numeric,numeric,YES,,,
kepler_ods,kdxg,table,42,c41,numeric,numeric,YES,,,
kepler_ods,kdxg,table,43,c42,numeric,numeric,YES,,,
kepler_ods,kdxg,table,44,c43,numeric,numeric,YES,,,
kepler_ods,kdxg,table,45,c44,numeric,numeric,YES,,,
kepler_ods,kdxg,table,46,c45,numeric,numeric,YES,,,
kepler_ods,kdxg,table,47,c46,numeric,numeric,YES,,,
kepler_ods,kdxg,table,48,c47,numeric,numeric,YES,,,
kepler_ods,kdxg,table,49,c48,numeric,numeric,YES,,,
kepler_ods,kdxg,table,50,c49,numeric,numeric,YES,,,
kepler_ods,kdxg,table,51,c50,numeric,numeric,YES,,,
kepler_ods,kdxg,table,52,c51,numeric,numeric,YES,,,
kepler_ods,kdxg,table,53,c52,numeric,numeric,YES,,,
kepler_ods,kdxg,table,54,c53,numeric,numeric,YES,,,
kepler_ods,kdxg,table,55,c54,numeric,numeric,YES,,,
kepler_ods,kdxg,table,56,c55,numeric,numeric,YES,,,
kepler_ods,kdxg,table,57,c56,numeric,numeric,YES,,,
kepler_ods,kdxg,table,58,c57,numeric,numeric,YES,,,
kepler_ods,kdxg,table,59,c58,numeric,numeric,YES,,,
kepler_ods,kdxk,table,1,sucursal,text,text,NO,,,
kepler_ods,kdxk,table,2,c1,text,text,NO,,,
kepler_ods,kdxk,table,3,c2,text,text,YES,,,
kepler_ods,kdxv,table,1,sucursal,text,text,NO,,,
kepler_ods,kdxv,table,2,c1,text,text,YES,,,
kepler_ods,kdxv,table,3,c2,text,text,NO,,,
kepler_ods,kdxv,table,4,c3,text,text,YES,,,
kepler_ods,orgbranch,table,1,sucursal,text,text,NO,,,
kepler_ods,orgbranch,table,2,k_code,text,text,NO,,,
kepler_ods,orgbranch,table,3,k_dscr,text,text,YES,,,
kepler_ods,orgbranch,table,4,k_parent,text,text,YES,,,
kepler_ods,orgbranch,table,5,k_level,text,text,YES,,,
kepler_ods,orgbranch,table,6,k_foreign,numeric,numeric,YES,,,
kepler_ods,orgbranch,table,7,k_separate,numeric,numeric,YES,,,
kepler_ods,orgbranch,table,8,k_brn7,text,text,YES,,,
kepler_ods,orgcurrency,table,1,sucursal,text,text,NO,,,
kepler_ods,orgcurrency,table,2,k_code,text,text,NO,,,
kepler_ods,orgcurrency,table,3,k_dscr,text,text,YES,,,
kepler_ods,orgcurrency,table,4,k_short,text,text,YES,,,
kepler_ods,orgcurrency,table,5,k_account,text,text,YES,,,
kepler_ods,orgcurrency,table,6,k_accountc,text,text,YES,,,
kepler_ods,orgcurrency,table,7,k_accounte,text,text,YES,,,
kepler_ods,orgcurrency,table,8,k_accountl,text,text,YES,,,
kepler_ods,orgcurrency,table,9,k_satcode,text,text,YES,,,
kepler_ods,orgcurrency,table,10,k_satcodeea,text,text,YES,,,
kepler_ods,orglogtbl_24,table,1,sucursal,text,text,NO,,,
kepler_ods,orglogtbl_24,table,2,k_table,text,text,NO,,,
kepler_ods,orglogtbl_24,table,3,k_mode,text,text,NO,,,
kepler_ods,orglogtbl_24,table,4,k_date,timestamp without time zone,timestamp,NO,,,
kepler_ods,orglogtbl_24,table,5,k_cns,numeric,numeric,NO,,,
kepler_ods,orglogtbl_24,table,6,k_user,text,text,YES,,,
kepler_ods,orglogtbl_24,table,7,k_str1,text,text,YES,,,
kepler_ods,orglogtbl_24,table,8,k_str2,text,text,YES,,,
kepler_ods,orglogtbl_25,table,1,sucursal,text,text,NO,,,
kepler_ods,orglogtbl_25,table,2,k_table,text,text,NO,,,
kepler_ods,orglogtbl_25,table,3,k_mode,text,text,NO,,,
kepler_ods,orglogtbl_25,table,4,k_date,timestamp without time zone,timestamp,NO,,,
kepler_ods,orglogtbl_25,table,5,k_cns,numeric,numeric,NO,,,
kepler_ods,orglogtbl_25,table,6,k_user,text,text,YES,,,
kepler_ods,orglogtbl_25,table,7,k_str1,text,text,YES,,,
kepler_ods,orglogtbl_25,table,8,k_str2,text,text,YES,,,
kepler_ods,orglogtbl_26,table,1,sucursal,text,text,NO,,,
kepler_ods,orglogtbl_26,table,2,k_table,text,text,NO,,,
kepler_ods,orglogtbl_26,table,3,k_mode,text,text,NO,,,
kepler_ods,orglogtbl_26,table,4,k_date,timestamp without time zone,timestamp,NO,,,
kepler_ods,orglogtbl_26,table,5,k_cns,numeric,numeric,NO,,,
kepler_ods,orglogtbl_26,table,6,k_user,text,text,YES,,,
kepler_ods,orglogtbl_26,table,7,k_str1,text,text,YES,,,
kepler_ods,orglogtbl_26,table,8,k_str2,text,text,YES,,,
kepler_ods,orgmail,table,1,sucursal,text,text,NO,,,
kepler_ods,orgmail,table,2,k_mail,text,text,NO,,,
kepler_ods,orgmail,table,3,k_dscr,text,text,YES,,,
kepler_ods,orgmail,table,4,k_auth,text,text,YES,,,
kepler_ods,orgmail,table,5,k_port,numeric,numeric,YES,,,
kepler_ods,orgmail,table,6,k_server,text,text,YES,,,
kepler_ods,orgmail,table,7,k_ssl,numeric,numeric,YES,,,
kepler_ods,orgmail,table,8,k_user,text,text,YES,,,
kepler_ods,orgmail,table,9,k_pass,text,text,YES,,,
kepler_ods,orgmail,table,10,k_auth_code,text,text,YES,,,
kepler_ods,orgmail,table,11,k_access_token,text,text,YES,,,
kepler_ods,orgmail,table,12,k_refresh_token,text,text,YES,,,
kepler_ods,orgmail,table,13,k_exp,numeric,numeric,YES,,,
kepler_ods,orgmail,table,14,k_date,timestamp without time zone,timestamp,YES,,,
kepler_ods,orgmail,table,15,k_time,text,text,YES,,,
kepler_ods,pos95opeparamdoc,table,1,sucursal,text,text,NO,,,
kepler_ods,pos95opeparamdoc,table,2,k_sucursal,text,text,NO,,,
kepler_ods,pos95opeparamdoc,table,3,k_caja,text,text,NO,,,
kepler_ods,pos95opeparamdoc,table,4,k_genero,text,text,YES,,,
kepler_ods,pos95opeparamdoc,table,5,k_naturaleza,text,text,YES,,,
kepler_ods,pos95opeparamdoc,table,6,k_grupo,numeric,numeric,YES,,,
kepler_ods,pos95opeparamdoc,table,7,k_tipo,numeric,numeric,YES,,,
kepler_ods,pv_suc_ip,table,1,sucursal,text,text,NO,,,
kepler_ods,pv_suc_ip,table,2,c1,text,text,NO,,,
kepler_ods,pv_suc_ip,table,3,c2,text,text,YES,,,
kepler_ods,pv_suc_ip,table,4,c3,text,text,YES,,,
kepler_ods,pv_suc_ip,table,5,c4,text,text,YES,,,
kepler_ods,pv_suc_ip,table,6,c5,text,text,YES,,,
kepler_ods,pv_suc_ip,table,7,c6,text,text,YES,,,
kepler_ods,pv_suc_ip,table,8,c7,text,text,YES,,,
kepler_ods,pv_suc_ip,table,9,c8,text,text,YES,,,
kepler_ods,pv_suc_ip,table,10,c9,text,text,YES,,,
kepler_ods,pv_suc_ip,table,11,c10,text,text,YES,,,
kepler_ods,shadow,table,1,sucursal,text,text,NO,,,
kepler_ods,shadow,table,2,table_name,text,text,NO,,,
kepler_ods,shadow,table,3,pk_text,text,text,NO,,,
kepler_ods,shadow,table,4,h,text,text,YES,,,
kepler_ods,sqliov,table,1,sucursal,text,text,NO,,,
kepler_ods,sqliov,table,2,c1,text,text,NO,,,
kepler_ods,sqliov,table,3,c2,numeric,numeric,NO,,,
kepler_ods,sqliov,table,4,c3,numeric,numeric,NO,,,
kepler_ods,sqliov,table,5,c4,text,text,YES,,,
kepler_ods,syshddeptos,table,1,sucursal,text,text,NO,,,
kepler_ods,syshddeptos,table,2,k_code,text,text,NO,,,
kepler_ods,syshddeptos,table,3,k_profiles,text,text,YES,,,
kepler_ods,webusrtypes,table,1,sucursal,text,text,NO,,,
kepler_ods,webusrtypes,table,2,k_code,text,text,NO,,,
kepler_ods,webusrtypes,table,3,k_dscr,text,text,YES,,,
logistics,carrier_fiscal_profile,table,1,id,uuid,uuid,NO,gen_random_uuid(),,
logistics,carrier_fiscal_profile,table,2,tenant_id,uuid,uuid,NO,,,1
logistics,carrier_fiscal_profile,table,3,rfc,character varying,varchar,NO,,13,
logistics,carrier_fiscal_profile,table,4,legal_name,character varying,varchar,NO,,250,
logistics,carrier_fiscal_profile,table,5,regimen_fiscal,character varying,varchar,NO,,5,
logistics,carrier_fiscal_profile,table,6,cp_expedicion,character varying,varchar,NO,,5,
logistics,carrier_fiscal_profile,table,7,sct_permit_type,character varying,varchar,YES,,10,
logistics,carrier_fiscal_profile,table,8,sct_permit_number,character varying,varchar,YES,,50,
logistics,carrier_fiscal_profile,table,9,fiscal_address,jsonb,jsonb,YES,,,
logistics,carrier_fiscal_profile,table,10,active,boolean,bool,NO,true,,
logistics,carrier_fiscal_profile,table,11,created_at,timestamp with time zone,timestamptz,NO,CURRENT_TIMESTAMP,,
logistics,carrier_fiscal_profile,table,12,created_by,uuid,uuid,YES,,,
logistics,carrier_fiscal_profile,table,13,updated_at,timestamp with time zone,timestamptz,NO,CURRENT_TIMESTAMP,,
logistics,carrier_fiscal_profile,table,14,updated_by,uuid,uuid,YES,,,
logistics,cartaporte_documents,table,1,id,uuid,uuid,NO,gen_random_uuid(),,
logistics,cartaporte_documents,table,2,tenant_id,uuid,uuid,NO,,,1
logistics,cartaporte_documents,table,3,shipment_id,uuid,uuid,NO,,,
logistics,cartaporte_documents,table,4,guide_id,uuid,uuid,YES,,,
logistics,cartaporte_documents,table,5,cfdi_type,character varying,varchar,NO,'traslado'::character varying,10,
logistics,cartaporte_documents,table,6,status,character varying,varchar,NO,'borrador'::character varying,20,
logistics,cartaporte_documents,table,7,uuid_fiscal,character varying,varchar,YES,,40,
logistics,cartaporte_documents,table,8,serie,character varying,varchar,YES,,25,
logistics,cartaporte_documents,table,9,folio,character varying,varchar,YES,,40,
logistics,cartaporte_documents,table,10,total_distance_km,numeric,numeric,YES,,,
logistics,cartaporte_documents,table,11,xml_url,character varying,varchar,YES,,500,
logistics,cartaporte_documents,table,12,pdf_url,character varying,varchar,YES,,500,
logistics,cartaporte_documents,table,13,cloudinary_public_id,character varying,varchar,YES,,300,
logistics,cartaporte_documents,table,14,pac_provider,character varying,varchar,YES,,40,
logistics,cartaporte_documents,table,15,pac_request,jsonb,jsonb,YES,,,
logistics,cartaporte_documents,table,16,pac_response,jsonb,jsonb,YES,,,
logistics,cartaporte_documents,table,17,error_message,text,text,YES,,,
logistics,cartaporte_documents,table,18,stamped_at,timestamp with time zone,timestamptz,YES,,,
logistics,cartaporte_documents,table,19,cancelled_at,timestamp with time zone,timestamptz,YES,,,
logistics,cartaporte_documents,table,20,created_at,timestamp with time zone,timestamptz,NO,CURRENT_TIMESTAMP,,
logistics,cartaporte_documents,table,21,created_by,uuid,uuid,YES,,,
logistics,cartaporte_documents,table,22,updated_at,timestamp with time zone,timestamptz,NO,CURRENT_TIMESTAMP,,
logistics,cartaporte_documents,table,23,updated_by,uuid,uuid,YES,,,
logistics,config_finance,table,1,id,uuid,uuid,NO,gen_random_uuid(),,
logistics,config_finance,table,2,tenant_id,uuid,uuid,NO,,,1
logistics,config_finance,table,3,key,character varying,varchar,NO,,100,
logistics,config_finance,table,4,category,character varying,varchar,NO,,50,
logistics,config_finance,table,5,description,character varying,varchar,YES,,300,
logistics,config_finance,table,6,value,numeric,numeric,NO,,,
logistics,config_finance,table,7,unit,character varying,varchar,YES,,30,
logistics,config_finance,table,8,active,boolean,bool,NO,true,,
logistics,config_finance,table,9,created_at,timestamp with time zone,timestamptz,NO,CURRENT_TIMESTAMP,,
logistics,config_finance,table,10,created_by,uuid,uuid,YES,,,
logistics,config_finance,table,11,updated_at,timestamp with time zone,timestamptz,NO,CURRENT_TIMESTAMP,,
logistics,config_finance,table,12,updated_by,uuid,uuid,YES,,,
logistics,delivery_guides,table,1,id,uuid,uuid,NO,gen_random_uuid(),,
logistics,delivery_guides,table,2,tenant_id,uuid,uuid,NO,,,1
logistics,delivery_guides,table,3,number,character varying,varchar,NO,,50,
logistics,delivery_guides,table,4,shipment_id,uuid,uuid,NO,,,
logistics,delivery_guides,table,5,type,character varying,varchar,NO,'entrega'::character varying,30,
logistics,delivery_guides,table,6,status,character varying,varchar,NO,'pendiente'::character varying,30,
logistics,delivery_guides,table,7,driver_id,uuid,uuid,YES,,,
logistics,delivery_guides,table,8,driver_commission,numeric,numeric,NO,'0'::numeric,,
logistics,delivery_guides,table,9,helper1_id,uuid,uuid,YES,,,
logistics,delivery_guides,table,10,helper1_commission,numeric,numeric,NO,'0'::numeric,,
logistics,delivery_guides,table,11,helper2_id,uuid,uuid,YES,,,
logistics,delivery_guides,table,12,helper2_commission,numeric,numeric,NO,'0'::numeric,,
logistics,delivery_guides,table,13,departure_time,time without time zone,time,YES,,,
logistics,delivery_guides,table,14,arrival_time,time without time zone,time,YES,,,
logistics,delivery_guides,table,15,overnight,boolean,bool,NO,false,,
logistics,delivery_guides,table,16,per_diem_total,numeric,numeric,NO,'0'::numeric,,
logistics,delivery_guides,table,17,per_diem_breakdown,jsonb,jsonb,YES,,,
logistics,delivery_guides,table,18,notes,text,text,YES,,,
logistics,delivery_guides,table,19,created_at,timestamp with time zone,timestamptz,NO,CURRENT_TIMESTAMP,,
logistics,delivery_guides,table,20,created_by,uuid,uuid,YES,,,
logistics,delivery_guides,table,21,updated_at,timestamp with time zone,timestamptz,NO,CURRENT_TIMESTAMP,,
logistics,delivery_guides,table,22,updated_by,uuid,uuid,YES,,,
logistics,delivery_guides,table,23,deleted_at,timestamp with time zone,timestamptz,YES,,,
logistics,delivery_guides,table,24,deleted_by,uuid,uuid,YES,,,
logistics,drivers,table,1,id,uuid,uuid,NO,gen_random_uuid(),,
logistics,drivers,table,2,tenant_id,uuid,uuid,NO,,,1
logistics,drivers,table,3,full_name,character varying,varchar,NO,,200,
logistics,drivers,table,4,roles,ARRAY,_text,NO,,,
logistics,drivers,table,5,employee_type,character varying,varchar,NO,'interno'::character varying,20,
logistics,drivers,table,6,status,character varying,varchar,NO,'activo'::character varying,20,
logistics,drivers,table,7,nss,character varying,varchar,YES,,20,
logistics,drivers,table,8,phone,character varying,varchar,YES,,50,
logistics,drivers,table,9,emergency_contact,character varying,varchar,YES,,200,
logistics,drivers,table,10,user_id,uuid,uuid,YES,,,
logistics,drivers,table,11,active,boolean,bool,NO,true,,
logistics,drivers,table,12,notes,text,text,YES,,,
logistics,drivers,table,13,created_at,timestamp with time zone,timestamptz,NO,CURRENT_TIMESTAMP,,
logistics,drivers,table,14,created_by,uuid,uuid,YES,,,
logistics,drivers,table,15,updated_at,timestamp with time zone,timestamptz,NO,CURRENT_TIMESTAMP,,
logistics,drivers,table,16,updated_by,uuid,uuid,YES,,,
logistics,drivers,table,17,deleted_at,timestamp with time zone,timestamptz,YES,,,
logistics,drivers,table,18,deleted_by,uuid,uuid,YES,,,
logistics,drivers,table,19,curp,character varying,varchar,YES,,18,
logistics,drivers,table,20,rfc,character varying,varchar,YES,,13,
logistics,drivers,table,21,blood_type,character varying,varchar,YES,,5,
logistics,drivers,table,22,federal_license,character varying,varchar,YES,,50,
logistics,drivers,table,23,hire_date,date,date,YES,,,
logistics,drivers,table,24,base_salary_biweekly,numeric,numeric,YES,,,
logistics,drivers,table,25,emergency_phone,character varying,varchar,YES,,30,
logistics,fleet_alerts,table,1,id,uuid,uuid,NO,gen_random_uuid(),,
logistics,fleet_alerts,table,2,tenant_id,uuid,uuid,NO,,,1
logistics,fleet_alerts,table,3,tracker_id,uuid,uuid,NO,,,
logistics,fleet_alerts,table,4,vehicle_id,uuid,uuid,YES,,,
logistics,fleet_alerts,table,5,kind,character varying,varchar,NO,,20,
logistics,fleet_alerts,table,6,severity,character varying,varchar,NO,,12,
logistics,fleet_alerts,table,7,message,text,text,NO,,,
logistics,fleet_alerts,table,8,value,numeric,numeric,YES,,,
logistics,fleet_alerts,table,9,status,character varying,varchar,NO,'open'::character varying,12,
logistics,fleet_alerts,table,10,first_seen_at,timestamp with time zone,timestamptz,NO,CURRENT_TIMESTAMP,,
logistics,fleet_alerts,table,11,last_seen_at,timestamp with time zone,timestamptz,NO,CURRENT_TIMESTAMP,,
logistics,fleet_alerts,table,12,acknowledged_at,timestamp with time zone,timestamptz,YES,,,
logistics,fleet_alerts,table,13,acknowledged_by,uuid,uuid,YES,,,
logistics,fleet_alerts,table,14,resolved_at,timestamp with time zone,timestamptz,YES,,,
logistics,fleet_alerts,table,15,created_at,timestamp with time zone,timestamptz,NO,CURRENT_TIMESTAMP,,
logistics,fuel_transactions,table,1,id,uuid,uuid,NO,gen_random_uuid(),,
logistics,fuel_transactions,table,2,tenant_id,uuid,uuid,NO,,,1
logistics,fuel_transactions,table,3,vehicle_id,uuid,uuid,NO,,,
logistics,fuel_transactions,table,4,driver_id,uuid,uuid,YES,,,
logistics,fuel_transactions,table,5,liters,numeric,numeric,NO,,,
logistics,fuel_transactions,table,6,amount,numeric,numeric,NO,'0'::numeric,,
logistics,fuel_transactions,table,7,odometer_km,integer,int4,YES,,,
logistics,fuel_transactions,table,8,station,character varying,varchar,YES,,200,
logistics,fuel_transactions,table,9,loaded_at,timestamp with time zone,timestamptz,NO,CURRENT_TIMESTAMP,,
logistics,fuel_transactions,table,10,notes,text,text,YES,,,
logistics,fuel_transactions,table,11,created_at,timestamp with time zone,timestamptz,NO,CURRENT_TIMESTAMP,,
logistics,fuel_transactions,table,12,created_by,uuid,uuid,YES,,,
logistics,fuel_transactions,table,13,deleted_at,timestamp with time zone,timestamptz,YES,,,
logistics,guide_recipients,table,1,id,uuid,uuid,NO,gen_random_uuid(),,
logistics,guide_recipients,table,2,tenant_id,uuid,uuid,NO,,,1
logistics,guide_recipients,table,3,guide_id,uuid,uuid,NO,,,
logistics,guide_recipients,table,4,customer_id,uuid,uuid,YES,,,
logistics,guide_recipients,table,5,customer_name,character varying,varchar,NO,,200,
logistics,guide_recipients,table,6,address,text,text,YES,,,
logistics,guide_recipients,table,7,boxes_count,integer,int4,NO,0,,
logistics,guide_recipients,table,8,weight_kg,numeric,numeric,NO,'0'::numeric,,
logistics,guide_recipients,table,9,value,numeric,numeric,NO,'0'::numeric,,
logistics,guide_recipients,table,10,status,character varying,varchar,NO,'pendiente'::character varying,30,
logistics,guide_recipients,table,11,delivered_at,timestamp with time zone,timestamptz,YES,,,
logistics,guide_recipients,table,12,delivered_to,character varying,varchar,YES,,200,
logistics,guide_recipients,table,13,proof_photo_url,character varying,varchar,YES,,500,
logistics,guide_recipients,table,14,gps_lat,numeric,numeric,YES,,,
logistics,guide_recipients,table,15,gps_lng,numeric,numeric,YES,,,
logistics,guide_recipients,table,16,notes,text,text,YES,,,
logistics,guide_recipients,table,17,created_at,timestamp with time zone,timestamptz,NO,CURRENT_TIMESTAMP,,
logistics,guide_recipients,table,18,created_by,uuid,uuid,YES,,,
logistics,guide_recipients,table,19,updated_at,timestamp with time zone,timestamptz,NO,CURRENT_TIMESTAMP,,
logistics,guide_recipients,table,20,updated_by,uuid,uuid,YES,,,
logistics,guide_recipients,table,21,fiscal_address,jsonb,jsonb,YES,,,
logistics,guide_recipients,table,22,order_id,uuid,uuid,YES,,,
logistics,guide_recipients,table,23,sequence_order,integer,int4,YES,,,
logistics,guide_recipients,table,24,incident_type,character varying,varchar,YES,,30,
logistics,guide_recipients,table,25,incident_notes,text,text,YES,,,
logistics,guide_recipients,table,26,attempted_at,timestamp without time zone,timestamp,YES,,,
logistics,guide_recipients,table,27,delivered_signature_url,text,text,YES,,,
logistics,guide_recipients,table,28,kepler_folio,character varying,varchar,YES,,40,
logistics,guide_recipients,table,29,kepler_serie,character varying,varchar,YES,,40,
logistics,guide_recipients,table,30,kepler_warehouse_code,character varying,varchar,YES,,10,
logistics,guide_recipients,table,31,items_snapshot,jsonb,jsonb,YES,,,
logistics,guide_recipients,table,32,collect_on_delivery,boolean,bool,NO,false,,
logistics,guide_recipients,table,33,amount_to_collect,numeric,numeric,YES,,,
logistics,home_delivery_warehouses,table,1,id,uuid,uuid,NO,gen_random_uuid(),,
logistics,home_delivery_warehouses,table,2,tenant_id,uuid,uuid,NO,,,1
logistics,home_delivery_warehouses,table,3,warehouse_code,character varying,varchar,NO,,10,
logistics,home_delivery_warehouses,table,4,name,character varying,varchar,YES,,120,
logistics,home_delivery_warehouses,table,5,enabled,boolean,bool,NO,true,,
logistics,home_delivery_warehouses,table,6,created_at,timestamp with time zone,timestamptz,NO,CURRENT_TIMESTAMP,,
logistics,home_delivery_warehouses,table,7,updated_at,timestamp with time zone,timestamptz,NO,CURRENT_TIMESTAMP,,
logistics,home_delivery_warehouses,table,8,lat,numeric,numeric,YES,,,
logistics,home_delivery_warehouses,table,9,lng,numeric,numeric,YES,,,
logistics,home_delivery_warehouses,table,10,warehouse_id,uuid,uuid,YES,,,
logistics,liquidations,table,1,id,uuid,uuid,NO,gen_random_uuid(),,
logistics,liquidations,table,2,tenant_id,uuid,uuid,NO,,,1
logistics,liquidations,table,3,driver_id,uuid,uuid,NO,,,
logistics,liquidations,table,4,period_id,uuid,uuid,NO,,,
logistics,liquidations,table,5,per_diem_amount,numeric,numeric,NO,'0'::numeric,,
logistics,liquidations,table,6,commissions_amount,numeric,numeric,NO,'0'::numeric,,
logistics,liquidations,table,7,load_unload_amount,numeric,numeric,NO,'0'::numeric,,
logistics,liquidations,table,8,bonuses,numeric,numeric,NO,'0'::numeric,,
logistics,liquidations,table,9,deductions,numeric,numeric,NO,'0'::numeric,,
logistics,liquidations,table,10,subtotal,numeric,numeric,NO,'0'::numeric,,
logistics,liquidations,table,11,net_amount,numeric,numeric,NO,'0'::numeric,,
logistics,liquidations,table,12,status,character varying,varchar,NO,'calculado'::character varying,20,
logistics,liquidations,table,13,paid_at,timestamp with time zone,timestamptz,YES,,,
logistics,liquidations,table,14,notes,text,text,YES,,,
logistics,liquidations,table,15,created_at,timestamp with time zone,timestamptz,NO,CURRENT_TIMESTAMP,,
logistics,liquidations,table,16,created_by,uuid,uuid,YES,,,
logistics,liquidations,table,17,updated_at,timestamp with time zone,timestamptz,NO,CURRENT_TIMESTAMP,,
logistics,liquidations,table,18,updated_by,uuid,uuid,YES,,,
logistics,load_details,table,1,id,uuid,uuid,NO,gen_random_uuid(),,
logistics,load_details,table,2,tenant_id,uuid,uuid,NO,,,1
logistics,load_details,table,3,shipment_id,uuid,uuid,NO,,,
logistics,load_details,table,4,driver_id,uuid,uuid,NO,,,
logistics,load_details,table,5,rate,numeric,numeric,NO,'0'::numeric,,
logistics,load_details,table,6,role_at_time,character varying,varchar,YES,,30,
logistics,load_details,table,7,notes,text,text,YES,,,
logistics,load_details,table,8,created_at,timestamp with time zone,timestamptz,NO,CURRENT_TIMESTAMP,,
logistics,load_details,table,9,created_by,uuid,uuid,YES,,,
logistics,payroll_adjustments,table,1,id,uuid,uuid,NO,gen_random_uuid(),,
logistics,payroll_adjustments,table,2,tenant_id,uuid,uuid,NO,,,1
logistics,payroll_adjustments,table,3,driver_id,uuid,uuid,NO,,,
logistics,payroll_adjustments,table,4,period_id,uuid,uuid,NO,,,
logistics,payroll_adjustments,table,5,type,character varying,varchar,NO,,20,
logistics,payroll_adjustments,table,6,amount,numeric,numeric,NO,,,
logistics,payroll_adjustments,table,7,date,date,date,NO,,,
logistics,payroll_adjustments,table,8,notes,text,text,YES,,,
logistics,payroll_adjustments,table,9,created_at,timestamp with time zone,timestamptz,NO,CURRENT_TIMESTAMP,,
logistics,payroll_adjustments,table,10,created_by,uuid,uuid,YES,,,
logistics,payroll_adjustments,table,11,updated_at,timestamp with time zone,timestamptz,NO,CURRENT_TIMESTAMP,,
logistics,payroll_adjustments,table,12,updated_by,uuid,uuid,YES,,,
logistics,payroll_periods,table,1,id,uuid,uuid,NO,gen_random_uuid(),,
logistics,payroll_periods,table,2,tenant_id,uuid,uuid,NO,,,1
logistics,payroll_periods,table,3,number,integer,int4,NO,,,
logistics,payroll_periods,table,4,year,integer,int4,NO,,,
logistics,payroll_periods,table,5,start_date,date,date,NO,,,
logistics,payroll_periods,table,6,end_date,date,date,NO,,,
logistics,payroll_periods,table,7,payment_date,date,date,NO,,,
logistics,payroll_periods,table,8,status,character varying,varchar,NO,'abierto'::character varying,20,
logistics,payroll_periods,table,9,notes,text,text,YES,,,
logistics,payroll_periods,table,10,created_at,timestamp with time zone,timestamptz,NO,CURRENT_TIMESTAMP,,
logistics,payroll_periods,table,11,created_by,uuid,uuid,YES,,,
logistics,payroll_periods,table,12,updated_at,timestamp with time zone,timestamptz,NO,CURRENT_TIMESTAMP,,
logistics,payroll_periods,table,13,updated_by,uuid,uuid,YES,,,
logistics,route_expense_types,table,1,code,integer,int4,NO,,,
logistics,route_expense_types,table,2,tenant_id,uuid,uuid,NO,,,1
logistics,route_expense_types,table,3,nombre,character varying,varchar,NO,,80,
logistics,route_expense_types,table,4,lleva_litros,boolean,bool,NO,false,,
logistics,route_expense_types,table,5,activo,boolean,bool,NO,true,,
logistics,route_expense_types,table,6,notes,text,text,YES,,,
logistics,route_expense_types,table,7,created_at,timestamp with time zone,timestamptz,NO,CURRENT_TIMESTAMP,,
logistics,route_expense_types,table,8,updated_at,timestamp with time zone,timestamptz,NO,CURRENT_TIMESTAMP,,
logistics,route_expense_types,table,9,created_by,uuid,uuid,YES,,,
logistics,route_expense_types,table,10,updated_by,uuid,uuid,YES,,,
logistics,route_expenses,table,1,id,uuid,uuid,NO,gen_random_uuid(),,
logistics,route_expenses,table,2,tenant_id,uuid,uuid,NO,,,1
logistics,route_expenses,table,3,route_code,character varying,varchar,NO,,24,
logistics,route_expenses,table,4,expense_date,date,date,NO,,,
logistics,route_expenses,table,5,expense_type,integer,int4,NO,0,,
logistics,route_expenses,table,6,folio,character varying,varchar,NO,''::character varying,64,
logistics,route_expenses,table,7,supplier,character varying,varchar,YES,,200,
logistics,route_expenses,table,8,description,character varying,varchar,YES,,300,
logistics,route_expenses,table,9,liters,numeric,numeric,YES,,,
logistics,route_expenses,table,10,total,numeric,numeric,NO,,,
logistics,route_expenses,table,11,is_remote,boolean,bool,NO,false,,
logistics,route_expenses,table,12,vehicle_id,uuid,uuid,YES,,,
logistics,route_expenses,table,13,period_no,integer,int4,YES,,,
logistics,route_expenses,table,14,source,character varying,varchar,NO,'captura_web'::character varying,24,
logistics,route_expenses,table,15,notes,text,text,YES,,,
logistics,route_expenses,table,16,created_at,timestamp with time zone,timestamptz,NO,CURRENT_TIMESTAMP,,
logistics,route_expenses,table,17,updated_at,timestamp with time zone,timestamptz,NO,CURRENT_TIMESTAMP,,
logistics,route_expenses,table,18,created_by,uuid,uuid,YES,,,
logistics,route_expenses,table,19,updated_by,uuid,uuid,YES,,,
logistics,route_expenses,table,20,deleted_at,timestamp with time zone,timestamptz,YES,,,
logistics,route_expenses,table,21,deleted_by,uuid,uuid,YES,,,
logistics,route_odometer,table,1,id,uuid,uuid,NO,gen_random_uuid(),,
logistics,route_odometer,table,2,tenant_id,uuid,uuid,NO,,,1
logistics,route_odometer,table,3,route_code,character varying,varchar,NO,,24,
logistics,route_odometer,table,4,anio,integer,int4,NO,,,
logistics,route_odometer,table,5,period_no,integer,int4,NO,,,
logistics,route_odometer,table,6,km_inicial,integer,int4,YES,,,
logistics,route_odometer,table,7,km_final,integer,int4,YES,,,
logistics,route_odometer,table,8,unidad,character varying,varchar,YES,,80,
logistics,route_odometer,table,9,vehicle_id,uuid,uuid,YES,,,
logistics,route_odometer,table,10,source,character varying,varchar,NO,'captura_web'::character varying,24,
logistics,route_odometer,table,11,notes,text,text,YES,,,
logistics,route_odometer,table,12,created_at,timestamp with time zone,timestamptz,NO,CURRENT_TIMESTAMP,,
logistics,route_odometer,table,13,updated_at,timestamp with time zone,timestamptz,NO,CURRENT_TIMESTAMP,,
logistics,route_odometer,table,14,created_by,uuid,uuid,YES,,,
logistics,route_odometer,table,15,updated_by,uuid,uuid,YES,,,
logistics,route_odometer,table,16,deleted_at,timestamp with time zone,timestamptz,YES,,,
logistics,route_odometer,table,17,deleted_by,uuid,uuid,YES,,,
logistics,route_optimizations,table,1,id,uuid,uuid,NO,gen_random_uuid(),,
logistics,route_optimizations,table,2,tenant_id,uuid,uuid,NO,,,1
logistics,route_optimizations,table,3,shipment_id,uuid,uuid,NO,,,
logistics,route_optimizations,table,4,naive_km,numeric,numeric,NO,'0'::numeric,,
logistics,route_optimizations,table,5,optimized_km,numeric,numeric,NO,'0'::numeric,,
logistics,route_optimizations,table,6,saved_km,numeric,numeric,NO,'0'::numeric,,
logistics,route_optimizations,table,7,stops,integer,int4,NO,0,,
logistics,route_optimizations,table,8,created_at,timestamp with time zone,timestamptz,NO,CURRENT_TIMESTAMP,,
logistics,route_optimizations,table,9,created_by,uuid,uuid,YES,,,
logistics,routes,table,1,id,uuid,uuid,NO,gen_random_uuid(),,
logistics,routes,table,2,tenant_id,uuid,uuid,NO,,,1
logistics,routes,table,3,name,character varying,varchar,NO,,200,
logistics,routes,table,4,origin,character varying,varchar,YES,,200,
logistics,routes,table,5,destination,character varying,varchar,YES,,200,
logistics,routes,table,6,estimated_km,numeric,numeric,YES,,,
logistics,routes,table,7,driver_commission,numeric,numeric,NO,'0'::numeric,,
logistics,routes,table,8,helper_commission,numeric,numeric,NO,'0'::numeric,,
logistics,routes,table,9,active,boolean,bool,NO,true,,
logistics,routes,table,10,notes,text,text,YES,,,
logistics,routes,table,11,created_at,timestamp with time zone,timestamptz,NO,CURRENT_TIMESTAMP,,
logistics,routes,table,12,created_by,uuid,uuid,YES,,,
logistics,routes,table,13,updated_at,timestamp with time zone,timestamptz,NO,CURRENT_TIMESTAMP,,
logistics,routes,table,14,updated_by,uuid,uuid,YES,,,
logistics,routes,table,15,deleted_at,timestamp with time zone,timestamptz,YES,,,
logistics,routes,table,16,deleted_by,uuid,uuid,YES,,,
logistics,sequences,table,1,tenant_id,uuid,uuid,NO,,,1
logistics,sequences,table,2,prefix,character varying,varchar,NO,,20,
logistics,sequences,table,3,year,integer,int4,NO,,,
logistics,sequences,table,4,current_value,integer,int4,NO,0,,
logistics,sequences,table,5,created_at,timestamp with time zone,timestamptz,NO,CURRENT_TIMESTAMP,,
logistics,sequences,table,6,updated_at,timestamp with time zone,timestamptz,NO,CURRENT_TIMESTAMP,,
logistics,shipment_checklists,table,1,id,uuid,uuid,NO,gen_random_uuid(),,
logistics,shipment_checklists,table,2,tenant_id,uuid,uuid,NO,,,1
logistics,shipment_checklists,table,3,shipment_id,uuid,uuid,NO,,,
logistics,shipment_checklists,table,4,type,character varying,varchar,NO,,20,
logistics,shipment_checklists,table,5,status,character varying,varchar,NO,'pendiente'::character varying,20,
logistics,shipment_checklists,table,6,items,jsonb,jsonb,NO,,,
logistics,shipment_checklists,table,7,responses,jsonb,jsonb,YES,,,
logistics,shipment_checklists,table,8,driver_id,uuid,uuid,YES,,,
logistics,shipment_checklists,table,9,signed_by_user_id,uuid,uuid,YES,,,
logistics,shipment_checklists,table,10,completed_at,timestamp with time zone,timestamptz,YES,,,
logistics,shipment_checklists,table,11,notes,text,text,YES,,,
logistics,shipment_checklists,table,12,created_at,timestamp with time zone,timestamptz,NO,CURRENT_TIMESTAMP,,
logistics,shipment_checklists,table,13,created_by,uuid,uuid,YES,,,
logistics,shipment_checklists,table,14,updated_at,timestamp with time zone,timestamptz,NO,CURRENT_TIMESTAMP,,
logistics,shipment_checklists,table,15,updated_by,uuid,uuid,YES,,,
logistics,shipment_expenses,table,1,id,uuid,uuid,NO,gen_random_uuid(),,
logistics,shipment_expenses,table,2,tenant_id,uuid,uuid,NO,,,1
logistics,shipment_expenses,table,3,shipment_id,uuid,uuid,NO,,,
logistics,shipment_expenses,table,4,fuel,numeric,numeric,NO,'0'::numeric,,
logistics,shipment_expenses,table,5,tolls,numeric,numeric,NO,'0'::numeric,,
logistics,shipment_expenses,table,6,lodging,numeric,numeric,NO,'0'::numeric,,
logistics,shipment_expenses,table,7,parking,numeric,numeric,NO,'0'::numeric,,
logistics,shipment_expenses,table,8,permits,numeric,numeric,NO,'0'::numeric,,
logistics,shipment_expenses,table,9,repairs,numeric,numeric,NO,'0'::numeric,,
logistics,shipment_expenses,table,10,external_helpers,numeric,numeric,NO,'0'::numeric,,
logistics,shipment_expenses,table,11,handling,numeric,numeric,NO,'0'::numeric,,
logistics,shipment_expenses,table,12,driver_per_diem,numeric,numeric,NO,'0'::numeric,,
logistics,shipment_expenses,table,13,other,numeric,numeric,NO,'0'::numeric,,
logistics,shipment_expenses,table,14,operating_subtotal,numeric,numeric,NO,'0'::numeric,,
logistics,shipment_expenses,table,15,fixed_cost_per_km,numeric,numeric,NO,'0'::numeric,,
logistics,shipment_expenses,table,16,total_cost,numeric,numeric,NO,'0'::numeric,,
logistics,shipment_expenses,table,17,extras,jsonb,jsonb,YES,,,
logistics,shipment_expenses,table,18,notes,text,text,YES,,,
logistics,shipment_expenses,table,19,created_at,timestamp with time zone,timestamptz,NO,CURRENT_TIMESTAMP,,
logistics,shipment_expenses,table,20,created_by,uuid,uuid,YES,,,
logistics,shipment_expenses,table,21,updated_at,timestamp with time zone,timestamptz,NO,CURRENT_TIMESTAMP,,
logistics,shipment_expenses,table,22,updated_by,uuid,uuid,YES,,,
logistics,shipment_photos,table,1,id,uuid,uuid,NO,gen_random_uuid(),,
logistics,shipment_photos,table,2,tenant_id,uuid,uuid,NO,,,1
logistics,shipment_photos,table,3,shipment_id,uuid,uuid,NO,,,
logistics,shipment_photos,table,4,guide_id,uuid,uuid,YES,,,
logistics,shipment_photos,table,5,driver_id,uuid,uuid,YES,,,
logistics,shipment_photos,table,6,uploaded_by_user_id,uuid,uuid,YES,,,
logistics,shipment_photos,table,7,category,character varying,varchar,NO,'other'::character varying,30,
logistics,shipment_photos,table,8,url,character varying,varchar,NO,,500,
logistics,shipment_photos,table,9,cloudinary_public_id,character varying,varchar,YES,,300,
logistics,shipment_photos,table,10,description,text,text,YES,,,
logistics,shipment_photos,table,11,gps_lat,numeric,numeric,YES,,,
logistics,shipment_photos,table,12,gps_lng,numeric,numeric,YES,,,
logistics,shipment_photos,table,13,captured_at,timestamp with time zone,timestamptz,YES,,,
logistics,shipment_photos,table,14,uploaded_at,timestamp with time zone,timestamptz,NO,CURRENT_TIMESTAMP,,
logistics,shipment_photos,table,15,deleted_at,timestamp with time zone,timestamptz,YES,,,
logistics,shipment_photos,table,16,deleted_by,uuid,uuid,YES,,,
logistics,shipments,table,1,id,uuid,uuid,NO,gen_random_uuid(),,
logistics,shipments,table,2,tenant_id,uuid,uuid,NO,,,1
logistics,shipments,table,3,folio,character varying,varchar,NO,,30,
logistics,shipments,table,4,shipment_date,date,date,NO,,,
logistics,shipments,table,5,vehicle_id,uuid,uuid,YES,,,
logistics,shipments,table,6,route_id,uuid,uuid,YES,,,
logistics,shipments,table,7,order_id,uuid,uuid,YES,,,
logistics,shipments,table,8,origin,character varying,varchar,YES,,200,
logistics,shipments,table,9,destination,character varying,varchar,YES,,200,
logistics,shipments,table,10,actual_km,integer,int4,YES,,,
logistics,shipments,table,11,freight_revenue,numeric,numeric,NO,'0'::numeric,,
logistics,shipments,table,12,cargo_value,numeric,numeric,NO,'0'::numeric,,
logistics,shipments,table,13,boxes_count,integer,int4,NO,0,,
logistics,shipments,table,14,total_weight_kg,numeric,numeric,NO,'0'::numeric,,
logistics,shipments,table,15,type,character varying,varchar,NO,'entrega'::character varying,30,
logistics,shipments,table,16,status,character varying,varchar,NO,'programado'::character varying,30,
logistics,shipments,table,17,departure_at,timestamp with time zone,timestamptz,YES,,,
logistics,shipments,table,18,arrival_at,timestamp with time zone,timestamptz,YES,,,
logistics,shipments,table,19,closed_at,timestamp with time zone,timestamptz,YES,,,
logistics,shipments,table,20,notes,text,text,YES,,,
logistics,shipments,table,21,created_at,timestamp with time zone,timestamptz,NO,CURRENT_TIMESTAMP,,
logistics,shipments,table,22,created_by,uuid,uuid,YES,,,
logistics,shipments,table,23,updated_at,timestamp with time zone,timestamptz,NO,CURRENT_TIMESTAMP,,
logistics,shipments,table,24,updated_by,uuid,uuid,YES,,,
logistics,shipments,table,25,deleted_at,timestamp with time zone,timestamptz,YES,,,
logistics,shipments,table,26,deleted_by,uuid,uuid,YES,,,
logistics,trackers,table,1,id,uuid,uuid,NO,gen_random_uuid(),,
logistics,trackers,table,2,tenant_id,uuid,uuid,NO,,,1
logistics,trackers,table,3,provider,character varying,varchar,NO,'magnitracking'::character varying,40,
logistics,trackers,table,4,imei,character varying,varchar,NO,,48,
logistics,trackers,table,5,external_name,text,text,YES,,,
logistics,trackers,table,6,sim_number,character varying,varchar,YES,,30,
logistics,trackers,table,7,protocol,character varying,varchar,YES,,40,
logistics,trackers,table,8,object_type,character varying,varchar,YES,,20,
logistics,trackers,table,9,vehicle_id,uuid,uuid,YES,,,
logistics,trackers,table,10,route_code,character varying,varchar,YES,,20,
logistics,trackers,table,11,last_lat,numeric,numeric,YES,,,
logistics,trackers,table,12,last_lng,numeric,numeric,YES,,,
logistics,trackers,table,13,last_speed_kmh,integer,int4,YES,,,
logistics,trackers,table,14,last_heading,integer,int4,YES,,,
logistics,trackers,table,15,last_ignition,boolean,bool,YES,,,
logistics,trackers,table,16,last_odometer,bigint,int8,YES,,,
logistics,trackers,table,17,last_status,character varying,varchar,YES,,12,
logistics,trackers,table,18,last_status_text,text,text,YES,,,
logistics,trackers,table,19,last_seen_at,timestamp with time zone,timestamptz,YES,,,
logistics,trackers,table,20,last_synced_at,timestamp with time zone,timestamptz,YES,,,
logistics,trackers,table,21,active,boolean,bool,NO,true,,
logistics,trackers,table,22,created_at,timestamp with time zone,timestamptz,NO,CURRENT_TIMESTAMP,,
logistics,trackers,table,23,created_by,uuid,uuid,YES,,,
logistics,trackers,table,24,updated_at,timestamp with time zone,timestamptz,NO,CURRENT_TIMESTAMP,,
logistics,trackers,table,25,updated_by,uuid,uuid,YES,,,
logistics,trackers,table,26,deleted_at,timestamp with time zone,timestamptz,YES,,,
logistics,trackers,table,27,deleted_by,uuid,uuid,YES,,,
logistics,trackers,table,28,route_number,integer,int4,YES,,,
logistics,trackers,table,29,route_manual,boolean,bool,NO,false,,
logistics,trackers,table,30,operator_id,character varying,varchar,YES,,64,
logistics,trackers,table,31,operator_name,character varying,varchar,YES,,160,
logistics,unload_details,table,1,id,uuid,uuid,NO,gen_random_uuid(),,
logistics,unload_details,table,2,tenant_id,uuid,uuid,NO,,,1
logistics,unload_details,table,3,shipment_id,uuid,uuid,NO,,,
logistics,unload_details,table,4,driver_id,uuid,uuid,NO,,,
logistics,unload_details,table,5,amount,numeric,numeric,NO,'0'::numeric,,
logistics,unload_details,table,6,type,character varying,varchar,NO,,20,
logistics,unload_details,table,7,role_at_time,character varying,varchar,YES,,30,
logistics,unload_details,table,8,notes,text,text,YES,,,
logistics,unload_details,table,9,created_at,timestamp with time zone,timestamptz,NO,CURRENT_TIMESTAMP,,
logistics,unload_details,table,10,created_by,uuid,uuid,YES,,,
logistics,vehicle_assignments,table,1,id,uuid,uuid,NO,gen_random_uuid(),,
logistics,vehicle_assignments,table,2,tenant_id,uuid,uuid,NO,,,1
logistics,vehicle_assignments,table,3,folio,character varying,varchar,NO,,40,
logistics,vehicle_assignments,table,4,vehicle_id,uuid,uuid,NO,,,
logistics,vehicle_assignments,table,5,responsible_driver_id,uuid,uuid,YES,,,
logistics,vehicle_assignments,table,6,driver_id,uuid,uuid,YES,,,
logistics,vehicle_assignments,table,7,area,character varying,varchar,YES,,120,
logistics,vehicle_assignments,table,8,warehouse_code,character varying,varchar,YES,,10,
logistics,vehicle_assignments,table,9,odometer,numeric,numeric,YES,,,
logistics,vehicle_assignments,table,10,assigned_on,date,date,NO,,,
logistics,vehicle_assignments,table,11,released_on,date,date,YES,,,
logistics,vehicle_assignments,table,12,condition,jsonb,jsonb,YES,,,
logistics,vehicle_assignments,table,13,condition_template,character varying,varchar,YES,,40,
logistics,vehicle_assignments,table,14,observations,text,text,YES,,,
logistics,vehicle_assignments,table,15,scan_url,text,text,YES,,,
logistics,vehicle_assignments,table,16,signature_url,text,text,YES,,,
logistics,vehicle_assignments,table,17,status,character varying,varchar,NO,'vigente'::character varying,20,
logistics,vehicle_assignments,table,18,created_at,timestamp with time zone,timestamptz,NO,CURRENT_TIMESTAMP,,
logistics,vehicle_assignments,table,19,created_by,uuid,uuid,YES,,,
logistics,vehicle_assignments,table,20,updated_at,timestamp with time zone,timestamptz,NO,CURRENT_TIMESTAMP,,
logistics,vehicle_assignments,table,21,updated_by,uuid,uuid,YES,,,
logistics,vehicle_assignments,table,22,deleted_at,timestamp with time zone,timestamptz,YES,,,
logistics,vehicle_assignments,table,23,deleted_by,uuid,uuid,YES,,,
logistics,vehicle_day_summary,table,1,id,uuid,uuid,NO,gen_random_uuid(),,
logistics,vehicle_day_summary,table,2,tenant_id,uuid,uuid,NO,,,1
logistics,vehicle_day_summary,table,3,vehicle_id,uuid,uuid,NO,,,
logistics,vehicle_day_summary,table,4,day,date,date,NO,,,
logistics,vehicle_day_summary,table,5,km_driven,numeric,numeric,NO,'0'::numeric,,
logistics,vehicle_day_summary,table,6,moving_min,integer,int4,NO,0,,
logistics,vehicle_day_summary,table,7,stopped_min,integer,int4,NO,0,,
logistics,vehicle_day_summary,table,8,offline_min,integer,int4,NO,0,,
logistics,vehicle_day_summary,table,9,stops_count,integer,int4,NO,0,,
logistics,vehicle_day_summary,table,10,customer_stops,integer,int4,NO,0,,
logistics,vehicle_day_summary,table,11,first_move_at,timestamp with time zone,timestamptz,YES,,,
logistics,vehicle_day_summary,table,12,last_stop_at,timestamp with time zone,timestamptz,YES,,,
logistics,vehicle_day_summary,table,13,max_speed_kmh,integer,int4,YES,,,
logistics,vehicle_day_summary,table,14,updated_at,timestamp with time zone,timestamptz,NO,CURRENT_TIMESTAMP,,
logistics,vehicle_entitlements,table,1,id,uuid,uuid,NO,gen_random_uuid(),,
logistics,vehicle_entitlements,table,2,tenant_id,uuid,uuid,NO,,,1
logistics,vehicle_entitlements,table,3,driver_id,uuid,uuid,NO,,,
logistics,vehicle_entitlements,table,4,vehicle_id,uuid,uuid,NO,,,
logistics,vehicle_entitlements,table,5,capacity,character varying,varchar,NO,'chofer'::character varying,30,
logistics,vehicle_entitlements,table,6,valid_from,date,date,NO,CURRENT_TIMESTAMP,,
logistics,vehicle_entitlements,table,7,valid_to,date,date,YES,,,
logistics,vehicle_entitlements,table,8,source,text,text,YES,,,
logistics,vehicle_entitlements,table,9,notes,text,text,YES,,,
logistics,vehicle_entitlements,table,10,created_at,timestamp with time zone,timestamptz,NO,CURRENT_TIMESTAMP,,
logistics,vehicle_entitlements,table,11,created_by,uuid,uuid,YES,,,
logistics,vehicle_entitlements,table,12,updated_at,timestamp with time zone,timestamptz,NO,CURRENT_TIMESTAMP,,
logistics,vehicle_entitlements,table,13,updated_by,uuid,uuid,YES,,,
logistics,vehicle_entitlements,table,14,deleted_at,timestamp with time zone,timestamptz,YES,,,
logistics,vehicle_entitlements,table,15,deleted_by,uuid,uuid,YES,,,
logistics,vehicle_maintenance,table,1,id,uuid,uuid,NO,gen_random_uuid(),,
logistics,vehicle_maintenance,table,2,tenant_id,uuid,uuid,NO,,,1
logistics,vehicle_maintenance,table,3,vehicle_id,uuid,uuid,NO,,,
logistics,vehicle_maintenance,table,4,type,character varying,varchar,NO,,30,
logistics,vehicle_maintenance,table,5,service_date,date,date,NO,,,
logistics,vehicle_maintenance,table,6,km_at_service,integer,int4,YES,,,
logistics,vehicle_maintenance,table,7,vendor,character varying,varchar,YES,,200,
logistics,vehicle_maintenance,table,8,description,character varying,varchar,NO,,500,
logistics,vehicle_maintenance,table,9,cost,numeric,numeric,NO,'0'::numeric,,
logistics,vehicle_maintenance,table,10,next_service_date,date,date,YES,,,
logistics,vehicle_maintenance,table,11,next_service_km,integer,int4,YES,,,
logistics,vehicle_maintenance,table,12,notes,text,text,YES,,,
logistics,vehicle_maintenance,table,13,created_at,timestamp with time zone,timestamptz,NO,CURRENT_TIMESTAMP,,
logistics,vehicle_maintenance,table,14,created_by,uuid,uuid,YES,,,
logistics,vehicle_maintenance,table,15,updated_at,timestamp with time zone,timestamptz,NO,CURRENT_TIMESTAMP,,
logistics,vehicle_maintenance,table,16,updated_by,uuid,uuid,YES,,,
logistics,vehicle_maintenance,table,17,deleted_at,timestamp with time zone,timestamptz,YES,,,
logistics,vehicle_positions,table,1,id,uuid,uuid,NO,gen_random_uuid(),,
logistics,vehicle_positions,table,2,tenant_id,uuid,uuid,NO,,,1
logistics,vehicle_positions,table,3,tracker_id,uuid,uuid,NO,,,
logistics,vehicle_positions,table,4,vehicle_id,uuid,uuid,YES,,,
logistics,vehicle_positions,table,5,captured_at,timestamp with time zone,timestamptz,NO,,,
logistics,vehicle_positions,table,6,lat,numeric,numeric,NO,,,
logistics,vehicle_positions,table,7,lng,numeric,numeric,NO,,,
logistics,vehicle_positions,table,8,speed_kmh,integer,int4,YES,,,
logistics,vehicle_positions,table,9,heading,integer,int4,YES,,,
logistics,vehicle_positions,table,10,ignition,boolean,bool,YES,,,
logistics,vehicle_positions,table,11,odometer,bigint,int8,YES,,,
logistics,vehicle_positions,table,12,altitude,integer,int4,YES,,,
logistics,vehicle_positions,table,13,status,character varying,varchar,YES,,12,
logistics,vehicle_positions,table,14,created_at,timestamp with time zone,timestamptz,NO,CURRENT_TIMESTAMP,,
logistics,vehicle_stops,table,1,id,uuid,uuid,NO,gen_random_uuid(),,
logistics,vehicle_stops,table,2,tenant_id,uuid,uuid,NO,,,1
logistics,vehicle_stops,table,3,vehicle_id,uuid,uuid,NO,,,
logistics,vehicle_stops,table,4,arrived_at,timestamp with time zone,timestamptz,NO,,,
logistics,vehicle_stops,table,5,left_at,timestamp with time zone,timestamptz,NO,,,
logistics,vehicle_stops,table,6,minutes,integer,int4,NO,,,
logistics,vehicle_stops,table,7,lat,numeric,numeric,NO,,,
logistics,vehicle_stops,table,8,lng,numeric,numeric,NO,,,
logistics,vehicle_stops,table,9,matched_customer_id,uuid,uuid,YES,,,
logistics,vehicle_stops,table,10,matched_store_id,uuid,uuid,YES,,,
logistics,vehicle_stops,table,11,match_distance_m,integer,int4,YES,,,
logistics,vehicle_stops,table,12,is_customer,boolean,bool,NO,false,,
logistics,vehicle_stops,table,13,created_at,timestamp with time zone,timestamptz,NO,CURRENT_TIMESTAMP,,
logistics,vehicle_usage_logs,table,1,id,uuid,uuid,NO,gen_random_uuid(),,
logistics,vehicle_usage_logs,table,2,tenant_id,uuid,uuid,NO,,,1
logistics,vehicle_usage_logs,table,3,vehicle_id,uuid,uuid,NO,,,
logistics,vehicle_usage_logs,table,4,driver_id,uuid,uuid,YES,,,
logistics,vehicle_usage_logs,table,5,shipment_id,uuid,uuid,YES,,,
logistics,vehicle_usage_logs,table,6,check_in_at,timestamp with time zone,timestamptz,NO,CURRENT_TIMESTAMP,,
logistics,vehicle_usage_logs,table,7,check_in_km,integer,int4,NO,,,
logistics,vehicle_usage_logs,table,8,check_out_at,timestamp with time zone,timestamptz,YES,,,
logistics,vehicle_usage_logs,table,9,check_out_km,integer,int4,YES,,,
logistics,vehicle_usage_logs,table,10,fuel_loaded_liters,numeric,numeric,YES,,,
logistics,vehicle_usage_logs,table,11,check_in_notes,text,text,YES,,,
logistics,vehicle_usage_logs,table,12,check_out_notes,text,text,YES,,,
logistics,vehicle_usage_logs,table,13,status,character varying,varchar,NO,'en_uso'::character varying,20,
logistics,vehicle_usage_logs,table,14,created_at,timestamp with time zone,timestamptz,NO,CURRENT_TIMESTAMP,,
logistics,vehicle_usage_logs,table,15,created_by,uuid,uuid,YES,,,
logistics,vehicle_usage_logs,table,16,updated_at,timestamp with time zone,timestamptz,NO,CURRENT_TIMESTAMP,,
logistics,vehicle_usage_logs,table,17,updated_by,uuid,uuid,YES,,,
logistics,vehicles,table,1,id,uuid,uuid,NO,gen_random_uuid(),,
logistics,vehicles,table,2,tenant_id,uuid,uuid,NO,,,1
logistics,vehicles,table,3,plate,character varying,varchar,NO,,20,
logistics,vehicles,table,4,model,character varying,varchar,YES,,100,
logistics,vehicles,table,5,brand,character varying,varchar,YES,,100,
logistics,vehicles,table,6,year,integer,int4,YES,,,
logistics,vehicles,table,7,fuel_efficiency_km_l,numeric,numeric,YES,,,
logistics,vehicles,table,8,capacity_boxes,integer,int4,YES,,,
logistics,vehicles,table,9,capacity_kg,numeric,numeric,YES,,,
logistics,vehicles,table,10,status,character varying,varchar,NO,'disponible'::character varying,30,
logistics,vehicles,table,11,notes,text,text,YES,,,
logistics,vehicles,table,12,active,boolean,bool,NO,true,,
logistics,vehicles,table,13,created_at,timestamp with time zone,timestamptz,NO,CURRENT_TIMESTAMP,,
logistics,vehicles,table,14,created_by,uuid,uuid,YES,,,
logistics,vehicles,table,15,updated_at,timestamp with time zone,timestamptz,NO,CURRENT_TIMESTAMP,,
logistics,vehicles,table,16,updated_by,uuid,uuid,YES,,,
logistics,vehicles,table,17,deleted_at,timestamp with time zone,timestamptz,YES,,,
logistics,vehicles,table,18,deleted_by,uuid,uuid,YES,,,
logistics,vehicles,table,19,sat_config_vehicular,character varying,varchar,YES,,10,
logistics,vehicles,table,20,gross_weight_kg,numeric,numeric,YES,,,
logistics,vehicles,table,21,insurance_carrier,character varying,varchar,YES,,200,
logistics,vehicles,table,22,insurance_policy,character varying,varchar,YES,,50,
logistics,vehicles,table,23,economic_number,character varying,varchar,YES,,30,
logistics,vehicles,table,24,vin,character varying,varchar,YES,,30,
logistics,vehicles,table,25,engine_number,character varying,varchar,YES,,40,
logistics,vehicles,table,26,color,character varying,varchar,YES,,40,
logistics,vehicles,table,27,current_odometer,numeric,numeric,YES,,,
md,ctl,view,1,sucursal,text,text,YES,,,
md,ctl,view,2,table_name,text,text,YES,,,
md,ctl,view,3,last_ctid,text,text,YES,,,
md,ctl,view,4,rows_last,integer,int4,YES,,,
md,ctl,view,5,changed_last,integer,int4,YES,,,
md,ctl,view,6,last_run_at,timestamp with time zone,timestamptz,YES,,,
md,datfisparams,view,1,sucursal,text,text,YES,,,
md,datfisparams,view,2,k_code,text,text,YES,,,
md,datfisparams,view,3,k_param,text,text,YES,,,
md,doctype,view,1,sucursal,text,text,YES,,,
md,doctype,view,2,k_code,text,text,YES,,,
md,doctype,view,3,k_parent,text,text,YES,,,
md,doctype,view,4,k_dscr,text,text,YES,,,
md,doctype,view,5,k_level,text,text,YES,,,
md,doctype,view,6,k_foliocode,text,text,YES,,,
md,doctype,view,7,k_foliofield,text,text,YES,,,
md,doctype,view,8,k_gender,text,text,YES,,,
md,doctype,view,9,k_nature,text,text,YES,,,
md,doctype,view,10,k_inactive,numeric,numeric,YES,,,
md,doctype,view,11,k_sttstc,text,text,YES,,,
md,doctype,view,12,k_jtype,text,text,YES,,,
md,doctype,view,13,k_doc7,text,text,YES,,,
md,doctype,view,14,k_binv,numeric,numeric,YES,,,
md,doctype,view,15,k_bacr,numeric,numeric,YES,,,
md,doctype,view,16,k_bacc,numeric,numeric,YES,,,
md,doctype,view,17,k_bcash,numeric,numeric,YES,,,
md,doctype,view,18,k_pg,text,text,YES,,,
md,doctype,view,19,k_pgcode,text,text,YES,,,
md,doctype,view,20,k_pginv,text,text,YES,,,
md,doctype,view,21,k_pgprt,text,text,YES,,,
md,doctype,view,22,k_pgacc,text,text,YES,,,
md,k95doc,view,1,sucursal,text,text,YES,,,
md,k95doc,view,2,c1,text,text,YES,,,
md,k95doc,view,3,c2,text,text,YES,,,
md,k95doc,view,4,c3,text,text,YES,,,
md,k95doc,view,5,c4,text,text,YES,,,
md,k95doc,view,6,c5,text,text,YES,,,
md,k95doc,view,7,c6,text,text,YES,,,
md,k95doc,view,8,c7,text,text,YES,,,
md,k95doc,view,9,c8,text,text,YES,,,
md,k95doc,view,10,c9,text,text,YES,,,
md,k95doc,view,11,c10,text,text,YES,,,
md,k95doccat1,view,1,sucursal,text,text,YES,,,
md,k95doccat1,view,2,c1,text,text,YES,,,
md,k95doccat1,view,3,c2,text,text,YES,,,
md,k95doccat2,view,1,sucursal,text,text,YES,,,
md,k95doccat2,view,2,c1,text,text,YES,,,
md,k95doccat2,view,3,c2,text,text,YES,,,
md,k95doccat2,view,4,c3,text,text,YES,,,
md,k95doccat3,view,1,sucursal,text,text,YES,,,
md,k95doccat3,view,2,c1,text,text,YES,,,
md,k95doccat3,view,3,c2,text,text,YES,,,
md,k95doccat3,view,4,c3,text,text,YES,,,
md,k95doccat3,view,5,c4,text,text,YES,,,
md,kdb1,view,1,sucursal,text,text,YES,,,
md,kdb1,view,2,c1,text,text,YES,,,
md,kdb1,view,3,c2,text,text,YES,,,
md,kdb1,view,4,c3,text,text,YES,,,
md,kdb1,view,5,c4,text,text,YES,,,
md,kdb1,view,6,c5,text,text,YES,,,
md,kdb1,view,7,c6,text,text,YES,,,
md,kdb1,view,8,c7,text,text,YES,,,
md,kdb1,view,9,c8,text,text,YES,,,
md,kdb1,view,10,c9,text,text,YES,,,
md,kdb1,view,11,c10,text,text,YES,,,
md,kdb1,view,12,c11,text,text,YES,,,
md,kdb1,view,13,c12,text,text,YES,,,
md,kdb2,view,1,sucursal,text,text,YES,,,
md,kdb2,view,2,c1,timestamp without time zone,timestamp,YES,,,
md,kdb2,view,3,c2,text,text,YES,,,
md,kdb2,view,4,c3,text,text,YES,,,
md,kdb2,view,5,c4,numeric,numeric,YES,,,
md,kdb2,view,6,c5,text,text,YES,,,
md,kdb2,view,7,c6,numeric,numeric,YES,,,
md,kdb2,view,8,c7,numeric,numeric,YES,,,
md,kdb2,view,9,c8,numeric,numeric,YES,,,
md,kdb3,view,1,sucursal,text,text,YES,,,
md,kdb3,view,2,c1,timestamp without time zone,timestamp,YES,,,
md,kdb3,view,3,c2,text,text,YES,,,
md,kdb3,view,4,c3,text,text,YES,,,
md,kdb3,view,5,c4,numeric,numeric,YES,,,
md,kdb3,view,6,c5,text,text,YES,,,
md,kdb3,view,7,c6,numeric,numeric,YES,,,
md,kdb3,view,8,c7,numeric,numeric,YES,,,
md,kdb3,view,9,c8,numeric,numeric,YES,,,
md,kdc124,view,1,sucursal,text,text,YES,,,
md,kdc124,view,2,c1,text,text,YES,,,
md,kdc124,view,3,c2,text,text,YES,,,
md,kdc124,view,4,c3,text,text,YES,,,
md,kdc124,view,5,c4,numeric,numeric,YES,,,
md,kdc124,view,6,c5,text,text,YES,,,
md,kdc124,view,7,c6,text,text,YES,,,
md,kdc124,view,8,c7,text,text,YES,,,
md,kdc124,view,9,c8,text,text,YES,,,
md,kdc124,view,10,c9,text,text,YES,,,
md,kdc124,view,11,c10,text,text,YES,,,
md,kdc124,view,12,c11,numeric,numeric,YES,,,
md,kdc124,view,13,c12,text,text,YES,,,
md,kdc124,view,14,c13,text,text,YES,,,
md,kdc124,view,15,c14,numeric,numeric,YES,,,
md,kdc124,view,16,c15,numeric,numeric,YES,,,
md,kdc124,view,17,c16,numeric,numeric,YES,,,
md,kdc124,view,18,c17,numeric,numeric,YES,,,
md,kdc124,view,19,c18,numeric,numeric,YES,,,
md,kdc124,view,20,c19,numeric,numeric,YES,,,
md,kdc124,view,21,c20,numeric,numeric,YES,,,
md,kdc124,view,22,c21,numeric,numeric,YES,,,
md,kdc124,view,23,c22,numeric,numeric,YES,,,
md,kdc124,view,24,c23,numeric,numeric,YES,,,
md,kdc124,view,25,c24,numeric,numeric,YES,,,
md,kdc124,view,26,c25,numeric,numeric,YES,,,
md,kdc124,view,27,c26,numeric,numeric,YES,,,
md,kdc124,view,28,c27,numeric,numeric,YES,,,
md,kdc124,view,29,c28,numeric,numeric,YES,,,
md,kdc124,view,30,c29,numeric,numeric,YES,,,
md,kdc124,view,31,c30,numeric,numeric,YES,,,
md,kdc124,view,32,c31,numeric,numeric,YES,,,
md,kdc124,view,33,c32,numeric,numeric,YES,,,
md,kdc124,view,34,c33,numeric,numeric,YES,,,
md,kdc124,view,35,c34,numeric,numeric,YES,,,
md,kdc124,view,36,c35,numeric,numeric,YES,,,
md,kdc124,view,37,c36,numeric,numeric,YES,,,
md,kdc124,view,38,c37,numeric,numeric,YES,,,
md,kdc124,view,39,c38,numeric,numeric,YES,,,
md,kdc124,view,40,c39,numeric,numeric,YES,,,
md,kdc124,view,41,c40,numeric,numeric,YES,,,
md,kdc124,view,42,c41,numeric,numeric,YES,,,
md,kdc124,view,43,c42,numeric,numeric,YES,,,
md,kdc124,view,44,c43,numeric,numeric,YES,,,
md,kdc124,view,45,c44,numeric,numeric,YES,,,
md,kdc124,view,46,c45,numeric,numeric,YES,,,
md,kdc124,view,47,c46,numeric,numeric,YES,,,
md,kdc124,view,48,c47,numeric,numeric,YES,,,
md,kdc124,view,49,c48,numeric,numeric,YES,,,
md,kdc124,view,50,c49,numeric,numeric,YES,,,
md,kdc124,view,51,c50,numeric,numeric,YES,,,
md,kdc124,view,52,c51,numeric,numeric,YES,,,
md,kdc124,view,53,c52,numeric,numeric,YES,,,
md,kdc124,view,54,c53,numeric,numeric,YES,,,
md,kdc124,view,55,c54,numeric,numeric,YES,,,
md,kdc124,view,56,c55,numeric,numeric,YES,,,
md,kdc124,view,57,c56,numeric,numeric,YES,,,
md,kdc124,view,58,c57,numeric,numeric,YES,,,
md,kdc124,view,59,c58,numeric,numeric,YES,,,
md,kdc124,view,60,c59,numeric,numeric,YES,,,
md,kdc124,view,61,c60,numeric,numeric,YES,,,
md,kdc124,view,62,c61,numeric,numeric,YES,,,
md,kdc124,view,63,c62,numeric,numeric,YES,,,
md,kdc124,view,64,c63,numeric,numeric,YES,,,
md,kdc124,view,65,c64,numeric,numeric,YES,,,
md,kdc124,view,66,c65,numeric,numeric,YES,,,
md,kdc124,view,67,c66,numeric,numeric,YES,,,
md,kdc124,view,68,c67,numeric,numeric,YES,,,
md,kdc124,view,69,c68,numeric,numeric,YES,,,
md,kdc124,view,70,c69,numeric,numeric,YES,,,
md,kdc124,view,71,c70,numeric,numeric,YES,,,
md,kdc124,view,72,c71,numeric,numeric,YES,,,
md,kdc124,view,73,c72,numeric,numeric,YES,,,
md,kdc124,view,74,c73,numeric,numeric,YES,,,
md,kdc124,view,75,c74,numeric,numeric,YES,,,
md,kdc124,view,76,c75,numeric,numeric,YES,,,
md,kdc124,view,77,c76,numeric,numeric,YES,,,
md,kdc124,view,78,c77,numeric,numeric,YES,,,
md,kdc124,view,79,c78,numeric,numeric,YES,,,
md,kdc124,view,80,c79,numeric,numeric,YES,,,
md,kdc124,view,81,c80,numeric,numeric,YES,,,
md,kdc124,view,82,c81,numeric,numeric,YES,,,
md,kdc124,view,83,c82,numeric,numeric,YES,,,
md,kdc124,view,84,c83,numeric,numeric,YES,,,
md,kdc124,view,85,c84,numeric,numeric,YES,,,
md,kdc124,view,86,c85,numeric,numeric,YES,,,
md,kdc124,view,87,c86,numeric,numeric,YES,,,
md,kdc124,view,88,c87,text,text,YES,,,
md,kdc124,view,89,c88,text,text,YES,,,
md,kdc124,view,90,c89,text,text,YES,,,
md,kdc124,view,91,c90,text,text,YES,,,
md,kdc124,view,92,c91,numeric,numeric,YES,,,
md,kdc124,view,93,c92,numeric,numeric,YES,,,
md,kdc124,view,94,c93,numeric,numeric,YES,,,
md,kdc124,view,95,c94,numeric,numeric,YES,,,
md,kdc124,view,96,c95,text,text,YES,,,
md,kdc124,view,97,c96,text,text,YES,,,
md,kdc124,view,98,c97,text,text,YES,,,
md,kdc124,view,99,c98,text,text,YES,,,
md,kdc124,view,100,c99,text,text,YES,,,
md,kdc124,view,101,c100,text,text,YES,,,
md,kdc125,view,1,sucursal,text,text,YES,,,
md,kdc125,view,2,c1,text,text,YES,,,
md,kdc125,view,3,c2,text,text,YES,,,
md,kdc125,view,4,c3,text,text,YES,,,
md,kdc125,view,5,c4,numeric,numeric,YES,,,
md,kdc125,view,6,c5,text,text,YES,,,
md,kdc125,view,7,c6,text,text,YES,,,
md,kdc125,view,8,c7,text,text,YES,,,
md,kdc125,view,9,c8,text,text,YES,,,
md,kdc125,view,10,c9,text,text,YES,,,
md,kdc125,view,11,c10,text,text,YES,,,
md,kdc125,view,12,c11,numeric,numeric,YES,,,
md,kdc125,view,13,c12,text,text,YES,,,
md,kdc125,view,14,c13,text,text,YES,,,
md,kdc125,view,15,c14,numeric,numeric,YES,,,
md,kdc125,view,16,c15,numeric,numeric,YES,,,
md,kdc125,view,17,c16,numeric,numeric,YES,,,
md,kdc125,view,18,c17,numeric,numeric,YES,,,
md,kdc125,view,19,c18,numeric,numeric,YES,,,
md,kdc125,view,20,c19,numeric,numeric,YES,,,
md,kdc125,view,21,c20,numeric,numeric,YES,,,
md,kdc125,view,22,c21,numeric,numeric,YES,,,
md,kdc125,view,23,c22,numeric,numeric,YES,,,
md,kdc125,view,24,c23,numeric,numeric,YES,,,
md,kdc125,view,25,c24,numeric,numeric,YES,,,
md,kdc125,view,26,c25,numeric,numeric,YES,,,
md,kdc125,view,27,c26,numeric,numeric,YES,,,
md,kdc125,view,28,c27,numeric,numeric,YES,,,
md,kdc125,view,29,c28,numeric,numeric,YES,,,
md,kdc125,view,30,c29,numeric,numeric,YES,,,
md,kdc125,view,31,c30,numeric,numeric,YES,,,
md,kdc125,view,32,c31,numeric,numeric,YES,,,
md,kdc125,view,33,c32,numeric,numeric,YES,,,
md,kdc125,view,34,c33,numeric,numeric,YES,,,
md,kdc125,view,35,c34,numeric,numeric,YES,,,
md,kdc125,view,36,c35,numeric,numeric,YES,,,
md,kdc125,view,37,c36,numeric,numeric,YES,,,
md,kdc125,view,38,c37,numeric,numeric,YES,,,
md,kdc125,view,39,c38,numeric,numeric,YES,,,
md,kdc125,view,40,c39,numeric,numeric,YES,,,
md,kdc125,view,41,c40,numeric,numeric,YES,,,
md,kdc125,view,42,c41,numeric,numeric,YES,,,
md,kdc125,view,43,c42,numeric,numeric,YES,,,
md,kdc125,view,44,c43,numeric,numeric,YES,,,
md,kdc125,view,45,c44,numeric,numeric,YES,,,
md,kdc125,view,46,c45,numeric,numeric,YES,,,
md,kdc125,view,47,c46,numeric,numeric,YES,,,
md,kdc125,view,48,c47,numeric,numeric,YES,,,
md,kdc125,view,49,c48,numeric,numeric,YES,,,
md,kdc125,view,50,c49,numeric,numeric,YES,,,
md,kdc125,view,51,c50,numeric,numeric,YES,,,
md,kdc125,view,52,c51,numeric,numeric,YES,,,
md,kdc125,view,53,c52,numeric,numeric,YES,,,
md,kdc125,view,54,c53,numeric,numeric,YES,,,
md,kdc125,view,55,c54,numeric,numeric,YES,,,
md,kdc125,view,56,c55,numeric,numeric,YES,,,
md,kdc125,view,57,c56,numeric,numeric,YES,,,
md,kdc125,view,58,c57,numeric,numeric,YES,,,
md,kdc125,view,59,c58,numeric,numeric,YES,,,
md,kdc125,view,60,c59,numeric,numeric,YES,,,
md,kdc125,view,61,c60,numeric,numeric,YES,,,
md,kdc125,view,62,c61,numeric,numeric,YES,,,
md,kdc125,view,63,c62,numeric,numeric,YES,,,
md,kdc125,view,64,c63,numeric,numeric,YES,,,
md,kdc125,view,65,c64,numeric,numeric,YES,,,
md,kdc125,view,66,c65,numeric,numeric,YES,,,
md,kdc125,view,67,c66,numeric,numeric,YES,,,
md,kdc125,view,68,c67,numeric,numeric,YES,,,
md,kdc125,view,69,c68,numeric,numeric,YES,,,
md,kdc125,view,70,c69,numeric,numeric,YES,,,
md,kdc125,view,71,c70,numeric,numeric,YES,,,
md,kdc125,view,72,c71,numeric,numeric,YES,,,
md,kdc125,view,73,c72,numeric,numeric,YES,,,
md,kdc125,view,74,c73,numeric,numeric,YES,,,
md,kdc125,view,75,c74,numeric,numeric,YES,,,
md,kdc125,view,76,c75,numeric,numeric,YES,,,
md,kdc125,view,77,c76,numeric,numeric,YES,,,
md,kdc125,view,78,c77,numeric,numeric,YES,,,
md,kdc125,view,79,c78,numeric,numeric,YES,,,
md,kdc125,view,80,c79,numeric,numeric,YES,,,
md,kdc125,view,81,c80,numeric,numeric,YES,,,
md,kdc125,view,82,c81,numeric,numeric,YES,,,
md,kdc125,view,83,c82,numeric,numeric,YES,,,
md,kdc125,view,84,c83,numeric,numeric,YES,,,
md,kdc125,view,85,c84,numeric,numeric,YES,,,
md,kdc125,view,86,c85,numeric,numeric,YES,,,
md,kdc125,view,87,c86,numeric,numeric,YES,,,
md,kdc125,view,88,c87,text,text,YES,,,
md,kdc125,view,89,c88,text,text,YES,,,
md,kdc125,view,90,c89,text,text,YES,,,
md,kdc125,view,91,c90,text,text,YES,,,
md,kdc125,view,92,c91,numeric,numeric,YES,,,
md,kdc125,view,93,c92,numeric,numeric,YES,,,
md,kdc125,view,94,c93,numeric,numeric,YES,,,
md,kdc125,view,95,c94,numeric,numeric,YES,,,
md,kdc125,view,96,c95,text,text,YES,,,
md,kdc125,view,97,c96,text,text,YES,,,
md,kdc125,view,98,c97,text,text,YES,,,
md,kdc125,view,99,c98,text,text,YES,,,
md,kdc125,view,100,c99,text,text,YES,,,
md,kdc125,view,101,c100,text,text,YES,,,
md,kdc126,view,1,sucursal,text,text,YES,,,
md,kdc126,view,2,c1,text,text,YES,,,
md,kdc126,view,3,c2,text,text,YES,,,
md,kdc126,view,4,c3,text,text,YES,,,
md,kdc126,view,5,c4,numeric,numeric,YES,,,
md,kdc126,view,6,c5,text,text,YES,,,
md,kdc126,view,7,c6,text,text,YES,,,
md,kdc126,view,8,c7,text,text,YES,,,
md,kdc126,view,9,c8,text,text,YES,,,
md,kdc126,view,10,c9,text,text,YES,,,
md,kdc126,view,11,c10,text,text,YES,,,
md,kdc126,view,12,c11,numeric,numeric,YES,,,
md,kdc126,view,13,c12,text,text,YES,,,
md,kdc126,view,14,c13,text,text,YES,,,
md,kdc126,view,15,c14,numeric,numeric,YES,,,
md,kdc126,view,16,c15,numeric,numeric,YES,,,
md,kdc126,view,17,c16,numeric,numeric,YES,,,
md,kdc126,view,18,c17,numeric,numeric,YES,,,
md,kdc126,view,19,c18,numeric,numeric,YES,,,
md,kdc126,view,20,c19,numeric,numeric,YES,,,
md,kdc126,view,21,c20,numeric,numeric,YES,,,
md,kdc126,view,22,c21,numeric,numeric,YES,,,
md,kdc126,view,23,c22,numeric,numeric,YES,,,
md,kdc126,view,24,c23,numeric,numeric,YES,,,
md,kdc126,view,25,c24,numeric,numeric,YES,,,
md,kdc126,view,26,c25,numeric,numeric,YES,,,
md,kdc126,view,27,c26,numeric,numeric,YES,,,
md,kdc126,view,28,c27,numeric,numeric,YES,,,
md,kdc126,view,29,c28,numeric,numeric,YES,,,
md,kdc126,view,30,c29,numeric,numeric,YES,,,
md,kdc126,view,31,c30,numeric,numeric,YES,,,
md,kdc126,view,32,c31,numeric,numeric,YES,,,
md,kdc126,view,33,c32,numeric,numeric,YES,,,
md,kdc126,view,34,c33,numeric,numeric,YES,,,
md,kdc126,view,35,c34,numeric,numeric,YES,,,
md,kdc126,view,36,c35,numeric,numeric,YES,,,
md,kdc126,view,37,c36,numeric,numeric,YES,,,
md,kdc126,view,38,c37,numeric,numeric,YES,,,
md,kdc126,view,39,c38,numeric,numeric,YES,,,
md,kdc126,view,40,c39,numeric,numeric,YES,,,
md,kdc126,view,41,c40,numeric,numeric,YES,,,
md,kdc126,view,42,c41,numeric,numeric,YES,,,
md,kdc126,view,43,c42,numeric,numeric,YES,,,
md,kdc126,view,44,c43,numeric,numeric,YES,,,
md,kdc126,view,45,c44,numeric,numeric,YES,,,
md,kdc126,view,46,c45,numeric,numeric,YES,,,
md,kdc126,view,47,c46,numeric,numeric,YES,,,
md,kdc126,view,48,c47,numeric,numeric,YES,,,
md,kdc126,view,49,c48,numeric,numeric,YES,,,
md,kdc126,view,50,c49,numeric,numeric,YES,,,
md,kdc126,view,51,c50,numeric,numeric,YES,,,
md,kdc126,view,52,c51,numeric,numeric,YES,,,
md,kdc126,view,53,c52,numeric,numeric,YES,,,
md,kdc126,view,54,c53,numeric,numeric,YES,,,
md,kdc126,view,55,c54,numeric,numeric,YES,,,
md,kdc126,view,56,c55,numeric,numeric,YES,,,
md,kdc126,view,57,c56,numeric,numeric,YES,,,
md,kdc126,view,58,c57,numeric,numeric,YES,,,
md,kdc126,view,59,c58,numeric,numeric,YES,,,
md,kdc126,view,60,c59,numeric,numeric,YES,,,
md,kdc126,view,61,c60,numeric,numeric,YES,,,
md,kdc126,view,62,c61,numeric,numeric,YES,,,
md,kdc126,view,63,c62,numeric,numeric,YES,,,
md,kdc126,view,64,c63,numeric,numeric,YES,,,
md,kdc126,view,65,c64,numeric,numeric,YES,,,
md,kdc126,view,66,c65,numeric,numeric,YES,,,
md,kdc126,view,67,c66,numeric,numeric,YES,,,
md,kdc126,view,68,c67,numeric,numeric,YES,,,
md,kdc126,view,69,c68,numeric,numeric,YES,,,
md,kdc126,view,70,c69,numeric,numeric,YES,,,
md,kdc126,view,71,c70,numeric,numeric,YES,,,
md,kdc126,view,72,c71,numeric,numeric,YES,,,
md,kdc126,view,73,c72,numeric,numeric,YES,,,
md,kdc126,view,74,c73,numeric,numeric,YES,,,
md,kdc126,view,75,c74,numeric,numeric,YES,,,
md,kdc126,view,76,c75,numeric,numeric,YES,,,
md,kdc126,view,77,c76,numeric,numeric,YES,,,
md,kdc126,view,78,c77,numeric,numeric,YES,,,
md,kdc126,view,79,c78,numeric,numeric,YES,,,
md,kdc126,view,80,c79,numeric,numeric,YES,,,
md,kdc126,view,81,c80,numeric,numeric,YES,,,
md,kdc126,view,82,c81,numeric,numeric,YES,,,
md,kdc126,view,83,c82,numeric,numeric,YES,,,
md,kdc126,view,84,c83,numeric,numeric,YES,,,
md,kdc126,view,85,c84,numeric,numeric,YES,,,
md,kdc126,view,86,c85,numeric,numeric,YES,,,
md,kdc126,view,87,c86,numeric,numeric,YES,,,
md,kdc126,view,88,c87,text,text,YES,,,
md,kdc126,view,89,c88,text,text,YES,,,
md,kdc126,view,90,c89,text,text,YES,,,
md,kdc126,view,91,c90,text,text,YES,,,
md,kdc126,view,92,c91,numeric,numeric,YES,,,
md,kdc126,view,93,c92,numeric,numeric,YES,,,
md,kdc126,view,94,c93,numeric,numeric,YES,,,
md,kdc126,view,95,c94,numeric,numeric,YES,,,
md,kdc126,view,96,c95,text,text,YES,,,
md,kdc126,view,97,c96,text,text,YES,,,
md,kdc126,view,98,c97,text,text,YES,,,
md,kdc126,view,99,c98,text,text,YES,,,
md,kdc126,view,100,c99,text,text,YES,,,
md,kdc126,view,101,c100,text,text,YES,,,
md,kdc22408,view,1,sucursal,text,text,YES,,,
md,kdc22408,view,2,c1,numeric,numeric,YES,,,
md,kdc22408,view,3,c2,timestamp without time zone,timestamp,YES,,,
md,kdc22408,view,4,c3,text,text,YES,,,
md,kdc22408,view,5,c4,text,text,YES,,,
md,kdc22408,view,6,c5,numeric,numeric,YES,,,
md,kdc22408,view,7,c6,text,text,YES,,,
md,kdc22408,view,8,c7,text,text,YES,,,
md,kdc22408,view,9,c8,text,text,YES,,,
md,kdc22408,view,10,c9,numeric,numeric,YES,,,
md,kdc22408,view,11,c10,numeric,numeric,YES,,,
md,kdc22408,view,12,c11,text,text,YES,,,
md,kdc22408,view,13,c12,text,text,YES,,,
md,kdc22408,view,14,c13,text,text,YES,,,
md,kdc22408,view,15,c14,text,text,YES,,,
md,kdc22408,view,16,c15,text,text,YES,,,
md,kdc22408,view,17,c16,text,text,YES,,,
md,kdc22408,view,18,c17,numeric,numeric,YES,,,
md,kdc22408,view,19,c18,numeric,numeric,YES,,,
md,kdc22408,view,20,c19,text,text,YES,,,
md,kdc22408,view,21,c20,text,text,YES,,,
md,kdc22408,view,22,c21,text,text,YES,,,
md,kdc22408,view,23,c22,text,text,YES,,,
md,kdc22408,view,24,c23,text,text,YES,,,
md,kdc22408,view,25,c24,text,text,YES,,,
md,kdc22408,view,26,c25,text,text,YES,,,
md,kdc22408,view,27,c26,text,text,YES,,,
md,kdc22408,view,28,c27,text,text,YES,,,
md,kdc22408,view,29,c28,text,text,YES,,,
md,kdc22408,view,30,c29,text,text,YES,,,
md,kdc22408,view,31,c30,text,text,YES,,,
md,kdc22408,view,32,c31,timestamp without time zone,timestamp,YES,,,
md,kdc22408,view,33,c32,text,text,YES,,,
md,kdc22408,view,34,c33,text,text,YES,,,
md,kdc22408,view,35,c34,text,text,YES,,,
md,kdc22408,view,36,c35,text,text,YES,,,
md,kdc22408,view,37,c36,text,text,YES,,,
md,kdc22408,view,38,c37,text,text,YES,,,
md,kdc22408,view,39,c38,text,text,YES,,,
md,kdc22408,view,40,c39,text,text,YES,,,
md,kdc22408,view,41,c40,text,text,YES,,,
md,kdc22408,view,42,c41,text,text,YES,,,
md,kdc22408,view,43,c42,text,text,YES,,,
md,kdc22408,view,44,c43,text,text,YES,,,
md,kdc22408,view,45,c44,text,text,YES,,,
md,kdc22408,view,46,c45,text,text,YES,,,
md,kdc22408,view,47,c46,text,text,YES,,,
md,kdc22408,view,48,c47,text,text,YES,,,
md,kdc22408,view,49,c48,text,text,YES,,,
md,kdc22408,view,50,c49,text,text,YES,,,
md,kdc22408,view,51,c50,text,text,YES,,,
md,kdc22501,view,1,sucursal,text,text,YES,,,
md,kdc22501,view,2,c1,numeric,numeric,YES,,,
md,kdc22501,view,3,c2,timestamp without time zone,timestamp,YES,,,
md,kdc22501,view,4,c3,text,text,YES,,,
md,kdc22501,view,5,c4,text,text,YES,,,
md,kdc22501,view,6,c5,numeric,numeric,YES,,,
md,kdc22501,view,7,c6,text,text,YES,,,
md,kdc22501,view,8,c7,text,text,YES,,,
md,kdc22501,view,9,c8,text,text,YES,,,
md,kdc22501,view,10,c9,numeric,numeric,YES,,,
md,kdc22501,view,11,c10,numeric,numeric,YES,,,
md,kdc22501,view,12,c11,text,text,YES,,,
md,kdc22501,view,13,c12,text,text,YES,,,
md,kdc22501,view,14,c13,text,text,YES,,,
md,kdc22501,view,15,c14,text,text,YES,,,
md,kdc22501,view,16,c15,text,text,YES,,,
md,kdc22501,view,17,c16,text,text,YES,,,
md,kdc22501,view,18,c17,numeric,numeric,YES,,,
md,kdc22501,view,19,c18,numeric,numeric,YES,,,
md,kdc22501,view,20,c19,text,text,YES,,,
md,kdc22501,view,21,c20,text,text,YES,,,
md,kdc22501,view,22,c21,text,text,YES,,,
md,kdc22501,view,23,c22,text,text,YES,,,
md,kdc22501,view,24,c23,text,text,YES,,,
md,kdc22501,view,25,c24,text,text,YES,,,
md,kdc22501,view,26,c25,text,text,YES,,,
md,kdc22501,view,27,c26,text,text,YES,,,
md,kdc22501,view,28,c27,text,text,YES,,,
md,kdc22501,view,29,c28,text,text,YES,,,
md,kdc22501,view,30,c29,text,text,YES,,,
md,kdc22501,view,31,c30,text,text,YES,,,
md,kdc22501,view,32,c31,timestamp without time zone,timestamp,YES,,,
md,kdc22501,view,33,c32,text,text,YES,,,
md,kdc22501,view,34,c33,text,text,YES,,,
md,kdc22501,view,35,c34,text,text,YES,,,
md,kdc22501,view,36,c35,text,text,YES,,,
md,kdc22501,view,37,c36,text,text,YES,,,
md,kdc22501,view,38,c37,text,text,YES,,,
md,kdc22501,view,39,c38,text,text,YES,,,
md,kdc22501,view,40,c39,text,text,YES,,,
md,kdc22501,view,41,c40,text,text,YES,,,
md,kdc22501,view,42,c41,text,text,YES,,,
md,kdc22501,view,43,c42,text,text,YES,,,
md,kdc22501,view,44,c43,text,text,YES,,,
md,kdc22501,view,45,c44,text,text,YES,,,
md,kdc22501,view,46,c45,text,text,YES,,,
md,kdc22501,view,47,c46,text,text,YES,,,
md,kdc22501,view,48,c47,text,text,YES,,,
md,kdc22501,view,49,c48,text,text,YES,,,
md,kdc22501,view,50,c49,text,text,YES,,,
md,kdc22501,view,51,c50,text,text,YES,,,
md,kdc22502,view,1,sucursal,text,text,YES,,,
md,kdc22502,view,2,c1,numeric,numeric,YES,,,
md,kdc22502,view,3,c2,timestamp without time zone,timestamp,YES,,,
md,kdc22502,view,4,c3,text,text,YES,,,
md,kdc22502,view,5,c4,text,text,YES,,,
md,kdc22502,view,6,c5,numeric,numeric,YES,,,
md,kdc22502,view,7,c6,text,text,YES,,,
md,kdc22502,view,8,c7,text,text,YES,,,
md,kdc22502,view,9,c8,text,text,YES,,,
md,kdc22502,view,10,c9,numeric,numeric,YES,,,
md,kdc22502,view,11,c10,numeric,numeric,YES,,,
md,kdc22502,view,12,c11,text,text,YES,,,
md,kdc22502,view,13,c12,text,text,YES,,,
md,kdc22502,view,14,c13,text,text,YES,,,
md,kdc22502,view,15,c14,text,text,YES,,,
md,kdc22502,view,16,c15,text,text,YES,,,
md,kdc22502,view,17,c16,text,text,YES,,,
md,kdc22502,view,18,c17,numeric,numeric,YES,,,
md,kdc22502,view,19,c18,numeric,numeric,YES,,,
md,kdc22502,view,20,c19,text,text,YES,,,
md,kdc22502,view,21,c20,text,text,YES,,,
md,kdc22502,view,22,c21,text,text,YES,,,
md,kdc22502,view,23,c22,text,text,YES,,,
md,kdc22502,view,24,c23,text,text,YES,,,
md,kdc22502,view,25,c24,text,text,YES,,,
md,kdc22502,view,26,c25,text,text,YES,,,
md,kdc22502,view,27,c26,text,text,YES,,,
md,kdc22502,view,28,c27,text,text,YES,,,
md,kdc22502,view,29,c28,text,text,YES,,,
md,kdc22502,view,30,c29,text,text,YES,,,
md,kdc22502,view,31,c30,text,text,YES,,,
md,kdc22502,view,32,c31,timestamp without time zone,timestamp,YES,,,
md,kdc22502,view,33,c32,text,text,YES,,,
md,kdc22502,view,34,c33,text,text,YES,,,
md,kdc22502,view,35,c34,text,text,YES,,,
md,kdc22502,view,36,c35,text,text,YES,,,
md,kdc22502,view,37,c36,text,text,YES,,,
md,kdc22502,view,38,c37,text,text,YES,,,
md,kdc22502,view,39,c38,text,text,YES,,,
md,kdc22502,view,40,c39,text,text,YES,,,
md,kdc22502,view,41,c40,text,text,YES,,,
md,kdc22502,view,42,c41,text,text,YES,,,
md,kdc22502,view,43,c42,text,text,YES,,,
md,kdc22502,view,44,c43,text,text,YES,,,
md,kdc22502,view,45,c44,text,text,YES,,,
md,kdc22502,view,46,c45,text,text,YES,,,
md,kdc22502,view,47,c46,text,text,YES,,,
md,kdc22502,view,48,c47,text,text,YES,,,
md,kdc22502,view,49,c48,text,text,YES,,,
md,kdc22502,view,50,c49,text,text,YES,,,
md,kdc22502,view,51,c50,text,text,YES,,,
md,kdc22503,view,1,sucursal,text,text,YES,,,
md,kdc22503,view,2,c1,numeric,numeric,YES,,,
md,kdc22503,view,3,c2,timestamp without time zone,timestamp,YES,,,
md,kdc22503,view,4,c3,text,text,YES,,,
md,kdc22503,view,5,c4,text,text,YES,,,
md,kdc22503,view,6,c5,numeric,numeric,YES,,,
md,kdc22503,view,7,c6,text,text,YES,,,
md,kdc22503,view,8,c7,text,text,YES,,,
md,kdc22503,view,9,c8,text,text,YES,,,
md,kdc22503,view,10,c9,numeric,numeric,YES,,,
md,kdc22503,view,11,c10,numeric,numeric,YES,,,
md,kdc22503,view,12,c11,text,text,YES,,,
md,kdc22503,view,13,c12,text,text,YES,,,
md,kdc22503,view,14,c13,text,text,YES,,,
md,kdc22503,view,15,c14,text,text,YES,,,
md,kdc22503,view,16,c15,text,text,YES,,,
md,kdc22503,view,17,c16,text,text,YES,,,
md,kdc22503,view,18,c17,numeric,numeric,YES,,,
md,kdc22503,view,19,c18,numeric,numeric,YES,,,
md,kdc22503,view,20,c19,text,text,YES,,,
md,kdc22503,view,21,c20,text,text,YES,,,
md,kdc22503,view,22,c21,text,text,YES,,,
md,kdc22503,view,23,c22,text,text,YES,,,
md,kdc22503,view,24,c23,text,text,YES,,,
md,kdc22503,view,25,c24,text,text,YES,,,
md,kdc22503,view,26,c25,text,text,YES,,,
md,kdc22503,view,27,c26,text,text,YES,,,
md,kdc22503,view,28,c27,text,text,YES,,,
md,kdc22503,view,29,c28,text,text,YES,,,
md,kdc22503,view,30,c29,text,text,YES,,,
md,kdc22503,view,31,c30,text,text,YES,,,
md,kdc22503,view,32,c31,timestamp without time zone,timestamp,YES,,,
md,kdc22503,view,33,c32,text,text,YES,,,
md,kdc22503,view,34,c33,text,text,YES,,,
md,kdc22503,view,35,c34,text,text,YES,,,
md,kdc22503,view,36,c35,text,text,YES,,,
md,kdc22503,view,37,c36,text,text,YES,,,
md,kdc22503,view,38,c37,text,text,YES,,,
md,kdc22503,view,39,c38,text,text,YES,,,
md,kdc22503,view,40,c39,text,text,YES,,,
md,kdc22503,view,41,c40,text,text,YES,,,
md,kdc22503,view,42,c41,text,text,YES,,,
md,kdc22503,view,43,c42,text,text,YES,,,
md,kdc22503,view,44,c43,text,text,YES,,,
md,kdc22503,view,45,c44,text,text,YES,,,
md,kdc22503,view,46,c45,text,text,YES,,,
md,kdc22503,view,47,c46,text,text,YES,,,
md,kdc22503,view,48,c47,text,text,YES,,,
md,kdc22503,view,49,c48,text,text,YES,,,
md,kdc22503,view,50,c49,text,text,YES,,,
md,kdc22503,view,51,c50,text,text,YES,,,
md,kdc22504,view,1,sucursal,text,text,YES,,,
md,kdc22504,view,2,c1,numeric,numeric,YES,,,
md,kdc22504,view,3,c2,timestamp without time zone,timestamp,YES,,,
md,kdc22504,view,4,c3,text,text,YES,,,
md,kdc22504,view,5,c4,text,text,YES,,,
md,kdc22504,view,6,c5,numeric,numeric,YES,,,
md,kdc22504,view,7,c6,text,text,YES,,,
md,kdc22504,view,8,c7,text,text,YES,,,
md,kdc22504,view,9,c8,text,text,YES,,,
md,kdc22504,view,10,c9,numeric,numeric,YES,,,
md,kdc22504,view,11,c10,numeric,numeric,YES,,,
md,kdc22504,view,12,c11,text,text,YES,,,
md,kdc22504,view,13,c12,text,text,YES,,,
md,kdc22504,view,14,c13,text,text,YES,,,
md,kdc22504,view,15,c14,text,text,YES,,,
md,kdc22504,view,16,c15,text,text,YES,,,
md,kdc22504,view,17,c16,text,text,YES,,,
md,kdc22504,view,18,c17,numeric,numeric,YES,,,
md,kdc22504,view,19,c18,numeric,numeric,YES,,,
md,kdc22504,view,20,c19,text,text,YES,,,
md,kdc22504,view,21,c20,text,text,YES,,,
md,kdc22504,view,22,c21,text,text,YES,,,
md,kdc22504,view,23,c22,text,text,YES,,,
md,kdc22504,view,24,c23,text,text,YES,,,
md,kdc22504,view,25,c24,text,text,YES,,,
md,kdc22504,view,26,c25,text,text,YES,,,
md,kdc22504,view,27,c26,text,text,YES,,,
md,kdc22504,view,28,c27,text,text,YES,,,
md,kdc22504,view,29,c28,text,text,YES,,,
md,kdc22504,view,30,c29,text,text,YES,,,
md,kdc22504,view,31,c30,text,text,YES,,,
md,kdc22504,view,32,c31,timestamp without time zone,timestamp,YES,,,
md,kdc22504,view,33,c32,text,text,YES,,,
md,kdc22504,view,34,c33,text,text,YES,,,
md,kdc22504,view,35,c34,text,text,YES,,,
md,kdc22504,view,36,c35,text,text,YES,,,
md,kdc22504,view,37,c36,text,text,YES,,,
md,kdc22504,view,38,c37,text,text,YES,,,
md,kdc22504,view,39,c38,text,text,YES,,,
md,kdc22504,view,40,c39,text,text,YES,,,
md,kdc22504,view,41,c40,text,text,YES,,,
md,kdc22504,view,42,c41,text,text,YES,,,
md,kdc22504,view,43,c42,text,text,YES,,,
md,kdc22504,view,44,c43,text,text,YES,,,
md,kdc22504,view,45,c44,text,text,YES,,,
md,kdc22504,view,46,c45,text,text,YES,,,
md,kdc22504,view,47,c46,text,text,YES,,,
md,kdc22504,view,48,c47,text,text,YES,,,
md,kdc22504,view,49,c48,text,text,YES,,,
md,kdc22504,view,50,c49,text,text,YES,,,
md,kdc22504,view,51,c50,text,text,YES,,,
md,kdc22505,view,1,sucursal,text,text,YES,,,
md,kdc22505,view,2,c1,numeric,numeric,YES,,,
md,kdc22505,view,3,c2,timestamp without time zone,timestamp,YES,,,
md,kdc22505,view,4,c3,text,text,YES,,,
md,kdc22505,view,5,c4,text,text,YES,,,
md,kdc22505,view,6,c5,numeric,numeric,YES,,,
md,kdc22505,view,7,c6,text,text,YES,,,
md,kdc22505,view,8,c7,text,text,YES,,,
md,kdc22505,view,9,c8,text,text,YES,,,
md,kdc22505,view,10,c9,numeric,numeric,YES,,,
md,kdc22505,view,11,c10,numeric,numeric,YES,,,
md,kdc22505,view,12,c11,text,text,YES,,,
md,kdc22505,view,13,c12,text,text,YES,,,
md,kdc22505,view,14,c13,text,text,YES,,,
md,kdc22505,view,15,c14,text,text,YES,,,
md,kdc22505,view,16,c15,text,text,YES,,,
md,kdc22505,view,17,c16,text,text,YES,,,
md,kdc22505,view,18,c17,numeric,numeric,YES,,,
md,kdc22505,view,19,c18,numeric,numeric,YES,,,
md,kdc22505,view,20,c19,text,text,YES,,,
md,kdc22505,view,21,c20,text,text,YES,,,
md,kdc22505,view,22,c21,text,text,YES,,,
md,kdc22505,view,23,c22,text,text,YES,,,
md,kdc22505,view,24,c23,text,text,YES,,,
md,kdc22505,view,25,c24,text,text,YES,,,
md,kdc22505,view,26,c25,text,text,YES,,,
md,kdc22505,view,27,c26,text,text,YES,,,
md,kdc22505,view,28,c27,text,text,YES,,,
md,kdc22505,view,29,c28,text,text,YES,,,
md,kdc22505,view,30,c29,text,text,YES,,,
md,kdc22505,view,31,c30,text,text,YES,,,
md,kdc22505,view,32,c31,timestamp without time zone,timestamp,YES,,,
md,kdc22505,view,33,c32,text,text,YES,,,
md,kdc22505,view,34,c33,text,text,YES,,,
md,kdc22505,view,35,c34,text,text,YES,,,
md,kdc22505,view,36,c35,text,text,YES,,,
md,kdc22505,view,37,c36,text,text,YES,,,
md,kdc22505,view,38,c37,text,text,YES,,,
md,kdc22505,view,39,c38,text,text,YES,,,
md,kdc22505,view,40,c39,text,text,YES,,,
md,kdc22505,view,41,c40,text,text,YES,,,
md,kdc22505,view,42,c41,text,text,YES,,,
md,kdc22505,view,43,c42,text,text,YES,,,
md,kdc22505,view,44,c43,text,text,YES,,,
md,kdc22505,view,45,c44,text,text,YES,,,
md,kdc22505,view,46,c45,text,text,YES,,,
md,kdc22505,view,47,c46,text,text,YES,,,
md,kdc22505,view,48,c47,text,text,YES,,,
md,kdc22505,view,49,c48,text,text,YES,,,
md,kdc22505,view,50,c49,text,text,YES,,,
md,kdc22505,view,51,c50,text,text,YES,,,
md,kdc22506,view,1,sucursal,text,text,YES,,,
md,kdc22506,view,2,c1,numeric,numeric,YES,,,
md,kdc22506,view,3,c2,timestamp without time zone,timestamp,YES,,,
md,kdc22506,view,4,c3,text,text,YES,,,
md,kdc22506,view,5,c4,text,text,YES,,,
md,kdc22506,view,6,c5,numeric,numeric,YES,,,
md,kdc22506,view,7,c6,text,text,YES,,,
md,kdc22506,view,8,c7,text,text,YES,,,
md,kdc22506,view,9,c8,text,text,YES,,,
md,kdc22506,view,10,c9,numeric,numeric,YES,,,
md,kdc22506,view,11,c10,numeric,numeric,YES,,,
md,kdc22506,view,12,c11,text,text,YES,,,
md,kdc22506,view,13,c12,text,text,YES,,,
md,kdc22506,view,14,c13,text,text,YES,,,
md,kdc22506,view,15,c14,text,text,YES,,,
md,kdc22506,view,16,c15,text,text,YES,,,
md,kdc22506,view,17,c16,text,text,YES,,,
md,kdc22506,view,18,c17,numeric,numeric,YES,,,
md,kdc22506,view,19,c18,numeric,numeric,YES,,,
md,kdc22506,view,20,c19,text,text,YES,,,
md,kdc22506,view,21,c20,text,text,YES,,,
md,kdc22506,view,22,c21,text,text,YES,,,
md,kdc22506,view,23,c22,text,text,YES,,,
md,kdc22506,view,24,c23,text,text,YES,,,
md,kdc22506,view,25,c24,text,text,YES,,,
md,kdc22506,view,26,c25,text,text,YES,,,
md,kdc22506,view,27,c26,text,text,YES,,,
md,kdc22506,view,28,c27,text,text,YES,,,
md,kdc22506,view,29,c28,text,text,YES,,,
md,kdc22506,view,30,c29,text,text,YES,,,
md,kdc22506,view,31,c30,text,text,YES,,,
md,kdc22506,view,32,c31,timestamp without time zone,timestamp,YES,,,
md,kdc22506,view,33,c32,text,text,YES,,,
md,kdc22506,view,34,c33,text,text,YES,,,
md,kdc22506,view,35,c34,text,text,YES,,,
md,kdc22506,view,36,c35,text,text,YES,,,
md,kdc22506,view,37,c36,text,text,YES,,,
md,kdc22506,view,38,c37,text,text,YES,,,
md,kdc22506,view,39,c38,text,text,YES,,,
md,kdc22506,view,40,c39,text,text,YES,,,
md,kdc22506,view,41,c40,text,text,YES,,,
md,kdc22506,view,42,c41,text,text,YES,,,
md,kdc22506,view,43,c42,text,text,YES,,,
md,kdc22506,view,44,c43,text,text,YES,,,
md,kdc22506,view,45,c44,text,text,YES,,,
md,kdc22506,view,46,c45,text,text,YES,,,
md,kdc22506,view,47,c46,text,text,YES,,,
md,kdc22506,view,48,c47,text,text,YES,,,
md,kdc22506,view,49,c48,text,text,YES,,,
md,kdc22506,view,50,c49,text,text,YES,,,
md,kdc22506,view,51,c50,text,text,YES,,,
md,kdc22507,view,1,sucursal,text,text,YES,,,
md,kdc22507,view,2,c1,numeric,numeric,YES,,,
md,kdc22507,view,3,c2,timestamp without time zone,timestamp,YES,,,
md,kdc22507,view,4,c3,text,text,YES,,,
md,kdc22507,view,5,c4,text,text,YES,,,
md,kdc22507,view,6,c5,numeric,numeric,YES,,,
md,kdc22507,view,7,c6,text,text,YES,,,
md,kdc22507,view,8,c7,text,text,YES,,,
md,kdc22507,view,9,c8,text,text,YES,,,
md,kdc22507,view,10,c9,numeric,numeric,YES,,,
md,kdc22507,view,11,c10,numeric,numeric,YES,,,
md,kdc22507,view,12,c11,text,text,YES,,,
md,kdc22507,view,13,c12,text,text,YES,,,
md,kdc22507,view,14,c13,text,text,YES,,,
md,kdc22507,view,15,c14,text,text,YES,,,
md,kdc22507,view,16,c15,text,text,YES,,,
md,kdc22507,view,17,c16,text,text,YES,,,
md,kdc22507,view,18,c17,numeric,numeric,YES,,,
md,kdc22507,view,19,c18,numeric,numeric,YES,,,
md,kdc22507,view,20,c19,text,text,YES,,,
md,kdc22507,view,21,c20,text,text,YES,,,
md,kdc22507,view,22,c21,text,text,YES,,,
md,kdc22507,view,23,c22,text,text,YES,,,
md,kdc22507,view,24,c23,text,text,YES,,,
md,kdc22507,view,25,c24,text,text,YES,,,
md,kdc22507,view,26,c25,text,text,YES,,,
md,kdc22507,view,27,c26,text,text,YES,,,
md,kdc22507,view,28,c27,text,text,YES,,,
md,kdc22507,view,29,c28,text,text,YES,,,
md,kdc22507,view,30,c29,text,text,YES,,,
md,kdc22507,view,31,c30,text,text,YES,,,
md,kdc22507,view,32,c31,timestamp without time zone,timestamp,YES,,,
md,kdc22507,view,33,c32,text,text,YES,,,
md,kdc22507,view,34,c33,text,text,YES,,,
md,kdc22507,view,35,c34,text,text,YES,,,
md,kdc22507,view,36,c35,text,text,YES,,,
md,kdc22507,view,37,c36,text,text,YES,,,
md,kdc22507,view,38,c37,text,text,YES,,,
md,kdc22507,view,39,c38,text,text,YES,,,
md,kdc22507,view,40,c39,text,text,YES,,,
md,kdc22507,view,41,c40,text,text,YES,,,
md,kdc22507,view,42,c41,text,text,YES,,,
md,kdc22507,view,43,c42,text,text,YES,,,
md,kdc22507,view,44,c43,text,text,YES,,,
md,kdc22507,view,45,c44,text,text,YES,,,
md,kdc22507,view,46,c45,text,text,YES,,,
md,kdc22507,view,47,c46,text,text,YES,,,
md,kdc22507,view,48,c47,text,text,YES,,,
md,kdc22507,view,49,c48,text,text,YES,,,
md,kdc22507,view,50,c49,text,text,YES,,,
md,kdc22507,view,51,c50,text,text,YES,,,
md,kdc22508,view,1,sucursal,text,text,YES,,,
md,kdc22508,view,2,c1,numeric,numeric,YES,,,
md,kdc22508,view,3,c2,timestamp without time zone,timestamp,YES,,,
md,kdc22508,view,4,c3,text,text,YES,,,
md,kdc22508,view,5,c4,text,text,YES,,,
md,kdc22508,view,6,c5,numeric,numeric,YES,,,
md,kdc22508,view,7,c6,text,text,YES,,,
md,kdc22508,view,8,c7,text,text,YES,,,
md,kdc22508,view,9,c8,text,text,YES,,,
md,kdc22508,view,10,c9,numeric,numeric,YES,,,
md,kdc22508,view,11,c10,numeric,numeric,YES,,,
md,kdc22508,view,12,c11,text,text,YES,,,
md,kdc22508,view,13,c12,text,text,YES,,,
md,kdc22508,view,14,c13,text,text,YES,,,
md,kdc22508,view,15,c14,text,text,YES,,,
md,kdc22508,view,16,c15,text,text,YES,,,
md,kdc22508,view,17,c16,text,text,YES,,,
md,kdc22508,view,18,c17,numeric,numeric,YES,,,
md,kdc22508,view,19,c18,numeric,numeric,YES,,,
md,kdc22508,view,20,c19,text,text,YES,,,
md,kdc22508,view,21,c20,text,text,YES,,,
md,kdc22508,view,22,c21,text,text,YES,,,
md,kdc22508,view,23,c22,text,text,YES,,,
md,kdc22508,view,24,c23,text,text,YES,,,
md,kdc22508,view,25,c24,text,text,YES,,,
md,kdc22508,view,26,c25,text,text,YES,,,
md,kdc22508,view,27,c26,text,text,YES,,,
md,kdc22508,view,28,c27,text,text,YES,,,
md,kdc22508,view,29,c28,text,text,YES,,,
md,kdc22508,view,30,c29,text,text,YES,,,
md,kdc22508,view,31,c30,text,text,YES,,,
md,kdc22508,view,32,c31,timestamp without time zone,timestamp,YES,,,
md,kdc22508,view,33,c32,text,text,YES,,,
md,kdc22508,view,34,c33,text,text,YES,,,
md,kdc22508,view,35,c34,text,text,YES,,,
md,kdc22508,view,36,c35,text,text,YES,,,
md,kdc22508,view,37,c36,text,text,YES,,,
md,kdc22508,view,38,c37,text,text,YES,,,
md,kdc22508,view,39,c38,text,text,YES,,,
md,kdc22508,view,40,c39,text,text,YES,,,
md,kdc22508,view,41,c40,text,text,YES,,,
md,kdc22508,view,42,c41,text,text,YES,,,
md,kdc22508,view,43,c42,text,text,YES,,,
md,kdc22508,view,44,c43,text,text,YES,,,
md,kdc22508,view,45,c44,text,text,YES,,,
md,kdc22508,view,46,c45,text,text,YES,,,
md,kdc22508,view,47,c46,text,text,YES,,,
md,kdc22508,view,48,c47,text,text,YES,,,
md,kdc22508,view,49,c48,text,text,YES,,,
md,kdc22508,view,50,c49,text,text,YES,,,
md,kdc22508,view,51,c50,text,text,YES,,,
md,kdc22509,view,1,sucursal,text,text,YES,,,
md,kdc22509,view,2,c1,numeric,numeric,YES,,,
md,kdc22509,view,3,c2,timestamp without time zone,timestamp,YES,,,
md,kdc22509,view,4,c3,text,text,YES,,,
md,kdc22509,view,5,c4,text,text,YES,,,
md,kdc22509,view,6,c5,numeric,numeric,YES,,,
md,kdc22509,view,7,c6,text,text,YES,,,
md,kdc22509,view,8,c7,text,text,YES,,,
md,kdc22509,view,9,c8,text,text,YES,,,
md,kdc22509,view,10,c9,numeric,numeric,YES,,,
md,kdc22509,view,11,c10,numeric,numeric,YES,,,
md,kdc22509,view,12,c11,text,text,YES,,,
md,kdc22509,view,13,c12,text,text,YES,,,
md,kdc22509,view,14,c13,text,text,YES,,,
md,kdc22509,view,15,c14,text,text,YES,,,
md,kdc22509,view,16,c15,text,text,YES,,,
md,kdc22509,view,17,c16,text,text,YES,,,
md,kdc22509,view,18,c17,numeric,numeric,YES,,,
md,kdc22509,view,19,c18,numeric,numeric,YES,,,
md,kdc22509,view,20,c19,text,text,YES,,,
md,kdc22509,view,21,c20,text,text,YES,,,
md,kdc22509,view,22,c21,text,text,YES,,,
md,kdc22509,view,23,c22,text,text,YES,,,
md,kdc22509,view,24,c23,text,text,YES,,,
md,kdc22509,view,25,c24,text,text,YES,,,
md,kdc22509,view,26,c25,text,text,YES,,,
md,kdc22509,view,27,c26,text,text,YES,,,
md,kdc22509,view,28,c27,text,text,YES,,,
md,kdc22509,view,29,c28,text,text,YES,,,
md,kdc22509,view,30,c29,text,text,YES,,,
md,kdc22509,view,31,c30,text,text,YES,,,
md,kdc22509,view,32,c31,timestamp without time zone,timestamp,YES,,,
md,kdc22509,view,33,c32,text,text,YES,,,
md,kdc22509,view,34,c33,text,text,YES,,,
md,kdc22509,view,35,c34,text,text,YES,,,
md,kdc22509,view,36,c35,text,text,YES,,,
md,kdc22509,view,37,c36,text,text,YES,,,
md,kdc22509,view,38,c37,text,text,YES,,,
md,kdc22509,view,39,c38,text,text,YES,,,
md,kdc22509,view,40,c39,text,text,YES,,,
md,kdc22509,view,41,c40,text,text,YES,,,
md,kdc22509,view,42,c41,text,text,YES,,,
md,kdc22509,view,43,c42,text,text,YES,,,
md,kdc22509,view,44,c43,text,text,YES,,,
md,kdc22509,view,45,c44,text,text,YES,,,
md,kdc22509,view,46,c45,text,text,YES,,,
md,kdc22509,view,47,c46,text,text,YES,,,
md,kdc22509,view,48,c47,text,text,YES,,,
md,kdc22509,view,49,c48,text,text,YES,,,
md,kdc22509,view,50,c49,text,text,YES,,,
md,kdc22509,view,51,c50,text,text,YES,,,
md,kdc22510,view,1,sucursal,text,text,YES,,,
md,kdc22510,view,2,c1,numeric,numeric,YES,,,
md,kdc22510,view,3,c2,timestamp without time zone,timestamp,YES,,,
md,kdc22510,view,4,c3,text,text,YES,,,
md,kdc22510,view,5,c4,text,text,YES,,,
md,kdc22510,view,6,c5,numeric,numeric,YES,,,
md,kdc22510,view,7,c6,text,text,YES,,,
md,kdc22510,view,8,c7,text,text,YES,,,
md,kdc22510,view,9,c8,text,text,YES,,,
md,kdc22510,view,10,c9,numeric,numeric,YES,,,
md,kdc22510,view,11,c10,numeric,numeric,YES,,,
md,kdc22510,view,12,c11,text,text,YES,,,
md,kdc22510,view,13,c12,text,text,YES,,,
md,kdc22510,view,14,c13,text,text,YES,,,
md,kdc22510,view,15,c14,text,text,YES,,,
md,kdc22510,view,16,c15,text,text,YES,,,
md,kdc22510,view,17,c16,text,text,YES,,,
md,kdc22510,view,18,c17,numeric,numeric,YES,,,
md,kdc22510,view,19,c18,numeric,numeric,YES,,,
md,kdc22510,view,20,c19,text,text,YES,,,
md,kdc22510,view,21,c20,text,text,YES,,,
md,kdc22510,view,22,c21,text,text,YES,,,
md,kdc22510,view,23,c22,text,text,YES,,,
md,kdc22510,view,24,c23,text,text,YES,,,
md,kdc22510,view,25,c24,text,text,YES,,,
md,kdc22510,view,26,c25,text,text,YES,,,
md,kdc22510,view,27,c26,text,text,YES,,,
md,kdc22510,view,28,c27,text,text,YES,,,
md,kdc22510,view,29,c28,text,text,YES,,,
md,kdc22510,view,30,c29,text,text,YES,,,
md,kdc22510,view,31,c30,text,text,YES,,,
md,kdc22510,view,32,c31,timestamp without time zone,timestamp,YES,,,
md,kdc22510,view,33,c32,text,text,YES,,,
md,kdc22510,view,34,c33,text,text,YES,,,
md,kdc22510,view,35,c34,text,text,YES,,,
md,kdc22510,view,36,c35,text,text,YES,,,
md,kdc22510,view,37,c36,text,text,YES,,,
md,kdc22510,view,38,c37,text,text,YES,,,
md,kdc22510,view,39,c38,text,text,YES,,,
md,kdc22510,view,40,c39,text,text,YES,,,
md,kdc22510,view,41,c40,text,text,YES,,,
md,kdc22510,view,42,c41,text,text,YES,,,
md,kdc22510,view,43,c42,text,text,YES,,,
md,kdc22510,view,44,c43,text,text,YES,,,
md,kdc22510,view,45,c44,text,text,YES,,,
md,kdc22510,view,46,c45,text,text,YES,,,
md,kdc22510,view,47,c46,text,text,YES,,,
md,kdc22510,view,48,c47,text,text,YES,,,
md,kdc22510,view,49,c48,text,text,YES,,,
md,kdc22510,view,50,c49,text,text,YES,,,
md,kdc22510,view,51,c50,text,text,YES,,,
md,kdc22511,view,1,sucursal,text,text,YES,,,
md,kdc22511,view,2,c1,numeric,numeric,YES,,,
md,kdc22511,view,3,c2,timestamp without time zone,timestamp,YES,,,
md,kdc22511,view,4,c3,text,text,YES,,,
md,kdc22511,view,5,c4,text,text,YES,,,
md,kdc22511,view,6,c5,numeric,numeric,YES,,,
md,kdc22511,view,7,c6,text,text,YES,,,
md,kdc22511,view,8,c7,text,text,YES,,,
md,kdc22511,view,9,c8,text,text,YES,,,
md,kdc22511,view,10,c9,numeric,numeric,YES,,,
md,kdc22511,view,11,c10,numeric,numeric,YES,,,
md,kdc22511,view,12,c11,text,text,YES,,,
md,kdc22511,view,13,c12,text,text,YES,,,
md,kdc22511,view,14,c13,text,text,YES,,,
md,kdc22511,view,15,c14,text,text,YES,,,
md,kdc22511,view,16,c15,text,text,YES,,,
md,kdc22511,view,17,c16,text,text,YES,,,
md,kdc22511,view,18,c17,numeric,numeric,YES,,,
md,kdc22511,view,19,c18,numeric,numeric,YES,,,
md,kdc22511,view,20,c19,text,text,YES,,,
md,kdc22511,view,21,c20,text,text,YES,,,
md,kdc22511,view,22,c21,text,text,YES,,,
md,kdc22511,view,23,c22,text,text,YES,,,
md,kdc22511,view,24,c23,text,text,YES,,,
md,kdc22511,view,25,c24,text,text,YES,,,
md,kdc22511,view,26,c25,text,text,YES,,,
md,kdc22511,view,27,c26,text,text,YES,,,
md,kdc22511,view,28,c27,text,text,YES,,,
md,kdc22511,view,29,c28,text,text,YES,,,
md,kdc22511,view,30,c29,text,text,YES,,,
md,kdc22511,view,31,c30,text,text,YES,,,
md,kdc22511,view,32,c31,timestamp without time zone,timestamp,YES,,,
md,kdc22511,view,33,c32,text,text,YES,,,
md,kdc22511,view,34,c33,text,text,YES,,,
md,kdc22511,view,35,c34,text,text,YES,,,
md,kdc22511,view,36,c35,text,text,YES,,,
md,kdc22511,view,37,c36,text,text,YES,,,
md,kdc22511,view,38,c37,text,text,YES,,,
md,kdc22511,view,39,c38,text,text,YES,,,
md,kdc22511,view,40,c39,text,text,YES,,,
md,kdc22511,view,41,c40,text,text,YES,,,
md,kdc22511,view,42,c41,text,text,YES,,,
md,kdc22511,view,43,c42,text,text,YES,,,
md,kdc22511,view,44,c43,text,text,YES,,,
md,kdc22511,view,45,c44,text,text,YES,,,
md,kdc22511,view,46,c45,text,text,YES,,,
md,kdc22511,view,47,c46,text,text,YES,,,
md,kdc22511,view,48,c47,text,text,YES,,,
md,kdc22511,view,49,c48,text,text,YES,,,
md,kdc22511,view,50,c49,text,text,YES,,,
md,kdc22511,view,51,c50,text,text,YES,,,
md,kdc22512,view,1,sucursal,text,text,YES,,,
md,kdc22512,view,2,c1,numeric,numeric,YES,,,
md,kdc22512,view,3,c2,timestamp without time zone,timestamp,YES,,,
md,kdc22512,view,4,c3,text,text,YES,,,
md,kdc22512,view,5,c4,text,text,YES,,,
md,kdc22512,view,6,c5,numeric,numeric,YES,,,
md,kdc22512,view,7,c6,text,text,YES,,,
md,kdc22512,view,8,c7,text,text,YES,,,
md,kdc22512,view,9,c8,text,text,YES,,,
md,kdc22512,view,10,c9,numeric,numeric,YES,,,
md,kdc22512,view,11,c10,numeric,numeric,YES,,,
md,kdc22512,view,12,c11,text,text,YES,,,
md,kdc22512,view,13,c12,text,text,YES,,,
md,kdc22512,view,14,c13,text,text,YES,,,
md,kdc22512,view,15,c14,text,text,YES,,,
md,kdc22512,view,16,c15,text,text,YES,,,
md,kdc22512,view,17,c16,text,text,YES,,,
md,kdc22512,view,18,c17,numeric,numeric,YES,,,
md,kdc22512,view,19,c18,numeric,numeric,YES,,,
md,kdc22512,view,20,c19,text,text,YES,,,
md,kdc22512,view,21,c20,text,text,YES,,,
md,kdc22512,view,22,c21,text,text,YES,,,
md,kdc22512,view,23,c22,text,text,YES,,,
md,kdc22512,view,24,c23,text,text,YES,,,
md,kdc22512,view,25,c24,text,text,YES,,,
md,kdc22512,view,26,c25,text,text,YES,,,
md,kdc22512,view,27,c26,text,text,YES,,,
md,kdc22512,view,28,c27,text,text,YES,,,
md,kdc22512,view,29,c28,text,text,YES,,,
md,kdc22512,view,30,c29,text,text,YES,,,
md,kdc22512,view,31,c30,text,text,YES,,,
md,kdc22512,view,32,c31,timestamp without time zone,timestamp,YES,,,
md,kdc22512,view,33,c32,text,text,YES,,,
md,kdc22512,view,34,c33,text,text,YES,,,
md,kdc22512,view,35,c34,text,text,YES,,,
md,kdc22512,view,36,c35,text,text,YES,,,
md,kdc22512,view,37,c36,text,text,YES,,,
md,kdc22512,view,38,c37,text,text,YES,,,
md,kdc22512,view,39,c38,text,text,YES,,,
md,kdc22512,view,40,c39,text,text,YES,,,
md,kdc22512,view,41,c40,text,text,YES,,,
md,kdc22512,view,42,c41,text,text,YES,,,
md,kdc22512,view,43,c42,text,text,YES,,,
md,kdc22512,view,44,c43,text,text,YES,,,
md,kdc22512,view,45,c44,text,text,YES,,,
md,kdc22512,view,46,c45,text,text,YES,,,
md,kdc22512,view,47,c46,text,text,YES,,,
md,kdc22512,view,48,c47,text,text,YES,,,
md,kdc22512,view,49,c48,text,text,YES,,,
md,kdc22512,view,50,c49,text,text,YES,,,
md,kdc22512,view,51,c50,text,text,YES,,,
md,kdc22601,view,1,sucursal,text,text,YES,,,
md,kdc22601,view,2,c1,numeric,numeric,YES,,,
md,kdc22601,view,3,c2,timestamp without time zone,timestamp,YES,,,
md,kdc22601,view,4,c3,text,text,YES,,,
md,kdc22601,view,5,c4,text,text,YES,,,
md,kdc22601,view,6,c5,numeric,numeric,YES,,,
md,kdc22601,view,7,c6,text,text,YES,,,
md,kdc22601,view,8,c7,text,text,YES,,,
md,kdc22601,view,9,c8,text,text,YES,,,
md,kdc22601,view,10,c9,numeric,numeric,YES,,,
md,kdc22601,view,11,c10,numeric,numeric,YES,,,
md,kdc22601,view,12,c11,text,text,YES,,,
md,kdc22601,view,13,c12,text,text,YES,,,
md,kdc22601,view,14,c13,text,text,YES,,,
md,kdc22601,view,15,c14,text,text,YES,,,
md,kdc22601,view,16,c15,text,text,YES,,,
md,kdc22601,view,17,c16,text,text,YES,,,
md,kdc22601,view,18,c17,numeric,numeric,YES,,,
md,kdc22601,view,19,c18,numeric,numeric,YES,,,
md,kdc22601,view,20,c19,text,text,YES,,,
md,kdc22601,view,21,c20,text,text,YES,,,
md,kdc22601,view,22,c21,text,text,YES,,,
md,kdc22601,view,23,c22,text,text,YES,,,
md,kdc22601,view,24,c23,text,text,YES,,,
md,kdc22601,view,25,c24,text,text,YES,,,
md,kdc22601,view,26,c25,text,text,YES,,,
md,kdc22601,view,27,c26,text,text,YES,,,
md,kdc22601,view,28,c27,text,text,YES,,,
md,kdc22601,view,29,c28,text,text,YES,,,
md,kdc22601,view,30,c29,text,text,YES,,,
md,kdc22601,view,31,c30,text,text,YES,,,
md,kdc22601,view,32,c31,timestamp without time zone,timestamp,YES,,,
md,kdc22601,view,33,c32,text,text,YES,,,
md,kdc22601,view,34,c33,text,text,YES,,,
md,kdc22601,view,35,c34,text,text,YES,,,
md,kdc22601,view,36,c35,text,text,YES,,,
md,kdc22601,view,37,c36,text,text,YES,,,
md,kdc22601,view,38,c37,text,text,YES,,,
md,kdc22601,view,39,c38,text,text,YES,,,
md,kdc22601,view,40,c39,text,text,YES,,,
md,kdc22601,view,41,c40,text,text,YES,,,
md,kdc22601,view,42,c41,text,text,YES,,,
md,kdc22601,view,43,c42,text,text,YES,,,
md,kdc22601,view,44,c43,text,text,YES,,,
md,kdc22601,view,45,c44,text,text,YES,,,
md,kdc22601,view,46,c45,text,text,YES,,,
md,kdc22601,view,47,c46,text,text,YES,,,
md,kdc22601,view,48,c47,text,text,YES,,,
md,kdc22601,view,49,c48,text,text,YES,,,
md,kdc22601,view,50,c49,text,text,YES,,,
md,kdc22601,view,51,c50,text,text,YES,,,
md,kdc22602,view,1,sucursal,text,text,YES,,,
md,kdc22602,view,2,c1,numeric,numeric,YES,,,
md,kdc22602,view,3,c2,timestamp without time zone,timestamp,YES,,,
md,kdc22602,view,4,c3,text,text,YES,,,
md,kdc22602,view,5,c4,text,text,YES,,,
md,kdc22602,view,6,c5,numeric,numeric,YES,,,
md,kdc22602,view,7,c6,text,text,YES,,,
md,kdc22602,view,8,c7,text,text,YES,,,
md,kdc22602,view,9,c8,text,text,YES,,,
md,kdc22602,view,10,c9,numeric,numeric,YES,,,
md,kdc22602,view,11,c10,numeric,numeric,YES,,,
md,kdc22602,view,12,c11,text,text,YES,,,
md,kdc22602,view,13,c12,text,text,YES,,,
md,kdc22602,view,14,c13,text,text,YES,,,
md,kdc22602,view,15,c14,text,text,YES,,,
md,kdc22602,view,16,c15,text,text,YES,,,
md,kdc22602,view,17,c16,text,text,YES,,,
md,kdc22602,view,18,c17,numeric,numeric,YES,,,
md,kdc22602,view,19,c18,numeric,numeric,YES,,,
md,kdc22602,view,20,c19,text,text,YES,,,
md,kdc22602,view,21,c20,text,text,YES,,,
md,kdc22602,view,22,c21,text,text,YES,,,
md,kdc22602,view,23,c22,text,text,YES,,,
md,kdc22602,view,24,c23,text,text,YES,,,
md,kdc22602,view,25,c24,text,text,YES,,,
md,kdc22602,view,26,c25,text,text,YES,,,
md,kdc22602,view,27,c26,text,text,YES,,,
md,kdc22602,view,28,c27,text,text,YES,,,
md,kdc22602,view,29,c28,text,text,YES,,,
md,kdc22602,view,30,c29,text,text,YES,,,
md,kdc22602,view,31,c30,text,text,YES,,,
md,kdc22602,view,32,c31,timestamp without time zone,timestamp,YES,,,
md,kdc22602,view,33,c32,text,text,YES,,,
md,kdc22602,view,34,c33,text,text,YES,,,
md,kdc22602,view,35,c34,text,text,YES,,,
md,kdc22602,view,36,c35,text,text,YES,,,
md,kdc22602,view,37,c36,text,text,YES,,,
md,kdc22602,view,38,c37,text,text,YES,,,
md,kdc22602,view,39,c38,text,text,YES,,,
md,kdc22602,view,40,c39,text,text,YES,,,
md,kdc22602,view,41,c40,text,text,YES,,,
md,kdc22602,view,42,c41,text,text,YES,,,
md,kdc22602,view,43,c42,text,text,YES,,,
md,kdc22602,view,44,c43,text,text,YES,,,
md,kdc22602,view,45,c44,text,text,YES,,,
md,kdc22602,view,46,c45,text,text,YES,,,
md,kdc22602,view,47,c46,text,text,YES,,,
md,kdc22602,view,48,c47,text,text,YES,,,
md,kdc22602,view,49,c48,text,text,YES,,,
md,kdc22602,view,50,c49,text,text,YES,,,
md,kdc22602,view,51,c50,text,text,YES,,,
md,kdc22603,view,1,sucursal,text,text,YES,,,
md,kdc22603,view,2,c1,numeric,numeric,YES,,,
md,kdc22603,view,3,c2,timestamp without time zone,timestamp,YES,,,
md,kdc22603,view,4,c3,text,text,YES,,,
md,kdc22603,view,5,c4,text,text,YES,,,
md,kdc22603,view,6,c5,numeric,numeric,YES,,,
md,kdc22603,view,7,c6,text,text,YES,,,
md,kdc22603,view,8,c7,text,text,YES,,,
md,kdc22603,view,9,c8,text,text,YES,,,
md,kdc22603,view,10,c9,numeric,numeric,YES,,,
md,kdc22603,view,11,c10,numeric,numeric,YES,,,
md,kdc22603,view,12,c11,text,text,YES,,,
md,kdc22603,view,13,c12,text,text,YES,,,
md,kdc22603,view,14,c13,text,text,YES,,,
md,kdc22603,view,15,c14,text,text,YES,,,
md,kdc22603,view,16,c15,text,text,YES,,,
md,kdc22603,view,17,c16,text,text,YES,,,
md,kdc22603,view,18,c17,numeric,numeric,YES,,,
md,kdc22603,view,19,c18,numeric,numeric,YES,,,
md,kdc22603,view,20,c19,text,text,YES,,,
md,kdc22603,view,21,c20,text,text,YES,,,
md,kdc22603,view,22,c21,text,text,YES,,,
md,kdc22603,view,23,c22,text,text,YES,,,
md,kdc22603,view,24,c23,text,text,YES,,,
md,kdc22603,view,25,c24,text,text,YES,,,
md,kdc22603,view,26,c25,text,text,YES,,,
md,kdc22603,view,27,c26,text,text,YES,,,
md,kdc22603,view,28,c27,text,text,YES,,,
md,kdc22603,view,29,c28,text,text,YES,,,
md,kdc22603,view,30,c29,text,text,YES,,,
md,kdc22603,view,31,c30,text,text,YES,,,
md,kdc22603,view,32,c31,timestamp without time zone,timestamp,YES,,,
md,kdc22603,view,33,c32,text,text,YES,,,
md,kdc22603,view,34,c33,text,text,YES,,,
md,kdc22603,view,35,c34,text,text,YES,,,
md,kdc22603,view,36,c35,text,text,YES,,,
md,kdc22603,view,37,c36,text,text,YES,,,
md,kdc22603,view,38,c37,text,text,YES,,,
md,kdc22603,view,39,c38,text,text,YES,,,
md,kdc22603,view,40,c39,text,text,YES,,,
md,kdc22603,view,41,c40,text,text,YES,,,
md,kdc22603,view,42,c41,text,text,YES,,,
md,kdc22603,view,43,c42,text,text,YES,,,
md,kdc22603,view,44,c43,text,text,YES,,,
md,kdc22603,view,45,c44,text,text,YES,,,
md,kdc22603,view,46,c45,text,text,YES,,,
md,kdc22603,view,47,c46,text,text,YES,,,
md,kdc22603,view,48,c47,text,text,YES,,,
md,kdc22603,view,49,c48,text,text,YES,,,
md,kdc22603,view,50,c49,text,text,YES,,,
md,kdc22603,view,51,c50,text,text,YES,,,
md,kdc22604,view,1,sucursal,text,text,YES,,,
md,kdc22604,view,2,c1,numeric,numeric,YES,,,
md,kdc22604,view,3,c2,timestamp without time zone,timestamp,YES,,,
md,kdc22604,view,4,c3,text,text,YES,,,
md,kdc22604,view,5,c4,text,text,YES,,,
md,kdc22604,view,6,c5,numeric,numeric,YES,,,
md,kdc22604,view,7,c6,text,text,YES,,,
md,kdc22604,view,8,c7,text,text,YES,,,
md,kdc22604,view,9,c8,text,text,YES,,,
md,kdc22604,view,10,c9,numeric,numeric,YES,,,
md,kdc22604,view,11,c10,numeric,numeric,YES,,,
md,kdc22604,view,12,c11,text,text,YES,,,
md,kdc22604,view,13,c12,text,text,YES,,,
md,kdc22604,view,14,c13,text,text,YES,,,
md,kdc22604,view,15,c14,text,text,YES,,,
md,kdc22604,view,16,c15,text,text,YES,,,
md,kdc22604,view,17,c16,text,text,YES,,,
md,kdc22604,view,18,c17,numeric,numeric,YES,,,
md,kdc22604,view,19,c18,numeric,numeric,YES,,,
md,kdc22604,view,20,c19,text,text,YES,,,
md,kdc22604,view,21,c20,text,text,YES,,,
md,kdc22604,view,22,c21,text,text,YES,,,
md,kdc22604,view,23,c22,text,text,YES,,,
md,kdc22604,view,24,c23,text,text,YES,,,
md,kdc22604,view,25,c24,text,text,YES,,,
md,kdc22604,view,26,c25,text,text,YES,,,
md,kdc22604,view,27,c26,text,text,YES,,,
md,kdc22604,view,28,c27,text,text,YES,,,
md,kdc22604,view,29,c28,text,text,YES,,,
md,kdc22604,view,30,c29,text,text,YES,,,
md,kdc22604,view,31,c30,text,text,YES,,,
md,kdc22604,view,32,c31,timestamp without time zone,timestamp,YES,,,
md,kdc22604,view,33,c32,text,text,YES,,,
md,kdc22604,view,34,c33,text,text,YES,,,
md,kdc22604,view,35,c34,text,text,YES,,,
md,kdc22604,view,36,c35,text,text,YES,,,
md,kdc22604,view,37,c36,text,text,YES,,,
md,kdc22604,view,38,c37,text,text,YES,,,
md,kdc22604,view,39,c38,text,text,YES,,,
md,kdc22604,view,40,c39,text,text,YES,,,
md,kdc22604,view,41,c40,text,text,YES,,,
md,kdc22604,view,42,c41,text,text,YES,,,
md,kdc22604,view,43,c42,text,text,YES,,,
md,kdc22604,view,44,c43,text,text,YES,,,
md,kdc22604,view,45,c44,text,text,YES,,,
md,kdc22604,view,46,c45,text,text,YES,,,
md,kdc22604,view,47,c46,text,text,YES,,,
md,kdc22604,view,48,c47,text,text,YES,,,
md,kdc22604,view,49,c48,text,text,YES,,,
md,kdc22604,view,50,c49,text,text,YES,,,
md,kdc22604,view,51,c50,text,text,YES,,,
md,kdc22605,view,1,sucursal,text,text,YES,,,
md,kdc22605,view,2,c1,numeric,numeric,YES,,,
md,kdc22605,view,3,c2,timestamp without time zone,timestamp,YES,,,
md,kdc22605,view,4,c3,text,text,YES,,,
md,kdc22605,view,5,c4,text,text,YES,,,
md,kdc22605,view,6,c5,numeric,numeric,YES,,,
md,kdc22605,view,7,c6,text,text,YES,,,
md,kdc22605,view,8,c7,text,text,YES,,,
md,kdc22605,view,9,c8,text,text,YES,,,
md,kdc22605,view,10,c9,numeric,numeric,YES,,,
md,kdc22605,view,11,c10,numeric,numeric,YES,,,
md,kdc22605,view,12,c11,text,text,YES,,,
md,kdc22605,view,13,c12,text,text,YES,,,
md,kdc22605,view,14,c13,text,text,YES,,,
md,kdc22605,view,15,c14,text,text,YES,,,
md,kdc22605,view,16,c15,text,text,YES,,,
md,kdc22605,view,17,c16,text,text,YES,,,
md,kdc22605,view,18,c17,numeric,numeric,YES,,,
md,kdc22605,view,19,c18,numeric,numeric,YES,,,
md,kdc22605,view,20,c19,text,text,YES,,,
md,kdc22605,view,21,c20,text,text,YES,,,
md,kdc22605,view,22,c21,text,text,YES,,,
md,kdc22605,view,23,c22,text,text,YES,,,
md,kdc22605,view,24,c23,text,text,YES,,,
md,kdc22605,view,25,c24,text,text,YES,,,
md,kdc22605,view,26,c25,text,text,YES,,,
md,kdc22605,view,27,c26,text,text,YES,,,
md,kdc22605,view,28,c27,text,text,YES,,,
md,kdc22605,view,29,c28,text,text,YES,,,
md,kdc22605,view,30,c29,text,text,YES,,,
md,kdc22605,view,31,c30,text,text,YES,,,
md,kdc22605,view,32,c31,timestamp without time zone,timestamp,YES,,,
md,kdc22605,view,33,c32,text,text,YES,,,
md,kdc22605,view,34,c33,text,text,YES,,,
md,kdc22605,view,35,c34,text,text,YES,,,
md,kdc22605,view,36,c35,text,text,YES,,,
md,kdc22605,view,37,c36,text,text,YES,,,
md,kdc22605,view,38,c37,text,text,YES,,,
md,kdc22605,view,39,c38,text,text,YES,,,
md,kdc22605,view,40,c39,text,text,YES,,,
md,kdc22605,view,41,c40,text,text,YES,,,
md,kdc22605,view,42,c41,text,text,YES,,,
md,kdc22605,view,43,c42,text,text,YES,,,
md,kdc22605,view,44,c43,text,text,YES,,,
md,kdc22605,view,45,c44,text,text,YES,,,
md,kdc22605,view,46,c45,text,text,YES,,,
md,kdc22605,view,47,c46,text,text,YES,,,
md,kdc22605,view,48,c47,text,text,YES,,,
md,kdc22605,view,49,c48,text,text,YES,,,
md,kdc22605,view,50,c49,text,text,YES,,,
md,kdc22605,view,51,c50,text,text,YES,,,
md,kdc22606,view,1,sucursal,text,text,YES,,,
md,kdc22606,view,2,c1,numeric,numeric,YES,,,
md,kdc22606,view,3,c2,timestamp without time zone,timestamp,YES,,,
md,kdc22606,view,4,c3,text,text,YES,,,
md,kdc22606,view,5,c4,text,text,YES,,,
md,kdc22606,view,6,c5,numeric,numeric,YES,,,
md,kdc22606,view,7,c6,text,text,YES,,,
md,kdc22606,view,8,c7,text,text,YES,,,
md,kdc22606,view,9,c8,text,text,YES,,,
md,kdc22606,view,10,c9,numeric,numeric,YES,,,
md,kdc22606,view,11,c10,numeric,numeric,YES,,,
md,kdc22606,view,12,c11,text,text,YES,,,
md,kdc22606,view,13,c12,text,text,YES,,,
md,kdc22606,view,14,c13,text,text,YES,,,
md,kdc22606,view,15,c14,text,text,YES,,,
md,kdc22606,view,16,c15,text,text,YES,,,
md,kdc22606,view,17,c16,text,text,YES,,,
md,kdc22606,view,18,c17,numeric,numeric,YES,,,
md,kdc22606,view,19,c18,numeric,numeric,YES,,,
md,kdc22606,view,20,c19,text,text,YES,,,
md,kdc22606,view,21,c20,text,text,YES,,,
md,kdc22606,view,22,c21,text,text,YES,,,
md,kdc22606,view,23,c22,text,text,YES,,,
md,kdc22606,view,24,c23,text,text,YES,,,
md,kdc22606,view,25,c24,text,text,YES,,,
md,kdc22606,view,26,c25,text,text,YES,,,
md,kdc22606,view,27,c26,text,text,YES,,,
md,kdc22606,view,28,c27,text,text,YES,,,
md,kdc22606,view,29,c28,text,text,YES,,,
md,kdc22606,view,30,c29,text,text,YES,,,
md,kdc22606,view,31,c30,text,text,YES,,,
md,kdc22606,view,32,c31,timestamp without time zone,timestamp,YES,,,
md,kdc22606,view,33,c32,text,text,YES,,,
md,kdc22606,view,34,c33,text,text,YES,,,
md,kdc22606,view,35,c34,text,text,YES,,,
md,kdc22606,view,36,c35,text,text,YES,,,
md,kdc22606,view,37,c36,text,text,YES,,,
md,kdc22606,view,38,c37,text,text,YES,,,
md,kdc22606,view,39,c38,text,text,YES,,,
md,kdc22606,view,40,c39,text,text,YES,,,
md,kdc22606,view,41,c40,text,text,YES,,,
md,kdc22606,view,42,c41,text,text,YES,,,
md,kdc22606,view,43,c42,text,text,YES,,,
md,kdc22606,view,44,c43,text,text,YES,,,
md,kdc22606,view,45,c44,text,text,YES,,,
md,kdc22606,view,46,c45,text,text,YES,,,
md,kdc22606,view,47,c46,text,text,YES,,,
md,kdc22606,view,48,c47,text,text,YES,,,
md,kdc22606,view,49,c48,text,text,YES,,,
md,kdc22606,view,50,c49,text,text,YES,,,
md,kdc22606,view,51,c50,text,text,YES,,,
md,kdc22607,view,1,sucursal,text,text,YES,,,
md,kdc22607,view,2,c1,numeric,numeric,YES,,,
md,kdc22607,view,3,c2,timestamp without time zone,timestamp,YES,,,
md,kdc22607,view,4,c3,text,text,YES,,,
md,kdc22607,view,5,c4,text,text,YES,,,
md,kdc22607,view,6,c5,numeric,numeric,YES,,,
md,kdc22607,view,7,c6,text,text,YES,,,
md,kdc22607,view,8,c7,text,text,YES,,,
md,kdc22607,view,9,c8,text,text,YES,,,
md,kdc22607,view,10,c9,numeric,numeric,YES,,,
md,kdc22607,view,11,c10,numeric,numeric,YES,,,
md,kdc22607,view,12,c11,text,text,YES,,,
md,kdc22607,view,13,c12,text,text,YES,,,
md,kdc22607,view,14,c13,text,text,YES,,,
md,kdc22607,view,15,c14,text,text,YES,,,
md,kdc22607,view,16,c15,text,text,YES,,,
md,kdc22607,view,17,c16,text,text,YES,,,
md,kdc22607,view,18,c17,numeric,numeric,YES,,,
md,kdc22607,view,19,c18,numeric,numeric,YES,,,
md,kdc22607,view,20,c19,text,text,YES,,,
md,kdc22607,view,21,c20,text,text,YES,,,
md,kdc22607,view,22,c21,text,text,YES,,,
md,kdc22607,view,23,c22,text,text,YES,,,
md,kdc22607,view,24,c23,text,text,YES,,,
md,kdc22607,view,25,c24,text,text,YES,,,
md,kdc22607,view,26,c25,text,text,YES,,,
md,kdc22607,view,27,c26,text,text,YES,,,
md,kdc22607,view,28,c27,text,text,YES,,,
md,kdc22607,view,29,c28,text,text,YES,,,
md,kdc22607,view,30,c29,text,text,YES,,,
md,kdc22607,view,31,c30,text,text,YES,,,
md,kdc22607,view,32,c31,timestamp without time zone,timestamp,YES,,,
md,kdc22607,view,33,c32,text,text,YES,,,
md,kdc22607,view,34,c33,text,text,YES,,,
md,kdc22607,view,35,c34,text,text,YES,,,
md,kdc22607,view,36,c35,text,text,YES,,,
md,kdc22607,view,37,c36,text,text,YES,,,
md,kdc22607,view,38,c37,text,text,YES,,,
md,kdc22607,view,39,c38,text,text,YES,,,
md,kdc22607,view,40,c39,text,text,YES,,,
md,kdc22607,view,41,c40,text,text,YES,,,
md,kdc22607,view,42,c41,text,text,YES,,,
md,kdc22607,view,43,c42,text,text,YES,,,
md,kdc22607,view,44,c43,text,text,YES,,,
md,kdc22607,view,45,c44,text,text,YES,,,
md,kdc22607,view,46,c45,text,text,YES,,,
md,kdc22607,view,47,c46,text,text,YES,,,
md,kdc22607,view,48,c47,text,text,YES,,,
md,kdc22607,view,49,c48,text,text,YES,,,
md,kdc22607,view,50,c49,text,text,YES,,,
md,kdc22607,view,51,c50,text,text,YES,,,
md,kdc22608,view,1,sucursal,text,text,YES,,,
md,kdc22608,view,2,c1,numeric,numeric,YES,,,
md,kdc22608,view,3,c2,timestamp without time zone,timestamp,YES,,,
md,kdc22608,view,4,c3,text,text,YES,,,
md,kdc22608,view,5,c4,text,text,YES,,,
md,kdc22608,view,6,c5,numeric,numeric,YES,,,
md,kdc22608,view,7,c6,text,text,YES,,,
md,kdc22608,view,8,c7,text,text,YES,,,
md,kdc22608,view,9,c8,text,text,YES,,,
md,kdc22608,view,10,c9,numeric,numeric,YES,,,
md,kdc22608,view,11,c10,numeric,numeric,YES,,,
md,kdc22608,view,12,c11,text,text,YES,,,
md,kdc22608,view,13,c12,text,text,YES,,,
md,kdc22608,view,14,c13,text,text,YES,,,
md,kdc22608,view,15,c14,text,text,YES,,,
md,kdc22608,view,16,c15,text,text,YES,,,
md,kdc22608,view,17,c16,text,text,YES,,,
md,kdc22608,view,18,c17,numeric,numeric,YES,,,
md,kdc22608,view,19,c18,numeric,numeric,YES,,,
md,kdc22608,view,20,c19,text,text,YES,,,
md,kdc22608,view,21,c20,text,text,YES,,,
md,kdc22608,view,22,c21,text,text,YES,,,
md,kdc22608,view,23,c22,text,text,YES,,,
md,kdc22608,view,24,c23,text,text,YES,,,
md,kdc22608,view,25,c24,text,text,YES,,,
md,kdc22608,view,26,c25,text,text,YES,,,
md,kdc22608,view,27,c26,text,text,YES,,,
md,kdc22608,view,28,c27,text,text,YES,,,
md,kdc22608,view,29,c28,text,text,YES,,,
md,kdc22608,view,30,c29,text,text,YES,,,
md,kdc22608,view,31,c30,text,text,YES,,,
md,kdc22608,view,32,c31,timestamp without time zone,timestamp,YES,,,
md,kdc22608,view,33,c32,text,text,YES,,,
md,kdc22608,view,34,c33,text,text,YES,,,
md,kdc22608,view,35,c34,text,text,YES,,,
md,kdc22608,view,36,c35,text,text,YES,,,
md,kdc22608,view,37,c36,text,text,YES,,,
md,kdc22608,view,38,c37,text,text,YES,,,
md,kdc22608,view,39,c38,text,text,YES,,,
md,kdc22608,view,40,c39,text,text,YES,,,
md,kdc22608,view,41,c40,text,text,YES,,,
md,kdc22608,view,42,c41,text,text,YES,,,
md,kdc22608,view,43,c42,text,text,YES,,,
md,kdc22608,view,44,c43,text,text,YES,,,
md,kdc22608,view,45,c44,text,text,YES,,,
md,kdc22608,view,46,c45,text,text,YES,,,
md,kdc22608,view,47,c46,text,text,YES,,,
md,kdc22608,view,48,c47,text,text,YES,,,
md,kdc22608,view,49,c48,text,text,YES,,,
md,kdc22608,view,50,c49,text,text,YES,,,
md,kdc22608,view,51,c50,text,text,YES,,,
md,kdc22609,view,1,sucursal,text,text,YES,,,
md,kdc22609,view,2,c1,numeric,numeric,YES,,,
md,kdc22609,view,3,c2,timestamp without time zone,timestamp,YES,,,
md,kdc22609,view,4,c3,text,text,YES,,,
md,kdc22609,view,5,c4,text,text,YES,,,
md,kdc22609,view,6,c5,numeric,numeric,YES,,,
md,kdc22609,view,7,c6,text,text,YES,,,
md,kdc22609,view,8,c7,text,text,YES,,,
md,kdc22609,view,9,c8,text,text,YES,,,
md,kdc22609,view,10,c9,numeric,numeric,YES,,,
md,kdc22609,view,11,c10,numeric,numeric,YES,,,
md,kdc22609,view,12,c11,text,text,YES,,,
md,kdc22609,view,13,c12,text,text,YES,,,
md,kdc22609,view,14,c13,text,text,YES,,,
md,kdc22609,view,15,c14,text,text,YES,,,
md,kdc22609,view,16,c15,text,text,YES,,,
md,kdc22609,view,17,c16,text,text,YES,,,
md,kdc22609,view,18,c17,numeric,numeric,YES,,,
md,kdc22609,view,19,c18,numeric,numeric,YES,,,
md,kdc22609,view,20,c19,text,text,YES,,,
md,kdc22609,view,21,c20,text,text,YES,,,
md,kdc22609,view,22,c21,text,text,YES,,,
md,kdc22609,view,23,c22,text,text,YES,,,
md,kdc22609,view,24,c23,text,text,YES,,,
md,kdc22609,view,25,c24,text,text,YES,,,
md,kdc22609,view,26,c25,text,text,YES,,,
md,kdc22609,view,27,c26,text,text,YES,,,
md,kdc22609,view,28,c27,text,text,YES,,,
md,kdc22609,view,29,c28,text,text,YES,,,
md,kdc22609,view,30,c29,text,text,YES,,,
md,kdc22609,view,31,c30,text,text,YES,,,
md,kdc22609,view,32,c31,timestamp without time zone,timestamp,YES,,,
md,kdc22609,view,33,c32,text,text,YES,,,
md,kdc22609,view,34,c33,text,text,YES,,,
md,kdc22609,view,35,c34,text,text,YES,,,
md,kdc22609,view,36,c35,text,text,YES,,,
md,kdc22609,view,37,c36,text,text,YES,,,
md,kdc22609,view,38,c37,text,text,YES,,,
md,kdc22609,view,39,c38,text,text,YES,,,
md,kdc22609,view,40,c39,text,text,YES,,,
md,kdc22609,view,41,c40,text,text,YES,,,
md,kdc22609,view,42,c41,text,text,YES,,,
md,kdc22609,view,43,c42,text,text,YES,,,
md,kdc22609,view,44,c43,text,text,YES,,,
md,kdc22609,view,45,c44,text,text,YES,,,
md,kdc22609,view,46,c45,text,text,YES,,,
md,kdc22609,view,47,c46,text,text,YES,,,
md,kdc22609,view,48,c47,text,text,YES,,,
md,kdc22609,view,49,c48,text,text,YES,,,
md,kdc22609,view,50,c49,text,text,YES,,,
md,kdc22609,view,51,c50,text,text,YES,,,
md,kdc22610,view,1,sucursal,text,text,YES,,,
md,kdc22610,view,2,c1,numeric,numeric,YES,,,
md,kdc22610,view,3,c2,timestamp without time zone,timestamp,YES,,,
md,kdc22610,view,4,c3,text,text,YES,,,
md,kdc22610,view,5,c4,text,text,YES,,,
md,kdc22610,view,6,c5,numeric,numeric,YES,,,
md,kdc22610,view,7,c6,text,text,YES,,,
md,kdc22610,view,8,c7,text,text,YES,,,
md,kdc22610,view,9,c8,text,text,YES,,,
md,kdc22610,view,10,c9,numeric,numeric,YES,,,
md,kdc22610,view,11,c10,numeric,numeric,YES,,,
md,kdc22610,view,12,c11,text,text,YES,,,
md,kdc22610,view,13,c12,text,text,YES,,,
md,kdc22610,view,14,c13,text,text,YES,,,
md,kdc22610,view,15,c14,text,text,YES,,,
md,kdc22610,view,16,c15,text,text,YES,,,
md,kdc22610,view,17,c16,text,text,YES,,,
md,kdc22610,view,18,c17,numeric,numeric,YES,,,
md,kdc22610,view,19,c18,numeric,numeric,YES,,,
md,kdc22610,view,20,c19,text,text,YES,,,
md,kdc22610,view,21,c20,text,text,YES,,,
md,kdc22610,view,22,c21,text,text,YES,,,
md,kdc22610,view,23,c22,text,text,YES,,,
md,kdc22610,view,24,c23,text,text,YES,,,
md,kdc22610,view,25,c24,text,text,YES,,,
md,kdc22610,view,26,c25,text,text,YES,,,
md,kdc22610,view,27,c26,text,text,YES,,,
md,kdc22610,view,28,c27,text,text,YES,,,
md,kdc22610,view,29,c28,text,text,YES,,,
md,kdc22610,view,30,c29,text,text,YES,,,
md,kdc22610,view,31,c30,text,text,YES,,,
md,kdc22610,view,32,c31,timestamp without time zone,timestamp,YES,,,
md,kdc22610,view,33,c32,text,text,YES,,,
md,kdc22610,view,34,c33,text,text,YES,,,
md,kdc22610,view,35,c34,text,text,YES,,,
md,kdc22610,view,36,c35,text,text,YES,,,
md,kdc22610,view,37,c36,text,text,YES,,,
md,kdc22610,view,38,c37,text,text,YES,,,
md,kdc22610,view,39,c38,text,text,YES,,,
md,kdc22610,view,40,c39,text,text,YES,,,
md,kdc22610,view,41,c40,text,text,YES,,,
md,kdc22610,view,42,c41,text,text,YES,,,
md,kdc22610,view,43,c42,text,text,YES,,,
md,kdc22610,view,44,c43,text,text,YES,,,
md,kdc22610,view,45,c44,text,text,YES,,,
md,kdc22610,view,46,c45,text,text,YES,,,
md,kdc22610,view,47,c46,text,text,YES,,,
md,kdc22610,view,48,c47,text,text,YES,,,
md,kdc22610,view,49,c48,text,text,YES,,,
md,kdc22610,view,50,c49,text,text,YES,,,
md,kdc22610,view,51,c50,text,text,YES,,,
md,kdc22612,view,1,sucursal,text,text,YES,,,
md,kdc22612,view,2,c1,numeric,numeric,YES,,,
md,kdc22612,view,3,c2,timestamp without time zone,timestamp,YES,,,
md,kdc22612,view,4,c3,text,text,YES,,,
md,kdc22612,view,5,c4,text,text,YES,,,
md,kdc22612,view,6,c5,numeric,numeric,YES,,,
md,kdc22612,view,7,c6,text,text,YES,,,
md,kdc22612,view,8,c7,text,text,YES,,,
md,kdc22612,view,9,c8,text,text,YES,,,
md,kdc22612,view,10,c9,numeric,numeric,YES,,,
md,kdc22612,view,11,c10,numeric,numeric,YES,,,
md,kdc22612,view,12,c11,text,text,YES,,,
md,kdc22612,view,13,c12,text,text,YES,,,
md,kdc22612,view,14,c13,text,text,YES,,,
md,kdc22612,view,15,c14,text,text,YES,,,
md,kdc22612,view,16,c15,text,text,YES,,,
md,kdc22612,view,17,c16,text,text,YES,,,
md,kdc22612,view,18,c17,numeric,numeric,YES,,,
md,kdc22612,view,19,c18,numeric,numeric,YES,,,
md,kdc22612,view,20,c19,text,text,YES,,,
md,kdc22612,view,21,c20,text,text,YES,,,
md,kdc22612,view,22,c21,text,text,YES,,,
md,kdc22612,view,23,c22,text,text,YES,,,
md,kdc22612,view,24,c23,text,text,YES,,,
md,kdc22612,view,25,c24,text,text,YES,,,
md,kdc22612,view,26,c25,text,text,YES,,,
md,kdc22612,view,27,c26,text,text,YES,,,
md,kdc22612,view,28,c27,text,text,YES,,,
md,kdc22612,view,29,c28,text,text,YES,,,
md,kdc22612,view,30,c29,text,text,YES,,,
md,kdc22612,view,31,c30,text,text,YES,,,
md,kdc22612,view,32,c31,timestamp without time zone,timestamp,YES,,,
md,kdc22612,view,33,c32,text,text,YES,,,
md,kdc22612,view,34,c33,text,text,YES,,,
md,kdc22612,view,35,c34,text,text,YES,,,
md,kdc22612,view,36,c35,text,text,YES,,,
md,kdc22612,view,37,c36,text,text,YES,,,
md,kdc22612,view,38,c37,text,text,YES,,,
md,kdc22612,view,39,c38,text,text,YES,,,
md,kdc22612,view,40,c39,text,text,YES,,,
md,kdc22612,view,41,c40,text,text,YES,,,
md,kdc22612,view,42,c41,text,text,YES,,,
md,kdc22612,view,43,c42,text,text,YES,,,
md,kdc22612,view,44,c43,text,text,YES,,,
md,kdc22612,view,45,c44,text,text,YES,,,
md,kdc22612,view,46,c45,text,text,YES,,,
md,kdc22612,view,47,c46,text,text,YES,,,
md,kdc22612,view,48,c47,text,text,YES,,,
md,kdc22612,view,49,c48,text,text,YES,,,
md,kdc22612,view,50,c49,text,text,YES,,,
md,kdc22612,view,51,c50,text,text,YES,,,
md,kdc3,view,1,sucursal,text,text,YES,,,
md,kdc3,view,2,c1,text,text,YES,,,
md,kdc3,view,3,c2,text,text,YES,,,
md,kdc3,view,4,c3,text,text,YES,,,
md,kdc3,view,5,c4,text,text,YES,,,
md,kdc3,view,6,c5,text,text,YES,,,
md,kdc3,view,7,c6,text,text,YES,,,
md,kdc3,view,8,c7,text,text,YES,,,
md,kdc3,view,9,c8,text,text,YES,,,
md,kdc3,view,10,c9,text,text,YES,,,
md,kdc3,view,11,c10,text,text,YES,,,
md,kdc3,view,12,c11,text,text,YES,,,
md,kdc3,view,13,c12,text,text,YES,,,
md,kdc3,view,14,c13,text,text,YES,,,
md,kdc3,view,15,c14,text,text,YES,,,
md,kdc3,view,16,c15,text,text,YES,,,
md,kdcn24,view,1,sucursal,text,text,YES,,,
md,kdcn24,view,2,c1,text,text,YES,,,
md,kdcn24,view,3,c2,text,text,YES,,,
md,kdcn24,view,4,c3,text,text,YES,,,
md,kdcn24,view,5,c4,text,text,YES,,,
md,kdcn24,view,6,c5,text,text,YES,,,
md,kdcn24,view,7,c6,numeric,numeric,YES,,,
md,kdcn24,view,8,c7,numeric,numeric,YES,,,
md,kdcn24,view,9,c8,numeric,numeric,YES,,,
md,kdcn25,view,1,sucursal,text,text,YES,,,
md,kdcn25,view,2,c1,text,text,YES,,,
md,kdcn25,view,3,c2,text,text,YES,,,
md,kdcn25,view,4,c3,text,text,YES,,,
md,kdcn25,view,5,c4,text,text,YES,,,
md,kdcn25,view,6,c5,text,text,YES,,,
md,kdcn25,view,7,c6,numeric,numeric,YES,,,
md,kdcn25,view,8,c7,numeric,numeric,YES,,,
md,kdcn25,view,9,c8,numeric,numeric,YES,,,
md,kdcn26,view,1,sucursal,text,text,YES,,,
md,kdcn26,view,2,c1,text,text,YES,,,
md,kdcn26,view,3,c2,text,text,YES,,,
md,kdcn26,view,4,c3,text,text,YES,,,
md,kdcn26,view,5,c4,text,text,YES,,,
md,kdcn26,view,6,c5,text,text,YES,,,
md,kdcn26,view,7,c6,numeric,numeric,YES,,,
md,kdcn26,view,8,c7,numeric,numeric,YES,,,
md,kdcn26,view,9,c8,numeric,numeric,YES,,,
md,kdco,view,1,sucursal,text,text,YES,,,
md,kdco,view,2,c1,text,text,YES,,,
md,kdco,view,3,c2,text,text,YES,,,
md,kdco,view,4,c3,text,text,YES,,,
md,kdconfig,view,1,sucursal,text,text,YES,,,
md,kdconfig,view,2,c1,text,text,YES,,,
md,kdconfig,view,3,c2,text,text,YES,,,
md,kdconfig,view,4,c3,text,text,YES,,,
md,kdconfig,view,5,c4,text,text,YES,,,
md,kdcp,view,1,sucursal,text,text,YES,,,
md,kdcp,view,2,c1,text,text,YES,,,
md,kdcp,view,3,c2,text,text,YES,,,
md,kdcp,view,4,c3,text,text,YES,,,
md,kdcp,view,5,c4,text,text,YES,,,
md,kdcp,view,6,c5,text,text,YES,,,
md,kdcp,view,7,c6,text,text,YES,,,
md,kdcp,view,8,c7,text,text,YES,,,
md,kdcp,view,9,c8,timestamp without time zone,timestamp,YES,,,
md,kdcp,view,10,c9,timestamp without time zone,timestamp,YES,,,
md,kdcp,view,11,c10,numeric,numeric,YES,,,
md,kdcp,view,12,c11,numeric,numeric,YES,,,
md,kdcp,view,13,c12,text,text,YES,,,
md,kdcp,view,14,c13,text,text,YES,,,
md,kdcp,view,15,c14,text,text,YES,,,
md,kdcp,view,16,c15,text,text,YES,,,
md,kdcp,view,17,c16,text,text,YES,,,
md,kdcp,view,18,c17,double precision,float8,YES,,,
md,kdcp,view,19,c18,double precision,float8,YES,,,
md,kdcp,view,20,c19,numeric,numeric,YES,,,
md,kdcp,view,21,c20,text,text,YES,,,
md,kdcp,view,22,c21,text,text,YES,,,
md,kdcp,view,23,c22,numeric,numeric,YES,,,
md,kdcp,view,24,c23,numeric,numeric,YES,,,
md,kdcp,view,25,c24,text,text,YES,,,
md,kdcp,view,26,c25,numeric,numeric,YES,,,
md,kdcp,view,27,c26,numeric,numeric,YES,,,
md,kdcp,view,28,c27,text,text,YES,,,
md,kdcp,view,29,c28,text,text,YES,,,
md,kdcp,view,30,c29,text,text,YES,,,
md,kdcp,view,31,c30,text,text,YES,,,
md,kdcp,view,32,c31,text,text,YES,,,
md,kdcrmparam,view,1,sucursal,text,text,YES,,,
md,kdcrmparam,view,2,c1,text,text,YES,,,
md,kdcrmparam,view,3,c2,text,text,YES,,,
md,kdcrmparam,view,4,c3,text,text,YES,,,
md,kddpest,view,1,sucursal,text,text,YES,,,
md,kddpest,view,2,c1,text,text,YES,,,
md,kddpest,view,3,c2,text,text,YES,,,
md,kddpest,view,4,c3,text,text,YES,,,
md,kddpest,view,5,c4,text,text,YES,,,
md,kddpest,view,6,c5,numeric,numeric,YES,,,
md,kdfe33can,view,1,sucursal,text,text,YES,,,
md,kdfe33can,view,2,c1,text,text,YES,,,
md,kdfe33can,view,3,c2,text,text,YES,,,
md,kdfe33can,view,4,c3,text,text,YES,,,
md,kdfe33can,view,5,c4,text,text,YES,,,
md,kdfe33can,view,6,c5,text,text,YES,,,
md,kdfe33can,view,7,c6,text,text,YES,,,
md,kdfe33can,view,8,c7,numeric,numeric,YES,,,
md,kdfe33can,view,9,c8,numeric,numeric,YES,,,
md,kdfe33can,view,10,c9,text,text,YES,,,
md,kdfe33can,view,11,c10,text,text,YES,,,
md,kdfe33can,view,12,c11,text,text,YES,,,
md,kdfe33can,view,13,c12,text,text,YES,,,
md,kdfe33can,view,14,c13,text,text,YES,,,
md,kdfe33can,view,15,c14,text,text,YES,,,
md,kdfe33can,view,16,c15,text,text,YES,,,
md,kdfe33can,view,17,c16,text,text,YES,,,
md,kdfe33can,view,18,c17,text,text,YES,,,
md,kdfe33can,view,19,c18,text,text,YES,,,
md,kdfe33can,view,20,c19,text,text,YES,,,
md,kdfe33can,view,21,c20,text,text,YES,,,
md,kdfe33catlog,view,1,sucursal,text,text,YES,,,
md,kdfe33catlog,view,2,c1,text,text,YES,,,
md,kdfe33catlog,view,3,c2,timestamp without time zone,timestamp,YES,,,
md,kdfe33catlog,view,4,c3,text,text,YES,,,
md,kdfe33catlog,view,5,c4,text,text,YES,,,
md,kdfe33catlog,view,6,c5,text,text,YES,,,
md,kdfe33catlog,view,7,c6,timestamp without time zone,timestamp,YES,,,
md,kdfe33catlog,view,8,c7,timestamp without time zone,timestamp,YES,,,
md,kdfe33catlog,view,9,c8,numeric,numeric,YES,,,
md,kdfe33catlog,view,10,c9,numeric,numeric,YES,,,
md,kdfe33catlog,view,11,c10,text,text,YES,,,
md,kdfe33cecolo,view,1,sucursal,text,text,YES,,,
md,kdfe33cecolo,view,2,c1,text,text,YES,,,
md,kdfe33cecolo,view,3,c2,text,text,YES,,,
md,kdfe33cecolo,view,4,c3,text,text,YES,,,
md,kdfe33cedirfis,view,1,sucursal,text,text,YES,,,
md,kdfe33cedirfis,view,2,c1,numeric,numeric,YES,,,
md,kdfe33cedirfis,view,3,c2,text,text,YES,,,
md,kdfe33cedirfis,view,4,c3,text,text,YES,,,
md,kdfe33cedirfis,view,5,c4,text,text,YES,,,
md,kdfe33cedirfis,view,6,c5,text,text,YES,,,
md,kdfe33cedirfis,view,7,c6,text,text,YES,,,
md,kdfe33cedirfis,view,8,c7,text,text,YES,,,
md,kdfe33cedirfis,view,9,c8,text,text,YES,,,
md,kdfe33cedirfis,view,10,c9,text,text,YES,,,
md,kdfe33cedirfis,view,11,c10,text,text,YES,,,
md,kdfe33cedirfis,view,12,c11,text,text,YES,,,
md,kdfe33cedirfis,view,13,c12,text,text,YES,,,
md,kdfe33cedirfis,view,14,c13,text,text,YES,,,
md,kdfe33cedirfis,view,15,c14,text,text,YES,,,
md,kdfe33cedirfis,view,16,c15,text,text,YES,,,
md,kdfe33celoc,view,1,sucursal,text,text,YES,,,
md,kdfe33celoc,view,2,c1,text,text,YES,,,
md,kdfe33celoc,view,3,c2,text,text,YES,,,
md,kdfe33celoc,view,4,c3,text,text,YES,,,
md,kdfe33celoc,view,5,c4,timestamp without time zone,timestamp,YES,,,
md,kdfe33celoc,view,6,c5,timestamp without time zone,timestamp,YES,,,
md,kdfe33cempio,view,1,sucursal,text,text,YES,,,
md,kdfe33cempio,view,2,c1,text,text,YES,,,
md,kdfe33cempio,view,3,c2,text,text,YES,,,
md,kdfe33cempio,view,4,c3,text,text,YES,,,
md,kdfe33cempio,view,5,c4,timestamp without time zone,timestamp,YES,,,
md,kdfe33cempio,view,6,c5,timestamp without time zone,timestamp,YES,,,
md,kdfe33docprv,view,1,sucursal,text,text,YES,,,
md,kdfe33docprv,view,2,c1,text,text,YES,,,
md,kdfe33docprv,view,3,c2,text,text,YES,,,
md,kdfe33docprv,view,4,c3,text,text,YES,,,
md,kdfe33docprv,view,5,c4,numeric,numeric,YES,,,
md,kdfe33docprv,view,6,c5,numeric,numeric,YES,,,
md,kdfe33docprv,view,7,c6,text,text,YES,,,
md,kdfe33docprv,view,8,c7,numeric,numeric,YES,,,
md,kdfe33docprv,view,9,c8,text,text,YES,,,
md,kdfe33docprv,view,10,c9,text,text,YES,,,
md,kdfe33docprv,view,11,c10,text,text,YES,,,
md,kdfe33docprv,view,12,c11,numeric,numeric,YES,,,
md,kdfe33docprv,view,13,c12,numeric,numeric,YES,,,
md,kdfe33docprv,view,14,c13,text,text,YES,,,
md,kdfe33docprv,view,15,c14,text,text,YES,,,
md,kdfe33docprv,view,16,c15,text,text,YES,,,
md,kdfe33docprv,view,17,c16,text,text,YES,,,
md,kdfe33fol,view,1,sucursal,text,text,YES,,,
md,kdfe33fol,view,2,c1,text,text,YES,,,
md,kdfe33fol,view,3,c2,text,text,YES,,,
md,kdfe33fol,view,4,c3,text,text,YES,,,
md,kdfe33fol,view,5,c4,numeric,numeric,YES,,,
md,kdfe33folxdoc,view,1,sucursal,text,text,YES,,,
md,kdfe33folxdoc,view,2,c1,text,text,YES,,,
md,kdfe33folxdoc,view,3,c2,text,text,YES,,,
md,kdfe33folxdoc,view,4,c3,text,text,YES,,,
md,kdfe33folxdoc,view,5,c4,text,text,YES,,,
md,kdfe33folxdoc,view,6,c5,numeric,numeric,YES,,,
md,kdfe33folxdoc,view,7,c6,numeric,numeric,YES,,,
md,kdfe33folxdoc,view,8,c7,text,text,YES,,,
md,kdfe33folxdoc,view,9,c8,text,text,YES,,,
md,kdfe33folxdoc,view,10,c9,text,text,YES,,,
md,kdfe33folxdoc,view,11,c10,text,text,YES,,,
md,kdfe33folxdoc,view,12,c11,text,text,YES,,,
md,kdfe33folxdoc,view,13,c12,text,text,YES,,,
md,kdfe33folxdoc,view,14,c13,text,text,YES,,,
md,kdfe33folxdoc,view,15,c14,text,text,YES,,,
md,kdfe33m1,view,1,sucursal,text,text,YES,,,
md,kdfe33m1,view,2,c1,text,text,YES,,,
md,kdfe33m1,view,3,c2,text,text,YES,,,
md,kdfe33m1,view,4,c3,text,text,YES,,,
md,kdfe33m1,view,5,c4,numeric,numeric,YES,,,
md,kdfe33m1,view,6,c5,text,text,YES,,,
md,kdfe33m1,view,7,c6,timestamp without time zone,timestamp,YES,,,
md,kdfe33m1,view,8,c7,text,text,YES,,,
md,kdfe33m1,view,9,c8,text,text,YES,,,
md,kdfe33m1,view,10,c9,text,text,YES,,,
md,kdfe33m1,view,11,c10,text,text,YES,,,
md,kdfe33m1,view,12,c11,numeric,numeric,YES,,,
md,kdfe33m1,view,13,c12,numeric,numeric,YES,,,
md,kdfe33m1,view,14,c13,text,text,YES,,,
md,kdfe33m1,view,15,c14,text,text,YES,,,
md,kdfe33m1,view,16,c15,text,text,YES,,,
md,kdfe33m1,view,17,c16,text,text,YES,,,
md,kdfe33m1,view,18,c17,text,text,YES,,,
md,kdfe33m1,view,19,c18,text,text,YES,,,
md,kdfe33m1,view,20,c19,numeric,numeric,YES,,,
md,kdfe33m1,view,21,c20,numeric,numeric,YES,,,
md,kdfe33m1,view,22,c21,text,text,YES,,,
md,kdfe33m1,view,23,c22,numeric,numeric,YES,,,
md,kdfe33m1,view,24,c23,numeric,numeric,YES,,,
md,kdfe33m1,view,25,c24,numeric,numeric,YES,,,
md,kdfe33m1,view,26,c25,text,text,YES,,,
md,kdfe33m1,view,27,c26,text,text,YES,,,
md,kdfe33m1,view,28,c27,text,text,YES,,,
md,kdfe33m1,view,29,c28,text,text,YES,,,
md,kdfe33m1,view,30,c29,text,text,YES,,,
md,kdfe33m1,view,31,c30,text,text,YES,,,
md,kdfe33m1,view,32,c31,text,text,YES,,,
md,kdfe33m1,view,33,c32,text,text,YES,,,
md,kdfe33m1,view,34,c33,text,text,YES,,,
md,kdfe33m1,view,35,c34,text,text,YES,,,
md,kdfe33m1,view,36,c35,text,text,YES,,,
md,kdfe33m1,view,37,c36,text,text,YES,,,
md,kdfe33m1,view,38,c37,text,text,YES,,,
md,kdfe33m1,view,39,c38,text,text,YES,,,
md,kdfe33m1,view,40,c39,text,text,YES,,,
md,kdfe33m1,view,41,c40,numeric,numeric,YES,,,
md,kdfe33m1,view,42,c41,numeric,numeric,YES,,,
md,kdfe33m1,view,43,c42,numeric,numeric,YES,,,
md,kdfe33m1,view,44,c43,numeric,numeric,YES,,,
md,kdfe33m1,view,45,c44,numeric,numeric,YES,,,
md,kdfe33m1,view,46,c45,text,text,YES,,,
md,kdfe33m1,view,47,c46,text,text,YES,,,
md,kdfe33m1,view,48,c47,text,text,YES,,,
md,kdfe33m1,view,49,c48,text,text,YES,,,
md,kdfe33m1,view,50,c49,text,text,YES,,,
md,kdfe33m1,view,51,c50,text,text,YES,,,
md,kdfe33m1,view,52,c51,text,text,YES,,,
md,kdfe33m1,view,53,c52,text,text,YES,,,
md,kdfe33m1,view,54,c53,text,text,YES,,,
md,kdfe33m1,view,55,c54,text,text,YES,,,
md,kdfe33m1,view,56,c55,text,text,YES,,,
md,kdfe33m1,view,57,c56,text,text,YES,,,
md,kdfe33m1,view,58,c57,text,text,YES,,,
md,kdfe33m1,view,59,c58,text,text,YES,,,
md,kdfe33m1,view,60,c59,text,text,YES,,,
md,kdfe33m1,view,61,c60,text,text,YES,,,
md,kdfe33m1,view,62,c61,text,text,YES,,,
md,kdfe33m1,view,63,c62,text,text,YES,,,
md,kdfe33m1,view,64,c63,numeric,numeric,YES,,,
md,kdfe33m1,view,65,c64,text,text,YES,,,
md,kdfe33m1,view,66,c65,text,text,YES,,,
md,kdfe33m1,view,67,c66,text,text,YES,,,
md,kdfe33m1,view,68,c67,text,text,YES,,,
md,kdfe33m1,view,69,c68,text,text,YES,,,
md,kdfe33m1,view,70,c69,text,text,YES,,,
md,kdfe33m1rel,view,1,sucursal,text,text,YES,,,
md,kdfe33m1rel,view,2,c1,text,text,YES,,,
md,kdfe33m1rel,view,3,c2,text,text,YES,,,
md,kdfe33m1rel,view,4,c3,text,text,YES,,,
md,kdfe33m1rel,view,5,c4,numeric,numeric,YES,,,
md,kdfe33m1rel,view,6,c5,text,text,YES,,,
md,kdfe33m1rel,view,7,c6,text,text,YES,,,
md,kdfe33m1rel,view,8,c7,text,text,YES,,,
md,kdfe33pagm1,view,1,sucursal,text,text,YES,,,
md,kdfe33pagm1,view,2,c1,text,text,YES,,,
md,kdfe33pagm1,view,3,c2,text,text,YES,,,
md,kdfe33pagm1,view,4,c3,text,text,YES,,,
md,kdfe33pagm1,view,5,c4,numeric,numeric,YES,,,
md,kdfe33pagm1,view,6,c5,text,text,YES,,,
md,kdfe33pagm1,view,7,c6,text,text,YES,,,
md,kdfe33pagm1,view,8,c7,text,text,YES,,,
md,kdfe33pagm1,view,9,c8,text,text,YES,,,
md,kdfe33pagm1,view,10,c9,text,text,YES,,,
md,kdfe33pagm1,view,11,c10,numeric,numeric,YES,,,
md,kdfe33pagm1,view,12,c11,numeric,numeric,YES,,,
md,kdfe33pagm1,view,13,c12,numeric,numeric,YES,,,
md,kdfe33pagm1,view,14,c13,text,text,YES,,,
md,kdfe33pagm1,view,15,c14,text,text,YES,,,
md,kdfe33pagm1,view,16,c15,text,text,YES,,,
md,kdfe33pagm1,view,17,c16,text,text,YES,,,
md,kdfe33pagm1,view,18,c17,text,text,YES,,,
md,kdfe33pagm1,view,19,c18,text,text,YES,,,
md,kdfe33pagm1,view,20,c19,text,text,YES,,,
md,kdfe33pagm1,view,21,c20,text,text,YES,,,
md,kdfe33pagm1,view,22,c21,text,text,YES,,,
md,kdfe33pagm1,view,23,c22,text,text,YES,,,
md,kdfe33pagm1,view,24,c23,text,text,YES,,,
md,kdfe33pagm1,view,25,c24,text,text,YES,,,
md,kdfe33pagm1,view,26,c25,text,text,YES,,,
md,kdfe33pagm2,view,1,sucursal,text,text,YES,,,
md,kdfe33pagm2,view,2,c1,text,text,YES,,,
md,kdfe33pagm2,view,3,c2,text,text,YES,,,
md,kdfe33pagm2,view,4,c3,text,text,YES,,,
md,kdfe33pagm2,view,5,c4,numeric,numeric,YES,,,
md,kdfe33pagm2,view,6,c5,numeric,numeric,YES,,,
md,kdfe33pagm2,view,7,c6,text,text,YES,,,
md,kdfe33pagm2,view,8,c7,text,text,YES,,,
md,kdfe33pagm2,view,9,c8,text,text,YES,,,
md,kdfe33pagm2,view,10,c9,numeric,numeric,YES,,,
md,kdfe33pagm2,view,11,c10,numeric,numeric,YES,,,
md,kdfe33pagm2,view,12,c11,text,text,YES,,,
md,kdfe33pagm2,view,13,c12,text,text,YES,,,
md,kdfe33pagm2,view,14,c13,text,text,YES,,,
md,kdfe33pagm2,view,15,c14,text,text,YES,,,
md,kdfe33pagm2,view,16,c15,text,text,YES,,,
md,kdfe33pagm2,view,17,c16,text,text,YES,,,
md,kdfe33pagm2,view,18,c17,numeric,numeric,YES,,,
md,kdfe33pagm2,view,19,c18,text,text,YES,,,
md,kdfe33pagm2,view,20,c19,numeric,numeric,YES,,,
md,kdfe33pagm2,view,21,c20,numeric,numeric,YES,,,
md,kdfe33pagm2,view,22,c21,numeric,numeric,YES,,,
md,kdfe33pagm2,view,23,c22,numeric,numeric,YES,,,
md,kdfe33params,view,1,sucursal,text,text,YES,,,
md,kdfe33params,view,2,c1,text,text,YES,,,
md,kdfe33params,view,3,c2,text,text,YES,,,
md,kdfe33relmn,view,1,sucursal,text,text,YES,,,
md,kdfe33relmn,view,2,c1,text,text,YES,,,
md,kdfe33relmn,view,3,c2,text,text,YES,,,
md,kdfe33relprd,view,1,sucursal,text,text,YES,,,
md,kdfe33relprd,view,2,c1,text,text,YES,,,
md,kdfe33relprd,view,3,c2,text,text,YES,,,
md,kdfe33relprd,view,4,c3,text,text,YES,,,
md,kdfe33relprd,view,5,c4,text,text,YES,,,
md,kdfe33relprd,view,6,c5,text,text,YES,,,
md,kdfe33relprd,view,7,c6,text,text,YES,,,
md,kdfe33satadu,view,1,sucursal,text,text,YES,,,
md,kdfe33satadu,view,2,c1,text,text,YES,,,
md,kdfe33satadu,view,3,c2,text,text,YES,,,
md,kdfe33satadu,view,4,c3,timestamp without time zone,timestamp,YES,,,
md,kdfe33satadu,view,5,c4,timestamp without time zone,timestamp,YES,,,
md,kdfe33satcp,view,1,sucursal,text,text,YES,,,
md,kdfe33satcp,view,2,c1,text,text,YES,,,
md,kdfe33satcp,view,3,c2,text,text,YES,,,
md,kdfe33satcp,view,4,c3,text,text,YES,,,
md,kdfe33satcp,view,5,c4,text,text,YES,,,
md,kdfe33satcp,view,6,c5,numeric,numeric,YES,,,
md,kdfe33satcp,view,7,c6,timestamp without time zone,timestamp,YES,,,
md,kdfe33satcp,view,8,c7,timestamp without time zone,timestamp,YES,,,
md,kdfe33satcp,view,9,c8,text,text,YES,,,
md,kdfe33satcp,view,10,c9,text,text,YES,,,
md,kdfe33satcp,view,11,c10,text,text,YES,,,
md,kdfe33satcp,view,12,c11,text,text,YES,,,
md,kdfe33satcp,view,13,c12,numeric,numeric,YES,,,
md,kdfe33satcp,view,14,c13,text,text,YES,,,
md,kdfe33satcp,view,15,c14,text,text,YES,,,
md,kdfe33satcp,view,16,c15,text,text,YES,,,
md,kdfe33satcp,view,17,c16,numeric,numeric,YES,,,
md,kdfe33satcpautmar,view,1,sucursal,text,text,YES,,,
md,kdfe33satcpautmar,view,2,c1,text,text,YES,,,
md,kdfe33satcpautmar,view,3,c2,timestamp without time zone,timestamp,YES,,,
md,kdfe33satcpautmar,view,4,c3,timestamp without time zone,timestamp,YES,,,
md,kdfe33satcpcodaereo,view,1,sucursal,text,text,YES,,,
md,kdfe33satcpcodaereo,view,2,c1,text,text,YES,,,
md,kdfe33satcpcodaereo,view,3,c2,text,text,YES,,,
md,kdfe33satcpcodaereo,view,4,c3,text,text,YES,,,
md,kdfe33satcpcodaereo,view,5,c4,text,text,YES,,,
md,kdfe33satcpcodaereo,view,6,c5,timestamp without time zone,timestamp,YES,,,
md,kdfe33satcpcodaereo,view,7,c6,timestamp without time zone,timestamp,YES,,,
md,kdfe33satcpconfigauto,view,1,sucursal,text,text,YES,,,
md,kdfe33satcpconfigauto,view,2,c1,text,text,YES,,,
md,kdfe33satcpconfigauto,view,3,c2,text,text,YES,,,
md,kdfe33satcpconfigauto,view,4,c3,text,text,YES,,,
md,kdfe33satcpconfigauto,view,5,c4,text,text,YES,,,
md,kdfe33satcpconfigauto,view,6,c5,text,text,YES,,,
md,kdfe33satcpconfigauto,view,7,c6,timestamp without time zone,timestamp,YES,,,
md,kdfe33satcpconfigauto,view,8,c7,timestamp without time zone,timestamp,YES,,,
md,kdfe33satcpconfigmar,view,1,sucursal,text,text,YES,,,
md,kdfe33satcpconfigmar,view,2,c1,text,text,YES,,,
md,kdfe33satcpconfigmar,view,3,c2,text,text,YES,,,
md,kdfe33satcpconfigmar,view,4,c3,timestamp without time zone,timestamp,YES,,,
md,kdfe33satcpconfigmar,view,5,c4,timestamp without time zone,timestamp,YES,,,
md,kdfe33satcpcontenedormar,view,1,sucursal,text,text,YES,,,
md,kdfe33satcpcontenedormar,view,2,c1,text,text,YES,,,
md,kdfe33satcpcontenedormar,view,3,c2,text,text,YES,,,
md,kdfe33satcpcontenedormar,view,4,c3,timestamp without time zone,timestamp,YES,,,
md,kdfe33satcpcontenedormar,view,5,c4,timestamp without time zone,timestamp,YES,,,
md,kdfe33satcpderechovia,view,1,sucursal,text,text,YES,,,
md,kdfe33satcpderechovia,view,2,c1,text,text,YES,,,
md,kdfe33satcpderechovia,view,3,c2,text,text,YES,,,
md,kdfe33satcpderechovia,view,4,c3,text,text,YES,,,
md,kdfe33satcpderechovia,view,5,c4,text,text,YES,,,
md,kdfe33satcpderechovia,view,6,c5,text,text,YES,,,
md,kdfe33satcpderechovia,view,7,c6,text,text,YES,,,
md,kdfe33satcpderechovia,view,8,c7,timestamp without time zone,timestamp,YES,,,
md,kdfe33satcpderechovia,view,9,c8,timestamp without time zone,timestamp,YES,,,
md,kdfe33satcpembalaje,view,1,sucursal,text,text,YES,,,
md,kdfe33satcpembalaje,view,2,c1,text,text,YES,,,
md,kdfe33satcpembalaje,view,3,c2,text,text,YES,,,
md,kdfe33satcpembalaje,view,4,c3,timestamp without time zone,timestamp,YES,,,
md,kdfe33satcpembalaje,view,5,c4,timestamp without time zone,timestamp,YES,,,
md,kdfe33satcpestaciones,view,1,sucursal,text,text,YES,,,
md,kdfe33satcpestaciones,view,2,c1,text,text,YES,,,
md,kdfe33satcpestaciones,view,3,c2,text,text,YES,,,
md,kdfe33satcpestaciones,view,4,c3,text,text,YES,,,
md,kdfe33satcpestaciones,view,5,c4,text,text,YES,,,
md,kdfe33satcpestaciones,view,6,c5,text,text,YES,,,
md,kdfe33satcpestaciones,view,7,c6,text,text,YES,,,
md,kdfe33satcpestaciones,view,8,c7,timestamp without time zone,timestamp,YES,,,
md,kdfe33satcpestaciones,view,9,c8,timestamp without time zone,timestamp,YES,,,
md,kdfe33satcpfigtransp,view,1,sucursal,text,text,YES,,,
md,kdfe33satcpfigtransp,view,2,c1,text,text,YES,,,
md,kdfe33satcpfigtransp,view,3,c2,text,text,YES,,,
md,kdfe33satcpfigtransp,view,4,c3,timestamp without time zone,timestamp,YES,,,
md,kdfe33satcpfigtransp,view,5,c4,timestamp without time zone,timestamp,YES,,,
md,kdfe33satcpmatpeligroso,view,1,sucursal,text,text,YES,,,
md,kdfe33satcpmatpeligroso,view,2,c1,text,text,YES,,,
md,kdfe33satcpmatpeligroso,view,3,c2,text,text,YES,,,
md,kdfe33satcpmatpeligroso,view,4,c3,text,text,YES,,,
md,kdfe33satcpmatpeligroso,view,5,c4,text,text,YES,,,
md,kdfe33satcpmatpeligroso,view,6,c5,text,text,YES,,,
md,kdfe33satcpmatpeligroso,view,7,c6,timestamp without time zone,timestamp,YES,,,
md,kdfe33satcpmatpeligroso,view,8,c7,timestamp without time zone,timestamp,YES,,,
md,kdfe33satcppartetransp,view,1,sucursal,text,text,YES,,,
md,kdfe33satcppartetransp,view,2,c1,text,text,YES,,,
md,kdfe33satcppartetransp,view,3,c2,text,text,YES,,,
md,kdfe33satcppartetransp,view,4,c3,timestamp without time zone,timestamp,YES,,,
md,kdfe33satcppartetransp,view,5,c4,timestamp without time zone,timestamp,YES,,,
md,kdfe33satcpproductos,view,1,sucursal,text,text,YES,,,
md,kdfe33satcpproductos,view,2,c1,text,text,YES,,,
md,kdfe33satcpproductos,view,3,c2,text,text,YES,,,
md,kdfe33satcpproductos,view,4,c3,text,text,YES,,,
md,kdfe33satcpproductos,view,5,c4,text,text,YES,,,
md,kdfe33satcpproductos,view,6,c5,timestamp without time zone,timestamp,YES,,,
md,kdfe33satcpproductos,view,7,c6,timestamp without time zone,timestamp,YES,,,
md,kdfe33satcpservicios,view,1,sucursal,text,text,YES,,,
md,kdfe33satcpservicios,view,2,c1,text,text,YES,,,
md,kdfe33satcpservicios,view,3,c2,text,text,YES,,,
md,kdfe33satcpservicios,view,4,c3,text,text,YES,,,
md,kdfe33satcpservicios,view,5,c4,timestamp without time zone,timestamp,YES,,,
md,kdfe33satcpservicios,view,6,c5,timestamp without time zone,timestamp,YES,,,
md,kdfe33satcptipocarga,view,1,sucursal,text,text,YES,,,
md,kdfe33satcptipocarga,view,2,c1,text,text,YES,,,
md,kdfe33satcptipocarga,view,3,c2,text,text,YES,,,
md,kdfe33satcptipocarga,view,4,c3,timestamp without time zone,timestamp,YES,,,
md,kdfe33satcptipocarga,view,5,c4,timestamp without time zone,timestamp,YES,,,
md,kdfe33satcptipocarro,view,1,sucursal,text,text,YES,,,
md,kdfe33satcptipocarro,view,2,c1,text,text,YES,,,
md,kdfe33satcptipocarro,view,3,c2,text,text,YES,,,
md,kdfe33satcptipocarro,view,4,c3,text,text,YES,,,
md,kdfe33satcptipocarro,view,5,c4,timestamp without time zone,timestamp,YES,,,
md,kdfe33satcptipocarro,view,6,c5,timestamp without time zone,timestamp,YES,,,
md,kdfe33satcptipocontenedor,view,1,sucursal,text,text,YES,,,
md,kdfe33satcptipocontenedor,view,2,c1,text,text,YES,,,
md,kdfe33satcptipocontenedor,view,3,c2,text,text,YES,,,
md,kdfe33satcptipocontenedor,view,4,c3,text,text,YES,,,
md,kdfe33satcptipocontenedor,view,5,c4,timestamp without time zone,timestamp,YES,,,
md,kdfe33satcptipocontenedor,view,6,c5,timestamp without time zone,timestamp,YES,,,
md,kdfe33satcptipoestacion,view,1,sucursal,text,text,YES,,,
md,kdfe33satcptipoestacion,view,2,c1,text,text,YES,,,
md,kdfe33satcptipoestacion,view,3,c2,text,text,YES,,,
md,kdfe33satcptipoestacion,view,4,c3,text,text,YES,,,
md,kdfe33satcptipoestacion,view,5,c4,timestamp without time zone,timestamp,YES,,,
md,kdfe33satcptipoestacion,view,6,c5,timestamp without time zone,timestamp,YES,,,
md,kdfe33satcptipopermiso,view,1,sucursal,text,text,YES,,,
md,kdfe33satcptipopermiso,view,2,c1,text,text,YES,,,
md,kdfe33satcptipopermiso,view,3,c2,text,text,YES,,,
md,kdfe33satcptipopermiso,view,4,c3,text,text,YES,,,
md,kdfe33satcptipopermiso,view,5,c4,timestamp without time zone,timestamp,YES,,,
md,kdfe33satcptipopermiso,view,6,c5,timestamp without time zone,timestamp,YES,,,
md,kdfe33satcptiporemolque,view,1,sucursal,text,text,YES,,,
md,kdfe33satcptiporemolque,view,2,c1,text,text,YES,,,
md,kdfe33satcptiporemolque,view,3,c2,text,text,YES,,,
md,kdfe33satcptiporemolque,view,4,c3,timestamp without time zone,timestamp,YES,,,
md,kdfe33satcptiporemolque,view,5,c4,timestamp without time zone,timestamp,YES,,,
md,kdfe33satcptipotrafico,view,1,sucursal,text,text,YES,,,
md,kdfe33satcptipotrafico,view,2,c1,text,text,YES,,,
md,kdfe33satcptipotrafico,view,3,c2,text,text,YES,,,
md,kdfe33satcptipotrafico,view,4,c3,timestamp without time zone,timestamp,YES,,,
md,kdfe33satcptipotrafico,view,5,c4,timestamp without time zone,timestamp,YES,,,
md,kdfe33satcptransporte,view,1,sucursal,text,text,YES,,,
md,kdfe33satcptransporte,view,2,c1,text,text,YES,,,
md,kdfe33satcptransporte,view,3,c2,text,text,YES,,,
md,kdfe33satcptransporte,view,4,c3,timestamp without time zone,timestamp,YES,,,
md,kdfe33satcptransporte,view,5,c4,timestamp without time zone,timestamp,YES,,,
md,kdfe33satcpunidades,view,1,sucursal,text,text,YES,,,
md,kdfe33satcpunidades,view,2,c1,text,text,YES,,,
md,kdfe33satcpunidades,view,3,c2,text,text,YES,,,
md,kdfe33satcpunidades,view,4,c3,text,text,YES,,,
md,kdfe33satcpunidades,view,5,c4,text,text,YES,,,
md,kdfe33satcpunidades,view,6,c5,timestamp without time zone,timestamp,YES,,,
md,kdfe33satcpunidades,view,7,c6,timestamp without time zone,timestamp,YES,,,
md,kdfe33satcpunidades,view,8,c7,text,text,YES,,,
md,kdfe33satcpunidades,view,9,c8,text,text,YES,,,
md,kdfe33satedo,view,1,sucursal,text,text,YES,,,
md,kdfe33satedo,view,2,c1,text,text,YES,,,
md,kdfe33satedo,view,3,c2,text,text,YES,,,
md,kdfe33satedo,view,4,c3,text,text,YES,,,
md,kdfe33satedo,view,5,c4,timestamp without time zone,timestamp,YES,,,
md,kdfe33satedo,view,6,c5,timestamp without time zone,timestamp,YES,,,
md,kdfe33satexp,view,1,sucursal,text,text,YES,,,
md,kdfe33satexp,view,2,c1,text,text,YES,,,
md,kdfe33satexp,view,3,c2,text,text,YES,,,
md,kdfe33satexp,view,4,c3,timestamp without time zone,timestamp,YES,,,
md,kdfe33satexp,view,5,c4,timestamp without time zone,timestamp,YES,,,
md,kdfe33satfopg,view,1,sucursal,text,text,YES,,,
md,kdfe33satfopg,view,2,c1,text,text,YES,,,
md,kdfe33satfopg,view,3,c2,text,text,YES,,,
md,kdfe33satfopg,view,4,c3,text,text,YES,,,
md,kdfe33satfopg,view,5,c4,text,text,YES,,,
md,kdfe33satfopg,view,6,c5,text,text,YES,,,
md,kdfe33satfopg,view,7,c6,text,text,YES,,,
md,kdfe33satfopg,view,8,c7,text,text,YES,,,
md,kdfe33satfopg,view,9,c8,text,text,YES,,,
md,kdfe33satfopg,view,10,c9,text,text,YES,,,
md,kdfe33satfopg,view,11,c10,text,text,YES,,,
md,kdfe33satfopg,view,12,c11,text,text,YES,,,
md,kdfe33satfopg,view,13,c12,text,text,YES,,,
md,kdfe33satfopg,view,14,c13,timestamp without time zone,timestamp,YES,,,
md,kdfe33satfopg,view,15,c14,timestamp without time zone,timestamp,YES,,,
md,kdfe33satimp,view,1,sucursal,text,text,YES,,,
md,kdfe33satimp,view,2,c1,text,text,YES,,,
md,kdfe33satimp,view,3,c2,text,text,YES,,,
md,kdfe33satimp,view,4,c3,text,text,YES,,,
md,kdfe33satimp,view,5,c4,text,text,YES,,,
md,kdfe33satimp,view,6,c5,text,text,YES,,,
md,kdfe33satimp,view,7,c6,timestamp without time zone,timestamp,YES,,,
md,kdfe33satimp,view,8,c7,timestamp without time zone,timestamp,YES,,,
md,kdfe33satmes,view,1,sucursal,text,text,YES,,,
md,kdfe33satmes,view,2,c1,text,text,YES,,,
md,kdfe33satmes,view,3,c2,text,text,YES,,,
md,kdfe33satmes,view,4,c3,timestamp without time zone,timestamp,YES,,,
md,kdfe33satmes,view,5,c4,timestamp without time zone,timestamp,YES,,,
md,kdfe33satmn,view,1,sucursal,text,text,YES,,,
md,kdfe33satmn,view,2,c1,text,text,YES,,,
md,kdfe33satmn,view,3,c2,text,text,YES,,,
md,kdfe33satmn,view,4,c3,numeric,numeric,YES,,,
md,kdfe33satmn,view,5,c4,text,text,YES,,,
md,kdfe33satmn,view,6,c5,timestamp without time zone,timestamp,YES,,,
md,kdfe33satmn,view,7,c6,timestamp without time zone,timestamp,YES,,,
md,kdfe33satmto,view,1,sucursal,text,text,YES,,,
md,kdfe33satmto,view,2,c1,text,text,YES,,,
md,kdfe33satmto,view,3,c2,text,text,YES,,,
md,kdfe33satmto,view,4,c3,timestamp without time zone,timestamp,YES,,,
md,kdfe33satmto,view,5,c4,timestamp without time zone,timestamp,YES,,,
md,kdfe33satobjimp,view,1,sucursal,text,text,YES,,,
md,kdfe33satobjimp,view,2,c1,text,text,YES,,,
md,kdfe33satobjimp,view,3,c2,text,text,YES,,,
md,kdfe33satobjimp,view,4,c3,timestamp without time zone,timestamp,YES,,,
md,kdfe33satobjimp,view,5,c4,timestamp without time zone,timestamp,YES,,,
md,kdfe33satpais,view,1,sucursal,text,text,YES,,,
md,kdfe33satpais,view,2,c1,text,text,YES,,,
md,kdfe33satpais,view,3,c2,text,text,YES,,,
md,kdfe33satpais,view,4,c3,text,text,YES,,,
md,kdfe33satpais,view,5,c4,text,text,YES,,,
md,kdfe33satpais,view,6,c5,text,text,YES,,,
md,kdfe33satpais,view,7,c6,text,text,YES,,,
md,kdfe33satpatadu,view,1,sucursal,text,text,YES,,,
md,kdfe33satpatadu,view,2,c1,text,text,YES,,,
md,kdfe33satpatadu,view,3,c2,timestamp without time zone,timestamp,YES,,,
md,kdfe33satpatadu,view,4,c3,timestamp without time zone,timestamp,YES,,,
md,kdfe33satpedadu,view,1,sucursal,text,text,YES,,,
md,kdfe33satpedadu,view,2,c1,text,text,YES,,,
md,kdfe33satpedadu,view,3,c2,text,text,YES,,,
md,kdfe33satpedadu,view,4,c3,text,text,YES,,,
md,kdfe33satpedadu,view,5,c4,text,text,YES,,,
md,kdfe33satpedadu,view,6,c5,timestamp without time zone,timestamp,YES,,,
md,kdfe33satpedadu,view,7,c6,timestamp without time zone,timestamp,YES,,,
md,kdfe33satper,view,1,sucursal,text,text,YES,,,
md,kdfe33satper,view,2,c1,text,text,YES,,,
md,kdfe33satper,view,3,c2,text,text,YES,,,
md,kdfe33satper,view,4,c3,timestamp without time zone,timestamp,YES,,,
md,kdfe33satper,view,5,c4,timestamp without time zone,timestamp,YES,,,
md,kdfe33satprd,view,1,sucursal,text,text,YES,,,
md,kdfe33satprd,view,2,c1,text,text,YES,,,
md,kdfe33satprd,view,3,c2,text,text,YES,,,
md,kdfe33satprd,view,4,c3,text,text,YES,,,
md,kdfe33satprd,view,5,c4,text,text,YES,,,
md,kdfe33satprd,view,6,c5,text,text,YES,,,
md,kdfe33satprd,view,7,c6,timestamp without time zone,timestamp,YES,,,
md,kdfe33satprd,view,8,c7,timestamp without time zone,timestamp,YES,,,
md,kdfe33satprd,view,9,c8,numeric,numeric,YES,,,
md,kdfe33satprd,view,10,c9,text,text,YES,,,
md,kdfe33satrf,view,1,sucursal,text,text,YES,,,
md,kdfe33satrf,view,2,c1,text,text,YES,,,
md,kdfe33satrf,view,3,c2,text,text,YES,,,
md,kdfe33satrf,view,4,c3,text,text,YES,,,
md,kdfe33satrf,view,5,c4,text,text,YES,,,
md,kdfe33satrf,view,6,c5,timestamp without time zone,timestamp,YES,,,
md,kdfe33satrf,view,7,c6,timestamp without time zone,timestamp,YES,,,
md,kdfe33sattpc,view,1,sucursal,text,text,YES,,,
md,kdfe33sattpc,view,2,c1,text,text,YES,,,
md,kdfe33sattpc,view,3,c2,text,text,YES,,,
md,kdfe33sattpc,view,4,c3,text,text,YES,,,
md,kdfe33sattpc,view,5,c4,text,text,YES,,,
md,kdfe33sattpc,view,6,c5,timestamp without time zone,timestamp,YES,,,
md,kdfe33sattpc,view,7,c6,timestamp without time zone,timestamp,YES,,,
md,kdfe33sattpr,view,1,sucursal,text,text,YES,,,
md,kdfe33sattpr,view,2,c1,text,text,YES,,,
md,kdfe33sattpr,view,3,c2,text,text,YES,,,
md,kdfe33sattpr,view,4,c3,timestamp without time zone,timestamp,YES,,,
md,kdfe33sattpr,view,5,c4,timestamp without time zone,timestamp,YES,,,
md,kdfe33satum,view,1,sucursal,text,text,YES,,,
md,kdfe33satum,view,2,c1,text,text,YES,,,
md,kdfe33satum,view,3,c2,text,text,YES,,,
md,kdfe33satum,view,4,c3,text,text,YES,,,
md,kdfe33satum,view,5,c4,text,text,YES,,,
md,kdfe33satum,view,6,c5,timestamp without time zone,timestamp,YES,,,
md,kdfe33satum,view,7,c6,timestamp without time zone,timestamp,YES,,,
md,kdfe33satum,view,8,c7,text,text,YES,,,
md,kdfe33satuso,view,1,sucursal,text,text,YES,,,
md,kdfe33satuso,view,2,c1,text,text,YES,,,
md,kdfe33satuso,view,3,c2,text,text,YES,,,
md,kdfe33satuso,view,4,c3,text,text,YES,,,
md,kdfe33satuso,view,5,c4,text,text,YES,,,
md,kdfe33satuso,view,6,c5,timestamp without time zone,timestamp,YES,,,
md,kdfe33satuso,view,7,c6,timestamp without time zone,timestamp,YES,,,
md,kdfe33satuso,view,8,c7,text,text,YES,,,
md,kdfe4imp,view,1,sucursal,text,text,YES,,,
md,kdfe4imp,view,2,c1,text,text,YES,,,
md,kdfe4imp,view,3,c2,text,text,YES,,,
md,kdfe4imp,view,4,c3,text,text,YES,,,
md,kdfe4imp,view,5,c4,text,text,YES,,,
md,kdfe4imp,view,6,c5,text,text,YES,,,
md,kdfe4imp,view,7,c6,numeric,numeric,YES,,,
md,kdfe4imp,view,8,c7,numeric,numeric,YES,,,
md,kdfe4imp,view,9,c8,text,text,YES,,,
md,kdfe4imp,view,10,c9,numeric,numeric,YES,,,
md,kdfe4imp,view,11,c10,text,text,YES,,,
md,kdfe4imp,view,12,c11,text,text,YES,,,
md,kdfe4imp,view,13,c12,text,text,YES,,,
md,kdfe4imp,view,14,c13,numeric,numeric,YES,,,
md,kdfe4imp,view,15,c14,numeric,numeric,YES,,,
md,kdfe4imp,view,16,c15,numeric,numeric,YES,,,
md,kdfe4pagm0,view,1,sucursal,text,text,YES,,,
md,kdfe4pagm0,view,2,c1,text,text,YES,,,
md,kdfe4pagm0,view,3,c2,text,text,YES,,,
md,kdfe4pagm0,view,4,c3,text,text,YES,,,
md,kdfe4pagm0,view,5,c4,text,text,YES,,,
md,kdfe4pagm0,view,6,c5,text,text,YES,,,
md,kdfe4pagm0,view,7,c6,numeric,numeric,YES,,,
md,kdfe4pagm0,view,8,c7,numeric,numeric,YES,,,
md,kdfe4pagm0,view,9,c8,numeric,numeric,YES,,,
md,kdfe4pagm0,view,10,c9,numeric,numeric,YES,,,
md,kdfe4pagm0,view,11,c10,numeric,numeric,YES,,,
md,kdfe4pagm0,view,12,c11,numeric,numeric,YES,,,
md,kdfe4pagm0,view,13,c12,numeric,numeric,YES,,,
md,kdfe4pagm0,view,14,c13,numeric,numeric,YES,,,
md,kdfe4pagm0,view,15,c14,numeric,numeric,YES,,,
md,kdfe4pagm0,view,16,c15,numeric,numeric,YES,,,
md,kdfe4pagm0,view,17,c16,numeric,numeric,YES,,,
md,kdfe4satcp3conespeciales,view,1,sucursal,text,text,YES,,,
md,kdfe4satcp3conespeciales,view,2,c1,text,text,YES,,,
md,kdfe4satcp3conespeciales,view,3,c2,text,text,YES,,,
md,kdfe4satcp3conespeciales,view,4,c3,timestamp without time zone,timestamp,YES,,,
md,kdfe4satcp3conespeciales,view,5,c4,timestamp without time zone,timestamp,YES,,,
md,kdfe4satcp3docaduanero,view,1,sucursal,text,text,YES,,,
md,kdfe4satcp3docaduanero,view,2,c1,text,text,YES,,,
md,kdfe4satcp3docaduanero,view,3,c2,text,text,YES,,,
md,kdfe4satcp3docaduanero,view,4,c3,timestamp without time zone,timestamp,YES,,,
md,kdfe4satcp3docaduanero,view,5,c4,timestamp without time zone,timestamp,YES,,,
md,kdfe4satcp3frfarmaceutica,view,1,sucursal,text,text,YES,,,
md,kdfe4satcp3frfarmaceutica,view,2,c1,text,text,YES,,,
md,kdfe4satcp3frfarmaceutica,view,3,c2,text,text,YES,,,
md,kdfe4satcp3frfarmaceutica,view,4,c3,timestamp without time zone,timestamp,YES,,,
md,kdfe4satcp3frfarmaceutica,view,5,c4,timestamp without time zone,timestamp,YES,,,
md,kdfe4satcp3regaduanero,view,1,sucursal,text,text,YES,,,
md,kdfe4satcp3regaduanero,view,2,c1,text,text,YES,,,
md,kdfe4satcp3regaduanero,view,3,c2,text,text,YES,,,
md,kdfe4satcp3regaduanero,view,4,c3,text,text,YES,,,
md,kdfe4satcp3regaduanero,view,5,c4,timestamp without time zone,timestamp,YES,,,
md,kdfe4satcp3regaduanero,view,6,c5,timestamp without time zone,timestamp,YES,,,
md,kdfe4satcp3registmo,view,1,sucursal,text,text,YES,,,
md,kdfe4satcp3registmo,view,2,c1,text,text,YES,,,
md,kdfe4satcp3registmo,view,3,c2,text,text,YES,,,
md,kdfe4satcp3registmo,view,4,c3,timestamp without time zone,timestamp,YES,,,
md,kdfe4satcp3registmo,view,5,c4,timestamp without time zone,timestamp,YES,,,
md,kdfe4satcp3seccofepris,view,1,sucursal,text,text,YES,,,
md,kdfe4satcp3seccofepris,view,2,c1,text,text,YES,,,
md,kdfe4satcp3seccofepris,view,3,c2,text,text,YES,,,
md,kdfe4satcp3seccofepris,view,4,c3,timestamp without time zone,timestamp,YES,,,
md,kdfe4satcp3seccofepris,view,5,c4,timestamp without time zone,timestamp,YES,,,
md,kdfe4satcp3tipomateria,view,1,sucursal,text,text,YES,,,
md,kdfe4satcp3tipomateria,view,2,c1,text,text,YES,,,
md,kdfe4satcp3tipomateria,view,3,c2,text,text,YES,,,
md,kdfe4satcp3tipomateria,view,4,c3,timestamp without time zone,timestamp,YES,,,
md,kdfe4satcp3tipomateria,view,5,c4,timestamp without time zone,timestamp,YES,,,
md,kdfececonfig,view,1,sucursal,text,text,YES,,,
md,kdfececonfig,view,2,c1,text,text,YES,,,
md,kdfececonfig,view,3,c2,text,text,YES,,,
md,kdfececonfig,view,4,c3,text,text,YES,,,
md,kdfececta,view,1,sucursal,text,text,YES,,,
md,kdfececta,view,2,c1,text,text,YES,,,
md,kdfececta,view,3,c2,text,text,YES,,,
md,kdfececta,view,4,c3,text,text,YES,,,
md,kdfecedoc,view,1,sucursal,text,text,YES,,,
md,kdfecedoc,view,2,c1,text,text,YES,,,
md,kdfecedoc,view,3,c2,text,text,YES,,,
md,kdfecedoc,view,4,c3,numeric,numeric,YES,,,
md,kdfecedoc,view,5,c4,numeric,numeric,YES,,,
md,kdfecedoc,view,6,c5,text,text,YES,,,
md,kdfecedoc,view,7,c6,text,text,YES,,,
md,kdfecert,view,1,sucursal,text,text,YES,,,
md,kdfecert,view,2,c1,text,text,YES,,,
md,kdfecert,view,3,c2,text,text,YES,,,
md,kdfecert,view,4,c3,text,text,YES,,,
md,kdfecert,view,5,c4,text,text,YES,,,
md,kdfecert,view,6,c5,text,text,YES,,,
md,kdfecert,view,7,c6,text,text,YES,,,
md,kdfecert,view,8,c7,text,text,YES,,,
md,kdfecert,view,9,c8,numeric,numeric,YES,,,
md,kdfecert,view,10,c9,timestamp without time zone,timestamp,YES,,,
md,kdfecert,view,11,c10,timestamp without time zone,timestamp,YES,,,
md,kdfecesatban,view,1,sucursal,text,text,YES,,,
md,kdfecesatban,view,2,c1,text,text,YES,,,
md,kdfecesatban,view,3,c2,text,text,YES,,,
md,kdfecesatban,view,4,c3,text,text,YES,,,
md,kdfecesatban,view,5,c4,text,text,YES,,,
md,kdfecesatcta,view,1,sucursal,text,text,YES,,,
md,kdfecesatcta,view,2,c1,text,text,YES,,,
md,kdfecesatcta,view,3,c2,text,text,YES,,,
md,kdfecesatmon,view,1,sucursal,text,text,YES,,,
md,kdfecesatmon,view,2,c1,text,text,YES,,,
md,kdfecesatmon,view,3,c2,text,text,YES,,,
md,kdfecesatmto,view,1,sucursal,text,text,YES,,,
md,kdfecesatmto,view,2,c1,text,text,YES,,,
md,kdfecesatmto,view,3,c2,text,text,YES,,,
md,kdfeconf,view,1,sucursal,text,text,YES,,,
md,kdfeconf,view,2,c1,text,text,YES,,,
md,kdfeconf,view,3,c2,numeric,numeric,YES,,,
md,kdfeconf,view,4,c3,text,text,YES,,,
md,kdfeconf,view,5,c4,text,text,YES,,,
md,kdfeconf,view,6,c5,text,text,YES,,,
md,kdfeconf,view,7,c6,text,text,YES,,,
md,kdfeconf,view,8,c7,text,text,YES,,,
md,kdfeconf,view,9,c8,text,text,YES,,,
md,kdfeconf,view,10,c9,text,text,YES,,,
md,kdfeconf,view,11,c10,text,text,YES,,,
md,kdfeconf,view,12,c11,text,text,YES,,,
md,kdfeconf,view,13,c12,text,text,YES,,,
md,kdfeconf,view,14,c13,text,text,YES,,,
md,kdfeconf,view,15,c14,text,text,YES,,,
md,kdfeconf,view,16,c15,text,text,YES,,,
md,kdfeconf,view,17,c16,numeric,numeric,YES,,,
md,kdfedfprov,view,1,sucursal,text,text,YES,,,
md,kdfedfprov,view,2,c1,text,text,YES,,,
md,kdfedfprov,view,3,c2,text,text,YES,,,
md,kdfedfprov,view,4,c3,text,text,YES,,,
md,kdfedfprov,view,5,c4,text,text,YES,,,
md,kdfedfprov,view,6,c5,text,text,YES,,,
md,kdfedir,view,1,sucursal,text,text,YES,,,
md,kdfedir,view,2,c1,numeric,numeric,YES,,,
md,kdfedir,view,3,c2,text,text,YES,,,
md,kdfedir,view,4,c3,text,text,YES,,,
md,kdfedir,view,5,c4,text,text,YES,,,
md,kdfedir,view,6,c5,text,text,YES,,,
md,kdfedir,view,7,c6,text,text,YES,,,
md,kdfedir,view,8,c7,text,text,YES,,,
md,kdfedir,view,9,c8,text,text,YES,,,
md,kdfedir,view,10,c9,text,text,YES,,,
md,kdfedir,view,11,c10,text,text,YES,,,
md,kdfedir,view,12,c11,text,text,YES,,,
md,kdfedir,view,13,c12,text,text,YES,,,
md,kdfedir,view,14,c13,text,text,YES,,,
md,kdfedir,view,15,c14,text,text,YES,,,
md,kdfedir,view,16,c15,text,text,YES,,,
md,kdfedir,view,17,c16,text,text,YES,,,
md,kdfedir,view,18,c17,numeric,numeric,YES,,,
md,kdfedir,view,19,c18,text,text,YES,,,
md,kdfedir,view,20,c19,text,text,YES,,,
md,kdfenoti,view,1,sucursal,text,text,YES,,,
md,kdfenoti,view,2,c1,text,text,YES,,,
md,kdfenoti,view,3,c2,timestamp without time zone,timestamp,YES,,,
md,kdfenoti,view,4,c3,numeric,numeric,YES,,,
md,kdfenoti,view,5,c4,text,text,YES,,,
md,kdfenoti,view,6,c5,text,text,YES,,,
md,kdfenoti,view,7,c6,text,text,YES,,,
md,kdfepacs,view,1,sucursal,text,text,YES,,,
md,kdfepacs,view,2,c1,text,text,YES,,,
md,kdfepacs,view,3,c2,text,text,YES,,,
md,kdfepacs,view,4,c3,text,text,YES,,,
md,kdfepacs,view,5,c4,numeric,numeric,YES,,,
md,kdfepacs,view,6,c5,numeric,numeric,YES,,,
md,kdfepacs,view,7,c6,numeric,numeric,YES,,,
md,kdfepacs,view,8,c7,text,text,YES,,,
md,kdfepacs,view,9,c8,text,text,YES,,,
md,kdfepacs,view,10,c9,text,text,YES,,,
md,kdfepacs,view,11,c10,text,text,YES,,,
md,kdfepacs,view,12,c11,text,text,YES,,,
md,kdfepacs,view,13,c12,text,text,YES,,,
md,kdfepacs,view,14,c13,text,text,YES,,,
md,kdfepacs,view,15,c14,text,text,YES,,,
md,kdfepacs,view,16,c15,text,text,YES,,,
md,kdfepacs,view,17,c16,text,text,YES,,,
md,kdfepacs,view,18,c17,text,text,YES,,,
md,kdfepacs,view,19,c18,text,text,YES,,,
md,kdfepacs,view,20,c19,text,text,YES,,,
md,kdfepacs,view,21,c20,numeric,numeric,YES,,,
md,kdfepacs,view,22,c21,text,text,YES,,,
md,kdfepacs,view,23,c22,text,text,YES,,,
md,kdfepacs,view,24,c23,text,text,YES,,,
md,kdfepacs,view,25,c24,text,text,YES,,,
md,kdfepacs,view,26,c25,text,text,YES,,,
md,kdfepacs,view,27,c26,text,text,YES,,,
md,kdfepacs,view,28,c27,text,text,YES,,,
md,kdfepacs,view,29,c28,text,text,YES,,,
md,kdfepacs,view,30,c29,text,text,YES,,,
md,kdflujosdesc,view,1,sucursal,text,text,YES,,,
md,kdflujosdesc,view,2,c1,text,text,YES,,,
md,kdflujosdesc,view,3,c2,text,text,YES,,,
md,kdflujosdesc,view,4,c3,text,text,YES,,,
md,kdflujosdesc,view,5,c4,text,text,YES,,,
md,kdflujosdesc,view,6,c5,text,text,YES,,,
md,kdflujosdesc,view,7,c6,text,text,YES,,,
md,kdflujosdesc,view,8,c7,text,text,YES,,,
md,kdflujosdesc,view,9,c8,text,text,YES,,,
md,kdflujosdesc,view,10,c9,text,text,YES,,,
md,kdflujosdesc,view,11,c10,text,text,YES,,,
md,kdfolio,view,1,sucursal,text,text,YES,,,
md,kdfolio,view,2,c1,text,text,YES,,,
md,kdfolio,view,3,c2,numeric,numeric,YES,,,
md,kdfolio,view,4,c3,timestamp without time zone,timestamp,YES,,,
md,kdgue,view,1,sucursal,text,text,YES,,,
md,kdgue,view,2,c1,text,text,YES,,,
md,kdgue,view,3,c2,text,text,YES,,,
md,kdgue,view,4,c3,text,text,YES,,,
md,kdgum,view,1,sucursal,text,text,YES,,,
md,kdgum,view,2,c1,text,text,YES,,,
md,kdgum,view,3,c2,text,text,YES,,,
md,kdgum,view,4,c3,text,text,YES,,,
md,kdgum,view,5,c4,text,text,YES,,,
md,kdgum,view,6,c5,numeric,numeric,YES,,,
md,kdgum,view,7,c6,text,text,YES,,,
md,kdgup,view,1,sucursal,text,text,YES,,,
md,kdgup,view,2,c1,text,text,YES,,,
md,kdgup,view,3,c2,text,text,YES,,,
md,kdgup,view,4,c3,numeric,numeric,YES,,,
md,kdgup,view,5,c4,text,text,YES,,,
md,kdgup,view,6,c5,text,text,YES,,,
md,kdid,view,1,sucursal,text,text,YES,,,
md,kdid,view,2,c1,text,text,YES,,,
md,kdid,view,3,c2,text,text,YES,,,
md,kdie,view,1,sucursal,text,text,YES,,,
md,kdie,view,2,c1,text,text,YES,,,
md,kdie,view,3,c2,text,text,YES,,,
md,kdie,view,4,c3,text,text,YES,,,
md,kdie,view,5,c4,numeric,numeric,YES,,,
md,kdie,view,6,c5,numeric,numeric,YES,,,
md,kdif,view,1,sucursal,text,text,YES,,,
md,kdif,view,2,c1,text,text,YES,,,
md,kdif,view,3,c2,text,text,YES,,,
md,kdif,view,4,c3,text,text,YES,,,
md,kdif,view,5,c4,numeric,numeric,YES,,,
md,kdig,view,1,sucursal,text,text,YES,,,
md,kdig,view,2,c1,text,text,YES,,,
md,kdig,view,3,c2,text,text,YES,,,
md,kdig,view,4,c3,text,text,YES,,,
md,kdig,view,5,c4,numeric,numeric,YES,,,
md,kdii,view,1,sucursal,text,text,YES,,,
md,kdii,view,2,c1,text,text,YES,,,
md,kdii,view,3,c2,text,text,YES,,,
md,kdii,view,4,c3,text,text,YES,,,
md,kdii,view,5,c4,text,text,YES,,,
md,kdii,view,6,c5,text,text,YES,,,
md,kdii,view,7,c6,text,text,YES,,,
md,kdii,view,8,c7,text,text,YES,,,
md,kdii,view,9,c8,text,text,YES,,,
md,kdii,view,10,c9,text,text,YES,,,
md,kdii,view,11,c10,text,text,YES,,,
md,kdii,view,12,c11,text,text,YES,,,
md,kdii,view,13,c12,text,text,YES,,,
md,kdii,view,14,c13,numeric,numeric,YES,,,
md,kdii,view,15,c14,numeric,numeric,YES,,,
md,kdii,view,16,c15,numeric,numeric,YES,,,
md,kdii,view,17,c16,numeric,numeric,YES,,,
md,kdii,view,18,c17,numeric,numeric,YES,,,
md,kdii,view,19,c18,numeric,numeric,YES,,,
md,kdii,view,20,c19,numeric,numeric,YES,,,
md,kdii,view,21,c20,text,text,YES,,,
md,kdii,view,22,c21,text,text,YES,,,
md,kdii,view,23,c22,text,text,YES,,,
md,kdii,view,24,c23,numeric,numeric,YES,,,
md,kdii,view,25,c24,numeric,numeric,YES,,,
md,kdii,view,26,c25,text,text,YES,,,
md,kdii,view,27,c26,text,text,YES,,,
md,kdii,view,28,c27,text,text,YES,,,
md,kdii,view,29,c28,text,text,YES,,,
md,kdii,view,30,c29,numeric,numeric,YES,,,
md,kdii,view,31,c30,text,text,YES,,,
md,kdii,view,32,c31,text,text,YES,,,
md,kdii,view,33,c32,text,text,YES,,,
md,kdii,view,34,c33,numeric,numeric,YES,,,
md,kdii,view,35,c34,numeric,numeric,YES,,,
md,kdii,view,36,c35,numeric,numeric,YES,,,
md,kdii,view,37,c36,numeric,numeric,YES,,,
md,kdii,view,38,c37,text,text,YES,,,
md,kdii,view,39,c38,text,text,YES,,,
md,kdii,view,40,c39,text,text,YES,,,
md,kdii,view,41,c40,text,text,YES,,,
md,kdii,view,42,c41,text,text,YES,,,
md,kdii,view,43,c42,numeric,numeric,YES,,,
md,kdii,view,44,c43,text,text,YES,,,
md,kdii,view,45,c44,numeric,numeric,YES,,,
md,kdii,view,46,c45,text,text,YES,,,
md,kdii,view,47,c46,text,text,YES,,,
md,kdii,view,48,c47,text,text,YES,,,
md,kdii,view,49,c48,text,text,YES,,,
md,kdii,view,50,c49,text,text,YES,,,
md,kdii,view,51,c50,timestamp without time zone,timestamp,YES,,,
md,kdii,view,52,c51,text,text,YES,,,
md,kdii,view,53,c52,numeric,numeric,YES,,,
md,kdii,view,54,c53,numeric,numeric,YES,,,
md,kdii,view,55,c54,numeric,numeric,YES,,,
md,kdii,view,56,c55,numeric,numeric,YES,,,
md,kdii,view,57,c56,timestamp without time zone,timestamp,YES,,,
md,kdii,view,58,c57,numeric,numeric,YES,,,
md,kdii,view,59,c58,numeric,numeric,YES,,,
md,kdii,view,60,c59,numeric,numeric,YES,,,
md,kdii,view,61,c60,timestamp without time zone,timestamp,YES,,,
md,kdii,view,62,c61,numeric,numeric,YES,,,
md,kdii,view,63,c62,numeric,numeric,YES,,,
md,kdii,view,64,c63,numeric,numeric,YES,,,
md,kdii,view,65,c64,timestamp without time zone,timestamp,YES,,,
md,kdii,view,66,c65,timestamp without time zone,timestamp,YES,,,
md,kdii,view,67,c66,numeric,numeric,YES,,,
md,kdii,view,68,c67,numeric,numeric,YES,,,
md,kdii,view,69,c68,numeric,numeric,YES,,,
md,kdii,view,70,c69,text,text,YES,,,
md,kdii,view,71,c70,text,text,YES,,,
md,kdii,view,72,c71,text,text,YES,,,
md,kdii,view,73,c72,text,text,YES,,,
md,kdii,view,74,c73,text,text,YES,,,
md,kdii,view,75,c74,text,text,YES,,,
md,kdii,view,76,c75,timestamp without time zone,timestamp,YES,,,
md,kdii,view,77,c76,text,text,YES,,,
md,kdii,view,78,c77,text,text,YES,,,
md,kdii,view,79,c78,numeric,numeric,YES,,,
md,kdii,view,80,c79,numeric,numeric,YES,,,
md,kdii,view,81,c80,text,text,YES,,,
md,kdii,view,82,c81,numeric,numeric,YES,,,
md,kdii,view,83,c82,text,text,YES,,,
md,kdii,view,84,c83,text,text,YES,,,
md,kdii,view,85,c84,numeric,numeric,YES,,,
md,kdii,view,86,c85,text,text,YES,,,
md,kdii,view,87,c86,numeric,numeric,YES,,,
md,kdii,view,88,c87,numeric,numeric,YES,,,
md,kdii,view,89,c88,numeric,numeric,YES,,,
md,kdii,view,90,c89,numeric,numeric,YES,,,
md,kdii,view,91,c90,numeric,numeric,YES,,,
md,kdii,view,92,c91,numeric,numeric,YES,,,
md,kdii,view,93,c92,numeric,numeric,YES,,,
md,kdii,view,94,c93,text,text,YES,,,
md,kdii,view,95,c94,numeric,numeric,YES,,,
md,kdii,view,96,c95,text,text,YES,,,
md,kdii,view,97,c96,text,text,YES,,,
md,kdii,view,98,c97,text,text,YES,,,
md,kdii,view,99,c98,text,text,YES,,,
md,kdii,view,100,c99,text,text,YES,,,
md,kdii,view,101,c100,text,text,YES,,,
md,kdii,view,102,c101,numeric,numeric,YES,,,
md,kdii,view,103,c102,text,text,YES,,,
md,kdii,view,104,c103,numeric,numeric,YES,,,
md,kdij,view,1,sucursal,text,text,YES,,,
md,kdij,view,2,c1,text,text,YES,,,
md,kdij,view,3,c2,numeric,numeric,YES,,,
md,kdij,view,4,c3,text,text,YES,,,
md,kdij,view,5,c4,text,text,YES,,,
md,kdij,view,6,c5,text,text,YES,,,
md,kdij,view,7,c6,numeric,numeric,YES,,,
md,kdij,view,8,c7,numeric,numeric,YES,,,
md,kdij,view,9,c8,text,text,YES,,,
md,kdij,view,10,c9,numeric,numeric,YES,,,
md,kdij,view,11,c10,timestamp without time zone,timestamp,YES,,,
md,kdij,view,12,c11,double precision,float8,YES,,,
md,kdij,view,13,c12,text,text,YES,,,
md,kdij,view,14,c13,numeric,numeric,YES,,,
md,kdij,view,15,c14,numeric,numeric,YES,,,
md,kdij,view,16,c15,text,text,YES,,,
md,kdij,view,17,c16,text,text,YES,,,
md,kdij,view,18,c17,double precision,float8,YES,,,
md,kdij,view,19,c18,numeric,numeric,YES,,,
md,kdij,view,20,c19,text,text,YES,,,
md,kdij,view,21,c20,text,text,YES,,,
md,kdij,view,22,c21,double precision,float8,YES,,,
md,kdij,view,23,c22,double precision,float8,YES,,,
md,kdij,view,24,c23,text,text,YES,,,
md,kdij,view,25,c24,text,text,YES,,,
md,kdij,view,26,c25,double precision,float8,YES,,,
md,kdij,view,27,c26,double precision,float8,YES,,,
md,kdij,view,28,c27,double precision,float8,YES,,,
md,kdij,view,29,c28,text,text,YES,,,
md,kdij,view,30,c29,text,text,YES,,,
md,kdij,view,31,c30,text,text,YES,,,
md,kdij,view,32,c31,text,text,YES,,,
md,kdij,view,33,c32,text,text,YES,,,
md,kdij,view,34,c33,text,text,YES,,,
md,kdij,view,35,c34,text,text,YES,,,
md,kdij,view,36,c35,text,text,YES,,,
md,kdij,view,37,c36,text,text,YES,,,
md,kdij,view,38,c37,text,text,YES,,,
md,kdij,view,39,c38,numeric,numeric,YES,,,
md,kdij,view,40,c39,numeric,numeric,YES,,,
md,kdij,view,41,c40,text,text,YES,,,
md,kdij,view,42,c41,numeric,numeric,YES,,,
md,kdik,view,1,sucursal,text,text,YES,,,
md,kdik,view,2,c1,text,text,YES,,,
md,kdik,view,3,c2,text,text,YES,,,
md,kdik,view,4,c3,timestamp without time zone,timestamp,YES,,,
md,kdik,view,5,c4,double precision,float8,YES,,,
md,kdik,view,6,c5,double precision,float8,YES,,,
md,kdik,view,7,c6,double precision,float8,YES,,,
md,kdik,view,8,c7,numeric,numeric,YES,,,
md,kdik,view,9,c8,numeric,numeric,YES,,,
md,kdik,view,10,c9,numeric,numeric,YES,,,
md,kdik,view,11,c10,numeric,numeric,YES,,,
md,kdik,view,12,c11,numeric,numeric,YES,,,
md,kdik,view,13,c12,numeric,numeric,YES,,,
md,kdik,view,14,c13,timestamp without time zone,timestamp,YES,,,
md,kdik,view,15,c14,timestamp without time zone,timestamp,YES,,,
md,kdik,view,16,c15,timestamp without time zone,timestamp,YES,,,
md,kdik,view,17,c16,double precision,float8,YES,,,
md,kdik,view,18,c17,timestamp without time zone,timestamp,YES,,,
md,kdik,view,19,c18,double precision,float8,YES,,,
md,kdik,view,20,c19,double precision,float8,YES,,,
md,kdik,view,21,c20,text,text,YES,,,
md,kdik,view,22,c21,text,text,YES,,,
md,kdik,view,23,c22,double precision,float8,YES,,,
md,kdik,view,24,c23,double precision,float8,YES,,,
md,kdik,view,25,c24,double precision,float8,YES,,,
md,kdik,view,26,c25,double precision,float8,YES,,,
md,kdik,view,27,c26,double precision,float8,YES,,,
md,kdik,view,28,c27,double precision,float8,YES,,,
md,kdik,view,29,c28,double precision,float8,YES,,,
md,kdik,view,30,c29,double precision,float8,YES,,,
md,kdik,view,31,c30,double precision,float8,YES,,,
md,kdik,view,32,c31,double precision,float8,YES,,,
md,kdik,view,33,c32,double precision,float8,YES,,,
md,kdik,view,34,c33,double precision,float8,YES,,,
md,kdik,view,35,c34,numeric,numeric,YES,,,
md,kdik,view,36,c35,numeric,numeric,YES,,,
md,kdik,view,37,c36,numeric,numeric,YES,,,
md,kdik,view,38,c37,numeric,numeric,YES,,,
md,kdik,view,39,c38,numeric,numeric,YES,,,
md,kdik,view,40,c39,numeric,numeric,YES,,,
md,kdik,view,41,c40,numeric,numeric,YES,,,
md,kdik,view,42,c41,numeric,numeric,YES,,,
md,kdik,view,43,c42,numeric,numeric,YES,,,
md,kdik,view,44,c43,numeric,numeric,YES,,,
md,kdik,view,45,c44,numeric,numeric,YES,,,
md,kdik,view,46,c45,numeric,numeric,YES,,,
md,kdik,view,47,c46,numeric,numeric,YES,,,
md,kdik,view,48,c47,numeric,numeric,YES,,,
md,kdik,view,49,c48,numeric,numeric,YES,,,
md,kdik,view,50,c49,numeric,numeric,YES,,,
md,kdik,view,51,c50,numeric,numeric,YES,,,
md,kdik,view,52,c51,numeric,numeric,YES,,,
md,kdik,view,53,c52,numeric,numeric,YES,,,
md,kdik,view,54,c53,numeric,numeric,YES,,,
md,kdik,view,55,c54,numeric,numeric,YES,,,
md,kdik,view,56,c55,numeric,numeric,YES,,,
md,kdik,view,57,c56,numeric,numeric,YES,,,
md,kdik,view,58,c57,numeric,numeric,YES,,,
md,kdik,view,59,c58,text,text,YES,,,
md,kdik,view,60,c59,text,text,YES,,,
md,kdik,view,61,c60,double precision,float8,YES,,,
md,kdik,view,62,c61,double precision,float8,YES,,,
md,kdik,view,63,c62,double precision,float8,YES,,,
md,kdik,view,64,c63,double precision,float8,YES,,,
md,kdik,view,65,c64,text,text,YES,,,
md,kdik,view,66,c65,numeric,numeric,YES,,,
md,kdik,view,67,c66,numeric,numeric,YES,,,
md,kdik,view,68,c67,numeric,numeric,YES,,,
md,kdik,view,69,c68,numeric,numeric,YES,,,
md,kdik,view,70,c69,numeric,numeric,YES,,,
md,kdik,view,71,c70,text,text,YES,,,
md,kdik,view,72,c71,text,text,YES,,,
md,kdik,view,73,c72,text,text,YES,,,
md,kdik,view,74,c73,text,text,YES,,,
md,kdik,view,75,c74,text,text,YES,,,
md,kdik,view,76,c75,text,text,YES,,,
md,kdik,view,77,c76,text,text,YES,,,
md,kdik,view,78,c77,text,text,YES,,,
md,kdik,view,79,c78,text,text,YES,,,
md,kdik,view,80,c79,text,text,YES,,,
md,kdik,view,81,c80,text,text,YES,,,
md,kdik,view,82,c81,text,text,YES,,,
md,kdik,view,83,c82,text,text,YES,,,
md,kdik,view,84,c83,text,text,YES,,,
md,kdik,view,85,c84,text,text,YES,,,
md,kdik,view,86,c85,text,text,YES,,,
md,kdik,view,87,c86,text,text,YES,,,
md,kdik,view,88,c87,text,text,YES,,,
md,kdik,view,89,c88,text,text,YES,,,
md,kdik,view,90,c89,text,text,YES,,,
md,kdik,view,91,c90,text,text,YES,,,
md,kdik,view,92,c91,text,text,YES,,,
md,kdik,view,93,c92,text,text,YES,,,
md,kdik,view,94,c93,text,text,YES,,,
md,kdik,view,95,c94,text,text,YES,,,
md,kdik,view,96,c95,text,text,YES,,,
md,kdik,view,97,c96,text,text,YES,,,
md,kdik,view,98,c97,text,text,YES,,,
md,kdik,view,99,c98,text,text,YES,,,
md,kdik,view,100,c99,text,text,YES,,,
md,kdik,view,101,c100,double precision,float8,YES,,,
md,kdik,view,102,c101,double precision,float8,YES,,,
md,kdik,view,103,c102,double precision,float8,YES,,,
md,kdik,view,104,c103,double precision,float8,YES,,,
md,kdik,view,105,c104,text,text,YES,,,
md,kdik,view,106,c105,numeric,numeric,YES,,,
md,kdik,view,107,c106,numeric,numeric,YES,,,
md,kdik,view,108,c107,numeric,numeric,YES,,,
md,kdik,view,109,c108,numeric,numeric,YES,,,
md,kdik,view,110,c109,numeric,numeric,YES,,,
md,kdil,view,1,sucursal,text,text,YES,,,
md,kdil,view,2,c1,text,text,YES,,,
md,kdil,view,3,c2,numeric,numeric,YES,,,
md,kdil,view,4,c3,text,text,YES,,,
md,kdil,view,5,c4,double precision,float8,YES,,,
md,kdil,view,6,c5,timestamp without time zone,timestamp,YES,,,
md,kdil,view,7,c6,timestamp without time zone,timestamp,YES,,,
md,kdil,view,8,c7,timestamp without time zone,timestamp,YES,,,
md,kdil,view,9,c8,double precision,float8,YES,,,
md,kdil,view,10,c9,double precision,float8,YES,,,
md,kdip,view,1,sucursal,text,text,YES,,,
md,kdip,view,2,c1,text,text,YES,,,
md,kdip,view,3,c2,text,text,YES,,,
md,kdip,view,4,c3,text,text,YES,,,
md,kdip,view,5,c4,timestamp without time zone,timestamp,YES,,,
md,kdip,view,6,c5,text,text,YES,,,
md,kdip,view,7,c6,text,text,YES,,,
md,kdip,view,8,c7,text,text,YES,,,
md,kdiq,view,1,sucursal,text,text,YES,,,
md,kdiq,view,2,c1,text,text,YES,,,
md,kdiq,view,3,c2,numeric,numeric,YES,,,
md,kdiq,view,4,c3,text,text,YES,,,
md,kdiq,view,5,c4,text,text,YES,,,
md,kdiu,view,1,sucursal,text,text,YES,,,
md,kdiu,view,2,c1,text,text,YES,,,
md,kdiu,view,3,c2,text,text,YES,,,
md,kdiu,view,4,c3,text,text,YES,,,
md,kdiu,view,5,c4,text,text,YES,,,
md,kdiu,view,6,c5,text,text,YES,,,
md,kdiu,view,7,c6,text,text,YES,,,
md,kdiu,view,8,c7,text,text,YES,,,
md,kdiu,view,9,c8,text,text,YES,,,
md,kdlogmov,view,1,sucursal,text,text,YES,,,
md,kdlogmov,view,2,c1,text,text,YES,,,
md,kdlogmov,view,3,c2,timestamp without time zone,timestamp,YES,,,
md,kdlogmov,view,4,c3,text,text,YES,,,
md,kdlogmov,view,5,c4,text,text,YES,,,
md,kdlogmov,view,6,c5,text,text,YES,,,
md,kdlogmov,view,7,c6,text,text,YES,,,
md,kdlogmov,view,8,c7,text,text,YES,,,
md,kdlogmov,view,9,c8,text,text,YES,,,
md,kdlogmov,view,10,c9,text,text,YES,,,
md,kdm1,view,1,sucursal,text,text,YES,,,
md,kdm1,view,2,c1,text,text,YES,,,
md,kdm1,view,3,c2,text,text,YES,,,
md,kdm1,view,4,c3,text,text,YES,,,
md,kdm1,view,5,c4,numeric,numeric,YES,,,
md,kdm1,view,6,c5,numeric,numeric,YES,,,
md,kdm1,view,7,c6,text,text,YES,,,
md,kdm1,view,8,c7,text,text,YES,,,
md,kdm1,view,9,c8,numeric,numeric,YES,,,
md,kdm1,view,10,c9,timestamp without time zone,timestamp,YES,,,
md,kdm1,view,11,c10,text,text,YES,,,
md,kdm1,view,12,c11,text,text,YES,,,
md,kdm1,view,13,c12,text,text,YES,,,
md,kdm1,view,14,c13,numeric,numeric,YES,,,
md,kdm1,view,15,c14,numeric,numeric,YES,,,
md,kdm1,view,16,c15,numeric,numeric,YES,,,
md,kdm1,view,17,c16,numeric,numeric,YES,,,
md,kdm1,view,18,c17,text,text,YES,,,
md,kdm1,view,19,c18,timestamp without time zone,timestamp,YES,,,
md,kdm1,view,20,c19,text,text,YES,,,
md,kdm1,view,21,c20,text,text,YES,,,
md,kdm1,view,22,c21,text,text,YES,,,
md,kdm1,view,23,c22,text,text,YES,,,
md,kdm1,view,24,c23,numeric,numeric,YES,,,
md,kdm1,view,25,c24,text,text,YES,,,
md,kdm1,view,26,c25,text,text,YES,,,
md,kdm1,view,27,c26,text,text,YES,,,
md,kdm1,view,28,c27,text,text,YES,,,
md,kdm1,view,29,c28,numeric,numeric,YES,,,
md,kdm1,view,30,c29,numeric,numeric,YES,,,
md,kdm1,view,31,c30,text,text,YES,,,
md,kdm1,view,32,c31,text,text,YES,,,
md,kdm1,view,33,c32,text,text,YES,,,
md,kdm1,view,34,c33,text,text,YES,,,
md,kdm1,view,35,c34,text,text,YES,,,
md,kdm1,view,36,c35,text,text,YES,,,
md,kdm1,view,37,c36,text,text,YES,,,
md,kdm1,view,38,c37,numeric,numeric,YES,,,
md,kdm1,view,39,c38,numeric,numeric,YES,,,
md,kdm1,view,40,c39,text,text,YES,,,
md,kdm1,view,41,c40,double precision,float8,YES,,,
md,kdm1,view,42,c41,timestamp without time zone,timestamp,YES,,,
md,kdm1,view,43,c42,numeric,numeric,YES,,,
md,kdm1,view,44,c43,text,text,YES,,,
md,kdm1,view,45,c44,text,text,YES,,,
md,kdm1,view,46,c45,text,text,YES,,,
md,kdm1,view,47,c46,text,text,YES,,,
md,kdm1,view,48,c47,text,text,YES,,,
md,kdm1,view,49,c48,text,text,YES,,,
md,kdm1,view,50,c49,numeric,numeric,YES,,,
md,kdm1,view,51,c50,double precision,float8,YES,,,
md,kdm1,view,52,c51,double precision,float8,YES,,,
md,kdm1,view,53,c52,double precision,float8,YES,,,
md,kdm1,view,54,c53,double precision,float8,YES,,,
md,kdm1,view,55,c54,double precision,float8,YES,,,
md,kdm1,view,56,c55,double precision,float8,YES,,,
md,kdm1,view,57,c56,double precision,float8,YES,,,
md,kdm1,view,58,c57,double precision,float8,YES,,,
md,kdm1,view,59,c58,double precision,float8,YES,,,
md,kdm1,view,60,c59,double precision,float8,YES,,,
md,kdm1,view,61,c60,double precision,float8,YES,,,
md,kdm1,view,62,c61,text,text,YES,,,
md,kdm1,view,63,c62,text,text,YES,,,
md,kdm1,view,64,c63,text,text,YES,,,
md,kdm1,view,65,c64,text,text,YES,,,
md,kdm1,view,66,c65,numeric,numeric,YES,,,
md,kdm1,view,67,c66,text,text,YES,,,
md,kdm1,view,68,c67,text,text,YES,,,
md,kdm1,view,69,c68,timestamp without time zone,timestamp,YES,,,
md,kdm1,view,70,c69,text,text,YES,,,
md,kdm1,view,71,c70,text,text,YES,,,
md,kdm1,view,72,c71,text,text,YES,,,
md,kdm1,view,73,c72,text,text,YES,,,
md,kdm1,view,74,c73,text,text,YES,,,
md,kdm1,view,75,c74,text,text,YES,,,
md,kdm1,view,76,c75,text,text,YES,,,
md,kdm1,view,77,c76,text,text,YES,,,
md,kdm1,view,78,c77,text,text,YES,,,
md,kdm1,view,79,c78,text,text,YES,,,
md,kdm1,view,80,c79,text,text,YES,,,
md,kdm1,view,81,c80,text,text,YES,,,
md,kdm1,view,82,c81,text,text,YES,,,
md,kdm1,view,83,c82,text,text,YES,,,
md,kdm1,view,84,c83,text,text,YES,,,
md,kdm1,view,85,c84,text,text,YES,,,
md,kdm1,view,86,c85,text,text,YES,,,
md,kdm1,view,87,c86,text,text,YES,,,
md,kdm1,view,88,c87,text,text,YES,,,
md,kdm1,view,89,c88,text,text,YES,,,
md,kdm1,view,90,c89,text,text,YES,,,
md,kdm1,view,91,c90,text,text,YES,,,
md,kdm1,view,92,c91,timestamp without time zone,timestamp,YES,,,
md,kdm1,view,93,c92,text,text,YES,,,
md,kdm1,view,94,c93,text,text,YES,,,
md,kdm1,view,95,c94,text,text,YES,,,
md,kdm1,view,96,c95,text,text,YES,,,
md,kdm1,view,97,c96,text,text,YES,,,
md,kdm1,view,98,c97,text,text,YES,,,
md,kdm1,view,99,c98,numeric,numeric,YES,,,
md,kdm1,view,100,c99,numeric,numeric,YES,,,
md,kdm1,view,101,c100,text,text,YES,,,
md,kdm1,view,102,c101,timestamp without time zone,timestamp,YES,,,
md,kdm1,view,103,c102,text,text,YES,,,
md,kdm1,view,104,c103,text,text,YES,,,
md,kdm1,view,105,c104,text,text,YES,,,
md,kdm1,view,106,c105,text,text,YES,,,
md,kdm1,view,107,c106,numeric,numeric,YES,,,
md,kdm1,view,108,c107,numeric,numeric,YES,,,
md,kdm1,view,109,c108,numeric,numeric,YES,,,
md,kdm1,view,110,c109,numeric,numeric,YES,,,
md,kdm1,view,111,c110,text,text,YES,,,
md,kdm1,view,112,c111,numeric,numeric,YES,,,
md,kdm1,view,113,c112,numeric,numeric,YES,,,
md,kdm1,view,114,c113,numeric,numeric,YES,,,
md,kdm1,view,115,c114,numeric,numeric,YES,,,
md,kdm1,view,116,c115,text,text,YES,,,
md,kdm1,view,117,c116,text,text,YES,,,
md,kdm1,view,118,c117,text,text,YES,,,
md,kdm1,view,119,c118,text,text,YES,,,
md,kdm1,view,120,c119,text,text,YES,,,
md,kdm1,view,121,c120,text,text,YES,,,
md,kdm1,view,122,c121,text,text,YES,,,
md,kdm1,view,123,c122,text,text,YES,,,
md,kdm1,view,124,c123,text,text,YES,,,
md,kdm1,view,125,c124,text,text,YES,,,
md,kdm1,view,126,c125,text,text,YES,,,
md,kdm1,view,127,c126,text,text,YES,,,
md,kdm1,view,128,c127,text,text,YES,,,
md,kdm1,view,129,c128,text,text,YES,,,
md,kdm1,view,130,c129,text,text,YES,,,
md,kdm1,view,131,c130,text,text,YES,,,
md,kdm1,view,132,c131,text,text,YES,,,
md,kdm1,view,133,c132,text,text,YES,,,
md,kdm1,view,134,c133,text,text,YES,,,
md,kdm1,view,135,c134,text,text,YES,,,
md,kdm1,view,136,c135,text,text,YES,,,
md,kdm1,view,137,c136,text,text,YES,,,
md,kdm1,view,138,c137,text,text,YES,,,
md,kdm1,view,139,c138,text,text,YES,,,
md,kdm1,view,140,c139,text,text,YES,,,
md,kdm1,view,141,c140,text,text,YES,,,
md,kdm1,view,142,c141,text,text,YES,,,
md,kdm1,view,143,c142,text,text,YES,,,
md,kdm1,view,144,c143,text,text,YES,,,
md,kdm1,view,145,c144,text,text,YES,,,
md,kdm1,view,146,c145,text,text,YES,,,
md,kdm1,view,147,c146,text,text,YES,,,
md,kdm1,view,148,c147,text,text,YES,,,
md,kdm1,view,149,c148,text,text,YES,,,
md,kdm1,view,150,c149,text,text,YES,,,
md,kdm1,view,151,c150,text,text,YES,,,
md,kdm1,view,152,c151,text,text,YES,,,
md,kdm1,view,153,c152,text,text,YES,,,
md,kdm1,view,154,c153,text,text,YES,,,
md,kdm1,view,155,c154,text,text,YES,,,
md,kdm1,view,156,c155,text,text,YES,,,
md,kdm1,view,157,c156,text,text,YES,,,
md,kdm1,view,158,c157,text,text,YES,,,
md,kdm1,view,159,c158,text,text,YES,,,
md,kdm1,view,160,c159,text,text,YES,,,
md,kdm1,view,161,c160,text,text,YES,,,
md,kdm1,view,162,c161,text,text,YES,,,
md,kdm1,view,163,c162,text,text,YES,,,
md,kdm1,view,164,c163,text,text,YES,,,
md,kdm1,view,165,c164,text,text,YES,,,
md,kdm1,view,166,c165,text,text,YES,,,
md,kdm1,view,167,c166,text,text,YES,,,
md,kdm1,view,168,c167,text,text,YES,,,
md,kdm1,view,169,c168,text,text,YES,,,
md,kdm1,view,170,c169,text,text,YES,,,
md,kdm1,view,171,c170,text,text,YES,,,
md,kdm1,view,172,c171,text,text,YES,,,
md,kdm1,view,173,c172,text,text,YES,,,
md,kdm1,view,174,c173,text,text,YES,,,
md,kdm1,view,175,c174,text,text,YES,,,
md,kdm1,view,176,c175,text,text,YES,,,
md,kdm1,view,177,c176,text,text,YES,,,
md,kdm1,view,178,c177,text,text,YES,,,
md,kdm1,view,179,c178,text,text,YES,,,
md,kdm1,view,180,c179,text,text,YES,,,
md,kdm1,view,181,c180,numeric,numeric,YES,,,
md,kdm1,view,182,c181,numeric,numeric,YES,,,
md,kdm1,view,183,c182,numeric,numeric,YES,,,
md,kdm1,view,184,c183,numeric,numeric,YES,,,
md,kdm1,view,185,c184,text,text,YES,,,
md,kdm1,view,186,c185,text,text,YES,,,
md,kdm1,view,187,c186,text,text,YES,,,
md,kdm1,view,188,c187,text,text,YES,,,
md,kdm1,view,189,c188,timestamp without time zone,timestamp,YES,,,
md,kdm1,view,190,c189,text,text,YES,,,
md,kdm1,view,191,c190,text,text,YES,,,
md,kdm1,view,192,c191,timestamp without time zone,timestamp,YES,,,
md,kdm1,view,193,c192,text,text,YES,,,
md,kdm1,view,194,c193,text,text,YES,,,
md,kdm1,view,195,c194,text,text,YES,,,
md,kdm1,view,196,c195,timestamp without time zone,timestamp,YES,,,
md,kdm1,view,197,c196,text,text,YES,,,
md,kdm1,view,198,c197,timestamp without time zone,timestamp,YES,,,
md,kdm1,view,199,c198,text,text,YES,,,
md,kdm1,view,200,c199,text,text,YES,,,
md,kdm1,view,201,c200,text,text,YES,,,
md,kdm2,view,1,sucursal,text,text,YES,,,
md,kdm2,view,2,c1,text,text,YES,,,
md,kdm2,view,3,c2,text,text,YES,,,
md,kdm2,view,4,c3,text,text,YES,,,
md,kdm2,view,5,c4,numeric,numeric,YES,,,
md,kdm2,view,6,c5,numeric,numeric,YES,,,
md,kdm2,view,7,c6,text,text,YES,,,
md,kdm2,view,8,c7,numeric,numeric,YES,,,
md,kdm2,view,9,c8,text,text,YES,,,
md,kdm2,view,10,c9,double precision,float8,YES,,,
md,kdm2,view,11,c10,text,text,YES,,,
md,kdm2,view,12,c11,text,text,YES,,,
md,kdm2,view,13,c12,numeric,numeric,YES,,,
md,kdm2,view,14,c13,numeric,numeric,YES,,,
md,kdm2,view,15,c14,double precision,float8,YES,,,
md,kdm2,view,16,c15,double precision,float8,YES,,,
md,kdm2,view,17,c16,double precision,float8,YES,,,
md,kdm2,view,18,c17,text,text,YES,,,
md,kdm2,view,19,c18,double precision,float8,YES,,,
md,kdm2,view,20,c19,text,text,YES,,,
md,kdm2,view,21,c20,numeric,numeric,YES,,,
md,kdm2,view,22,c21,numeric,numeric,YES,,,
md,kdm2,view,23,c22,text,text,YES,,,
md,kdm2,view,24,c23,numeric,numeric,YES,,,
md,kdm2,view,25,c24,double precision,float8,YES,,,
md,kdm2,view,26,c25,text,text,YES,,,
md,kdm2,view,27,c26,double precision,float8,YES,,,
md,kdm2,view,28,c27,text,text,YES,,,
md,kdm2,view,29,c28,text,text,YES,,,
md,kdm2,view,30,c29,numeric,numeric,YES,,,
md,kdm2,view,31,c30,numeric,numeric,YES,,,
md,kdm2,view,32,c31,double precision,float8,YES,,,
md,kdm2,view,33,c32,timestamp without time zone,timestamp,YES,,,
md,kdm2,view,34,c33,numeric,numeric,YES,,,
md,kdm2,view,35,c34,numeric,numeric,YES,,,
md,kdm2,view,36,c35,numeric,numeric,YES,,,
md,kdm2,view,37,c36,text,text,YES,,,
md,kdm2,view,38,c37,numeric,numeric,YES,,,
md,kdm2,view,39,c38,numeric,numeric,YES,,,
md,kdm2,view,40,c39,text,text,YES,,,
md,kdm2,view,41,c40,text,text,YES,,,
md,kdm2,view,42,c41,text,text,YES,,,
md,kdm2,view,43,c42,text,text,YES,,,
md,kdm2,view,44,c43,text,text,YES,,,
md,kdm2,view,45,c44,text,text,YES,,,
md,kdm2,view,46,c45,text,text,YES,,,
md,kdm2,view,47,c46,text,text,YES,,,
md,kdm2,view,48,c47,text,text,YES,,,
md,kdm2,view,49,c48,text,text,YES,,,
md,kdm2,view,50,c49,text,text,YES,,,
md,kdm2,view,51,c50,text,text,YES,,,
md,kdm2,view,52,c51,text,text,YES,,,
md,kdm2,view,53,c52,text,text,YES,,,
md,kdm2,view,54,c53,text,text,YES,,,
md,kdm2,view,55,c54,text,text,YES,,,
md,kdm2,view,56,c55,text,text,YES,,,
md,kdm2,view,57,c56,text,text,YES,,,
md,kdm2,view,58,c57,text,text,YES,,,
md,kdm2,view,59,c58,text,text,YES,,,
md,kdm2,view,60,c59,text,text,YES,,,
md,kdm2,view,61,c60,text,text,YES,,,
md,kdm2,view,62,c61,text,text,YES,,,
md,kdm2,view,63,c62,text,text,YES,,,
md,kdm2,view,64,c63,text,text,YES,,,
md,kdm2,view,65,c64,text,text,YES,,,
md,kdm2,view,66,c65,text,text,YES,,,
md,kdm2,view,67,c66,text,text,YES,,,
md,kdm2,view,68,c67,text,text,YES,,,
md,kdm2,view,69,c68,text,text,YES,,,
md,kdm2,view,70,c69,text,text,YES,,,
md,kdm2,view,71,c70,text,text,YES,,,
md,kdm5,view,1,sucursal,text,text,YES,,,
md,kdm5,view,2,c1,text,text,YES,,,
md,kdm5,view,3,c2,text,text,YES,,,
md,kdm5,view,4,c3,text,text,YES,,,
md,kdm5,view,5,c4,numeric,numeric,YES,,,
md,kdm5,view,6,c5,numeric,numeric,YES,,,
md,kdm5,view,7,c6,text,text,YES,,,
md,kdm5,view,8,c7,numeric,numeric,YES,,,
md,kdm5,view,9,c8,text,text,YES,,,
md,kdm5,view,10,c9,numeric,numeric,YES,,,
md,kdm5,view,11,c10,numeric,numeric,YES,,,
md,kdm5,view,12,c11,text,text,YES,,,
md,kdm5,view,13,c12,numeric,numeric,YES,,,
md,kdm5,view,14,c13,numeric,numeric,YES,,,
md,kdm5,view,15,c14,text,text,YES,,,
md,kdm6,view,1,sucursal,text,text,YES,,,
md,kdm6,view,2,c1,text,text,YES,,,
md,kdm6,view,3,c2,text,text,YES,,,
md,kdm6,view,4,c3,text,text,YES,,,
md,kdm6,view,5,c4,numeric,numeric,YES,,,
md,kdm6,view,6,c5,numeric,numeric,YES,,,
md,kdm6,view,7,c6,text,text,YES,,,
md,kdm6,view,8,c7,numeric,numeric,YES,,,
md,kdm6,view,9,c8,text,text,YES,,,
md,kdm6,view,10,c9,text,text,YES,,,
md,kdm6,view,11,c10,text,text,YES,,,
md,kdm6,view,12,c11,numeric,numeric,YES,,,
md,kdm6,view,13,c12,text,text,YES,,,
md,kdm6,view,14,c13,text,text,YES,,,
md,kdm6,view,15,c14,text,text,YES,,,
md,kdm6,view,16,c15,text,text,YES,,,
md,kdm6,view,17,c16,text,text,YES,,,
md,kdm6,view,18,c17,numeric,numeric,YES,,,
md,kdm6,view,19,c18,numeric,numeric,YES,,,
md,kdm8,view,1,sucursal,text,text,YES,,,
md,kdm8,view,2,c1,text,text,YES,,,
md,kdm8,view,3,c2,text,text,YES,,,
md,kdm8,view,4,c3,text,text,YES,,,
md,kdm8,view,5,c4,numeric,numeric,YES,,,
md,kdm8,view,6,c5,numeric,numeric,YES,,,
md,kdm8,view,7,c6,text,text,YES,,,
md,kdm8,view,8,c7,numeric,numeric,YES,,,
md,kdm8,view,9,c8,text,text,YES,,,
md,kdm8,view,10,c9,numeric,numeric,YES,,,
md,kdm8,view,11,c10,numeric,numeric,YES,,,
md,kdm8,view,12,c11,text,text,YES,,,
md,kdm_cat_che,view,1,sucursal,text,text,YES,,,
md,kdm_cat_che,view,2,c1,text,text,YES,,,
md,kdm_cat_che,view,3,c2,text,text,YES,,,
md,kdm_cat_emb,view,1,sucursal,text,text,YES,,,
md,kdm_cat_emb,view,2,c1,text,text,YES,,,
md,kdm_cat_emb,view,3,c2,text,text,YES,,,
md,kdm_cat_sur,view,1,sucursal,text,text,YES,,,
md,kdm_cat_sur,view,2,c1,text,text,YES,,,
md,kdm_cat_sur,view,3,c2,text,text,YES,,,
md,kdm_chofer,view,1,sucursal,text,text,YES,,,
md,kdm_chofer,view,2,c1,text,text,YES,,,
md,kdm_chofer,view,3,c2,text,text,YES,,,
md,kdm_m2,view,1,sucursal,text,text,YES,,,
md,kdm_m2,view,2,c1,text,text,YES,,,
md,kdm_m2,view,3,c2,text,text,YES,,,
md,kdm_m2,view,4,c3,text,text,YES,,,
md,kdm_m2,view,5,c4,numeric,numeric,YES,,,
md,kdm_m2,view,6,c5,numeric,numeric,YES,,,
md,kdm_m2,view,7,c6,text,text,YES,,,
md,kdm_m2,view,8,c7,numeric,numeric,YES,,,
md,kdm_m2,view,9,c8,text,text,YES,,,
md,kdm_m2,view,10,c9,text,text,YES,,,
md,kdm_m2,view,11,c10,text,text,YES,,,
md,kdm_m2,view,12,c11,text,text,YES,,,
md,kdm_m2,view,13,c12,text,text,YES,,,
md,kdm_m2,view,14,c13,text,text,YES,,,
md,kdm_m2,view,15,c14,text,text,YES,,,
md,kdm_m2,view,16,c15,text,text,YES,,,
md,kdm_m2,view,17,c16,text,text,YES,,,
md,kdm_m2,view,18,c17,text,text,YES,,,
md,kdm_m2,view,19,c18,text,text,YES,,,
md,kdm_m2,view,20,c19,text,text,YES,,,
md,kdm_m2,view,21,c20,timestamp without time zone,timestamp,YES,,,
md,kdm_m2,view,22,c21,timestamp without time zone,timestamp,YES,,,
md,kdm_m2,view,23,c22,timestamp without time zone,timestamp,YES,,,
md,kdm_m2,view,24,c23,timestamp without time zone,timestamp,YES,,,
md,kdm_m2,view,25,c24,timestamp without time zone,timestamp,YES,,,
md,kdm_m2,view,26,c25,numeric,numeric,YES,,,
md,kdm_m2,view,27,c26,numeric,numeric,YES,,,
md,kdm_m2,view,28,c27,numeric,numeric,YES,,,
md,kdm_m2,view,29,c28,numeric,numeric,YES,,,
md,kdm_m2,view,30,c29,numeric,numeric,YES,,,
md,kdm_m2,view,31,c30,numeric,numeric,YES,,,
md,kdm_m2,view,32,c31,text,text,YES,,,
md,kdm_m2,view,33,c32,text,text,YES,,,
md,kdm_m2,view,34,c33,text,text,YES,,,
md,kdm_m2,view,35,c34,text,text,YES,,,
md,kdm_m2,view,36,c35,text,text,YES,,,
md,kdm_rutas,view,1,sucursal,text,text,YES,,,
md,kdm_rutas,view,2,c1,text,text,YES,,,
md,kdm_rutas,view,3,c2,text,text,YES,,,
md,kdm_rutas2,view,1,sucursal,text,text,YES,,,
md,kdm_rutas2,view,2,c1,text,text,YES,,,
md,kdm_rutas2,view,3,c2,text,text,YES,,,
md,kdm_rutas2,view,4,c3,text,text,YES,,,
md,kdm_rutas2,view,5,c4,numeric,numeric,YES,,,
md,kdm_transporte,view,1,sucursal,text,text,YES,,,
md,kdm_transporte,view,2,c1,text,text,YES,,,
md,kdm_transporte,view,3,c2,text,text,YES,,,
md,kdm_transporte,view,4,c3,text,text,YES,,,
md,kdm_transporte,view,5,c4,text,text,YES,,,
md,kdm_unico,view,1,sucursal,text,text,YES,,,
md,kdm_unico,view,2,c1,text,text,YES,,,
md,kdm_unico,view,3,c2,text,text,YES,,,
md,kdm_unico,view,4,c3,text,text,YES,,,
md,kdm_unico,view,5,c4,text,text,YES,,,
md,kdm_unico,view,6,c5,text,text,YES,,,
md,kdm_unico,view,7,c6,text,text,YES,,,
md,kdm_unico,view,8,c7,text,text,YES,,,
md,kdm_unico,view,9,c8,text,text,YES,,,
md,kdm_unico,view,10,c9,text,text,YES,,,
md,kdm_unico,view,11,c10,text,text,YES,,,
md,kdm_unico,view,12,c11,numeric,numeric,YES,,,
md,kdm_unico,view,13,c12,numeric,numeric,YES,,,
md,kdm_unico,view,14,c13,numeric,numeric,YES,,,
md,kdm_unico,view,15,c14,numeric,numeric,YES,,,
md,kdm_unico,view,16,c15,numeric,numeric,YES,,,
md,kdm_unico,view,17,c16,numeric,numeric,YES,,,
md,kdm_unico,view,18,c17,numeric,numeric,YES,,,
md,kdm_unico,view,19,c18,numeric,numeric,YES,,,
md,kdm_unico,view,20,c19,numeric,numeric,YES,,,
md,kdm_unico,view,21,c20,numeric,numeric,YES,,,
md,kdm_unico,view,22,c21,timestamp without time zone,timestamp,YES,,,
md,kdm_unico,view,23,c22,timestamp without time zone,timestamp,YES,,,
md,kdm_unico,view,24,c23,timestamp without time zone,timestamp,YES,,,
md,kdmensajes,view,1,sucursal,text,text,YES,,,
md,kdmensajes,view,2,c1,text,text,YES,,,
md,kdmensajes,view,3,c2,text,text,YES,,,
md,kdmensajes,view,4,c3,timestamp without time zone,timestamp,YES,,,
md,kdmensajes,view,5,c4,text,text,YES,,,
md,kdmensajes,view,6,c5,text,text,YES,,,
md,kdmensajes,view,7,c6,timestamp without time zone,timestamp,YES,,,
md,kdmensajes,view,8,c7,text,text,YES,,,
md,kdmensajes,view,9,c8,timestamp without time zone,timestamp,YES,,,
md,kdmensajes,view,10,c9,text,text,YES,,,
md,kdmensajes,view,11,c10,text,text,YES,,,
md,kdmensajes,view,12,c11,text,text,YES,,,
md,kdmensajes,view,13,c12,text,text,YES,,,
md,kdmm,view,1,sucursal,text,text,YES,,,
md,kdmm,view,2,c1,text,text,YES,,,
md,kdmm,view,3,c2,text,text,YES,,,
md,kdmm,view,4,c3,numeric,numeric,YES,,,
md,kdmm,view,5,c4,numeric,numeric,YES,,,
md,kdmm,view,6,c5,text,text,YES,,,
md,kdmm,view,7,c6,text,text,YES,,,
md,kdmm,view,8,c7,text,text,YES,,,
md,kdmm,view,9,c8,text,text,YES,,,
md,kdmm,view,10,c9,text,text,YES,,,
md,kdmm,view,11,c10,text,text,YES,,,
md,kdmm,view,12,c11,text,text,YES,,,
md,kdmm,view,13,c12,text,text,YES,,,
md,kdmm,view,14,c13,text,text,YES,,,
md,kdmm,view,15,c14,text,text,YES,,,
md,kdmm,view,16,c15,text,text,YES,,,
md,kdmm,view,17,c16,text,text,YES,,,
md,kdmm,view,18,c17,text,text,YES,,,
md,kdmm,view,19,c18,text,text,YES,,,
md,kdmm,view,20,c19,text,text,YES,,,
md,kdmm,view,21,c20,text,text,YES,,,
md,kdmm,view,22,c21,text,text,YES,,,
md,kdmm,view,23,c22,text,text,YES,,,
md,kdmm,view,24,c23,text,text,YES,,,
md,kdmm,view,25,c24,text,text,YES,,,
md,kdmm,view,26,c25,numeric,numeric,YES,,,
md,kdmm,view,27,c26,numeric,numeric,YES,,,
md,kdmm,view,28,c27,text,text,YES,,,
md,kdmm,view,29,c28,text,text,YES,,,
md,kdmm,view,30,c29,text,text,YES,,,
md,kdmm,view,31,c30,text,text,YES,,,
md,kdmm,view,32,c31,text,text,YES,,,
md,kdmm,view,33,c32,numeric,numeric,YES,,,
md,kdmm,view,34,c33,text,text,YES,,,
md,kdmm,view,35,c34,text,text,YES,,,
md,kdmm,view,36,c35,text,text,YES,,,
md,kdmm,view,37,c36,text,text,YES,,,
md,kdmm,view,38,c37,text,text,YES,,,
md,kdmm,view,39,c38,text,text,YES,,,
md,kdmm,view,40,c39,text,text,YES,,,
md,kdmm,view,41,c40,text,text,YES,,,
md,kdmm,view,42,c41,text,text,YES,,,
md,kdmm,view,43,c42,text,text,YES,,,
md,kdmm,view,44,c43,text,text,YES,,,
md,kdmm,view,45,c44,text,text,YES,,,
md,kdmm,view,46,c45,text,text,YES,,,
md,kdmm,view,47,c46,text,text,YES,,,
md,kdmm,view,48,c47,text,text,YES,,,
md,kdmm,view,49,c48,text,text,YES,,,
md,kdmm,view,50,c49,text,text,YES,,,
md,kdmm,view,51,c50,text,text,YES,,,
md,kdmm,view,52,c51,text,text,YES,,,
md,kdmm,view,53,c52,text,text,YES,,,
md,kdmm,view,54,c53,text,text,YES,,,
md,kdmm,view,55,c54,text,text,YES,,,
md,kdmm,view,56,c55,text,text,YES,,,
md,kdmm,view,57,c56,timestamp without time zone,timestamp,YES,,,
md,kdmm,view,58,c57,timestamp without time zone,timestamp,YES,,,
md,kdmm,view,59,c58,text,text,YES,,,
md,kdmm,view,60,c59,text,text,YES,,,
md,kdmm,view,61,c60,text,text,YES,,,
md,kdmm,view,62,c61,text,text,YES,,,
md,kdms,view,1,sucursal,text,text,YES,,,
md,kdms,view,2,c1,text,text,YES,,,
md,kdms,view,3,c2,text,text,YES,,,
md,kdms,view,4,c3,text,text,YES,,,
md,kdms,view,5,c4,text,text,YES,,,
md,kdms,view,6,c5,text,text,YES,,,
md,kdms,view,7,c6,text,text,YES,,,
md,kdms,view,8,c7,text,text,YES,,,
md,kdms,view,9,c8,text,text,YES,,,
md,kdms,view,10,c9,text,text,YES,,,
md,kdms,view,11,c10,text,text,YES,,,
md,kdms,view,12,c11,text,text,YES,,,
md,kdms,view,13,c12,text,text,YES,,,
md,kdmt,view,1,sucursal,text,text,YES,,,
md,kdmt,view,2,c1,text,text,YES,,,
md,kdmt,view,3,c2,text,text,YES,,,
md,kdmt,view,4,c3,text,text,YES,,,
md,kdmt,view,5,c4,numeric,numeric,YES,,,
md,kdmt,view,6,c5,numeric,numeric,YES,,,
md,kdmt,view,7,c6,text,text,YES,,,
md,kdmt,view,8,c7,numeric,numeric,YES,,,
md,kdmt,view,9,c8,text,text,YES,,,
md,kdmt,view,10,c9,double precision,float8,YES,,,
md,kdmt,view,11,c10,text,text,YES,,,
md,kdmt,view,12,c11,text,text,YES,,,
md,kdmt,view,13,c12,text,text,YES,,,
md,kdmt,view,14,c13,numeric,numeric,YES,,,
md,kdmt,view,15,c14,text,text,YES,,,
md,kdmt,view,16,c15,text,text,YES,,,
md,kdmt,view,17,c16,numeric,numeric,YES,,,
md,kdmt,view,18,c17,text,text,YES,,,
md,kdmt,view,19,c18,double precision,float8,YES,,,
md,kdmt,view,20,c19,text,text,YES,,,
md,kdmt,view,21,c20,timestamp without time zone,timestamp,YES,,,
md,kdmx_25,view,1,sucursal,text,text,YES,,,
md,kdmx_25,view,2,c1,text,text,YES,,,
md,kdmx_25,view,3,c2,text,text,YES,,,
md,kdmx_25,view,4,c3,text,text,YES,,,
md,kdmx_25,view,5,c4,numeric,numeric,YES,,,
md,kdmx_25,view,6,c5,numeric,numeric,YES,,,
md,kdmx_25,view,7,c6,text,text,YES,,,
md,kdmx_25,view,8,c7,numeric,numeric,YES,,,
md,kdmx_25,view,9,c8,text,text,YES,,,
md,kdmx_25,view,10,c9,timestamp without time zone,timestamp,YES,,,
md,kdmx_26,view,1,sucursal,text,text,YES,,,
md,kdmx_26,view,2,c1,text,text,YES,,,
md,kdmx_26,view,3,c2,text,text,YES,,,
md,kdmx_26,view,4,c3,text,text,YES,,,
md,kdmx_26,view,5,c4,numeric,numeric,YES,,,
md,kdmx_26,view,6,c5,numeric,numeric,YES,,,
md,kdmx_26,view,7,c6,text,text,YES,,,
md,kdmx_26,view,8,c7,numeric,numeric,YES,,,
md,kdmx_26,view,9,c8,text,text,YES,,,
md,kdmx_26,view,10,c9,timestamp without time zone,timestamp,YES,,,
md,kdmy,view,1,sucursal,text,text,YES,,,
md,kdmy,view,2,c1,text,text,YES,,,
md,kdmy,view,3,c2,text,text,YES,,,
md,kdmy,view,4,c3,text,text,YES,,,
md,kdmy,view,5,c4,text,text,YES,,,
md,kdmy,view,6,c5,text,text,YES,,,
md,kdmy,view,7,c6,text,text,YES,,,
md,kdmy,view,8,c7,text,text,YES,,,
md,kdmy,view,9,c8,text,text,YES,,,
md,kdmz,view,1,sucursal,text,text,YES,,,
md,kdmz,view,2,c1,text,text,YES,,,
md,kdmz,view,3,c2,timestamp without time zone,timestamp,YES,,,
md,kdmz,view,4,c3,text,text,YES,,,
md,kdmz,view,5,c4,double precision,float8,YES,,,
md,kdpa,view,1,sucursal,text,text,YES,,,
md,kdpa,view,2,c1,text,text,YES,,,
md,kdpa,view,3,c2,timestamp without time zone,timestamp,YES,,,
md,kdpa,view,4,c3,timestamp without time zone,timestamp,YES,,,
md,kdpa,view,5,c4,numeric,numeric,YES,,,
md,kdpa,view,6,c5,text,text,YES,,,
md,kdpa,view,7,c6,text,text,YES,,,
md,kdpa,view,8,c7,text,text,YES,,,
md,kdpa,view,9,c8,text,text,YES,,,
md,kdpa,view,10,c9,text,text,YES,,,
md,kdpa,view,11,c10,text,text,YES,,,
md,kdpa,view,12,c11,double precision,float8,YES,,,
md,kdpa,view,13,c12,text,text,YES,,,
md,kdpa,view,14,c13,text,text,YES,,,
md,kdpa,view,15,c14,double precision,float8,YES,,,
md,kdpa,view,16,c15,text,text,YES,,,
md,kdpa,view,17,c16,text,text,YES,,,
md,kdpa,view,18,c17,double precision,float8,YES,,,
md,kdpa,view,19,c18,text,text,YES,,,
md,kdpa,view,20,c19,text,text,YES,,,
md,kdpa,view,21,c20,double precision,float8,YES,,,
md,kdpa,view,22,c21,text,text,YES,,,
md,kdpa,view,23,c22,text,text,YES,,,
md,kdpa,view,24,c23,double precision,float8,YES,,,
md,kdpa,view,25,c24,text,text,YES,,,
md,kdpa,view,26,c25,text,text,YES,,,
md,kdpa,view,27,c26,double precision,float8,YES,,,
md,kdpa,view,28,c27,text,text,YES,,,
md,kdpa,view,29,c28,text,text,YES,,,
md,kdpa,view,30,c29,double precision,float8,YES,,,
md,kdpa,view,31,c30,text,text,YES,,,
md,kdpa,view,32,c31,text,text,YES,,,
md,kdpa,view,33,c32,double precision,float8,YES,,,
md,kdpa,view,34,c33,text,text,YES,,,
md,kdpa,view,35,c34,text,text,YES,,,
md,kdpa,view,36,c35,double precision,float8,YES,,,
md,kdpa,view,37,c36,text,text,YES,,,
md,kdpa,view,38,c37,text,text,YES,,,
md,kdpa,view,39,c38,double precision,float8,YES,,,
md,kdpa,view,40,c39,text,text,YES,,,
md,kdpa,view,41,c40,text,text,YES,,,
md,kdpa,view,42,c41,double precision,float8,YES,,,
md,kdpa,view,43,c42,text,text,YES,,,
md,kdpa,view,44,c43,text,text,YES,,,
md,kdpord,view,1,sucursal,text,text,YES,,,
md,kdpord,view,2,c1,text,text,YES,,,
md,kdpord,view,3,c2,text,text,YES,,,
md,kdpord,view,4,c3,text,text,YES,,,
md,kdpord,view,5,c4,text,text,YES,,,
md,kdpord,view,6,c5,text,text,YES,,,
md,kdpord,view,7,c6,timestamp without time zone,timestamp,YES,,,
md,kdpord,view,8,c7,text,text,YES,,,
md,kdpord,view,9,c8,numeric,numeric,YES,,,
md,kdpord,view,10,c9,double precision,float8,YES,,,
md,kdpord,view,11,c10,text,text,YES,,,
md,kdpord,view,12,c11,numeric,numeric,YES,,,
md,kdpord,view,13,c12,text,text,YES,,,
md,kdpord,view,14,c13,double precision,float8,YES,,,
md,kdpord,view,15,c14,timestamp without time zone,timestamp,YES,,,
md,kdpord,view,16,c15,text,text,YES,,,
md,kdpord,view,17,c16,timestamp without time zone,timestamp,YES,,,
md,kdpord,view,18,c17,text,text,YES,,,
md,kdpord,view,19,c18,text,text,YES,,,
md,kdpord,view,20,c19,text,text,YES,,,
md,kdpord,view,21,c20,text,text,YES,,,
md,kdpord,view,22,c21,text,text,YES,,,
md,kdpord,view,23,c22,numeric,numeric,YES,,,
md,kdpord,view,24,c23,numeric,numeric,YES,,,
md,kdpord,view,25,c24,text,text,YES,,,
md,kdpord,view,26,c25,numeric,numeric,YES,,,
md,kdpord,view,27,c26,numeric,numeric,YES,,,
md,kdpord,view,28,c27,text,text,YES,,,
md,kdpord,view,29,c28,text,text,YES,,,
md,kdpord,view,30,c29,text,text,YES,,,
md,kdpord,view,31,c30,text,text,YES,,,
md,kdpord,view,32,c31,text,text,YES,,,
md,kdpord,view,33,c32,text,text,YES,,,
md,kdpord,view,34,c33,numeric,numeric,YES,,,
md,kdpord,view,35,c34,text,text,YES,,,
md,kdpord,view,36,c35,text,text,YES,,,
md,kdpq,view,1,sucursal,text,text,YES,,,
md,kdpq,view,2,c1,text,text,YES,,,
md,kdpq,view,3,c2,text,text,YES,,,
md,kdpq,view,4,c3,numeric,numeric,YES,,,
md,kdpq,view,5,c4,text,text,YES,,,
md,kdpq,view,6,c5,text,text,YES,,,
md,kdpq,view,7,c6,text,text,YES,,,
md,kdpq,view,8,c7,double precision,float8,YES,,,
md,kdpv_bitacora_precios,view,1,sucursal,text,text,YES,,,
md,kdpv_bitacora_precios,view,2,c1,timestamp without time zone,timestamp,YES,,,
md,kdpv_bitacora_precios,view,3,c2,text,text,YES,,,
md,kdpv_bitacora_precios,view,4,c3,text,text,YES,,,
md,kdpv_bitacora_precios,view,5,c4,text,text,YES,,,
md,kdpv_bitacora_precios,view,6,c5,text,text,YES,,,
md,kdpv_bitacora_precios,view,7,c6,numeric,numeric,YES,,,
md,kdpv_bitacora_precios,view,8,c7,numeric,numeric,YES,,,
md,kdpv_bitacora_precios,view,9,c8,numeric,numeric,YES,,,
md,kdpv_bitacora_precios,view,10,c9,text,text,YES,,,
md,kdpv_descuxm,view,1,sucursal,text,text,YES,,,
md,kdpv_descuxm,view,2,c1,text,text,YES,,,
md,kdpv_descuxm,view,3,c2,text,text,YES,,,
md,kdpv_descuxm,view,4,c3,text,text,YES,,,
md,kdpv_descuxm,view,5,c4,text,text,YES,,,
md,kdpv_descuxm,view,6,c5,numeric,numeric,YES,,,
md,kdpv_descuxm,view,7,c6,numeric,numeric,YES,,,
md,kdpv_descuxm,view,8,c7,timestamp without time zone,timestamp,YES,,,
md,kdpv_descuxm,view,9,c8,timestamp without time zone,timestamp,YES,,,
md,kdpv_descuxm,view,10,c9,numeric,numeric,YES,,,
md,kdpv_descuxm,view,11,c10,numeric,numeric,YES,,,
md,kdpv_descuxm,view,12,c11,text,text,YES,,,
md,kdpv_descuxm,view,13,c12,text,text,YES,,,
md,kdpv_descuxq,view,1,sucursal,text,text,YES,,,
md,kdpv_descuxq,view,2,c1,text,text,YES,,,
md,kdpv_descuxq,view,3,c2,text,text,YES,,,
md,kdpv_descuxq,view,4,c3,text,text,YES,,,
md,kdpv_descuxq,view,5,c4,text,text,YES,,,
md,kdpv_descuxq,view,6,c5,numeric,numeric,YES,,,
md,kdpv_descuxq,view,7,c6,numeric,numeric,YES,,,
md,kdpv_descuxq,view,8,c7,timestamp without time zone,timestamp,YES,,,
md,kdpv_descuxq,view,9,c8,timestamp without time zone,timestamp,YES,,,
md,kdpv_descuxq,view,10,c9,numeric,numeric,YES,,,
md,kdpv_descuxq,view,11,c10,numeric,numeric,YES,,,
md,kdpv_descuxq,view,12,c11,text,text,YES,,,
md,kdpv_descuxq,view,13,c12,text,text,YES,,,
md,kdpv_folio_caja,view,1,sucursal,text,text,YES,,,
md,kdpv_folio_caja,view,2,c1,text,text,YES,,,
md,kdpv_folio_caja,view,3,c2,text,text,YES,,,
md,kdpv_folio_caja,view,4,c3,numeric,numeric,YES,,,
md,kdpv_folio_caja,view,5,c4,numeric,numeric,YES,,,
md,kdpv_folio_caja,view,6,c5,timestamp without time zone,timestamp,YES,,,
md,kdpv_folio_caja,view,7,c6,text,text,YES,,,
md,kdpv_folio_caja,view,8,c7,text,text,YES,,,
md,kdpv_folio_caja,view,9,c8,text,text,YES,,,
md,kdpv_folio_caja,view,10,c9,numeric,numeric,YES,,,
md,kdpv_folio_caja,view,11,c10,timestamp without time zone,timestamp,YES,,,
md,kdpv_folio_caja,view,12,c11,text,text,YES,,,
md,kdpv_folio_caja,view,13,c12,text,text,YES,,,
md,kdpv_folio_caja,view,14,c13,text,text,YES,,,
md,kdpv_folio_caja,view,15,c14,text,text,YES,,,
md,kdpv_folio_caja,view,16,c15,numeric,numeric,YES,,,
md,kdpv_folio_caja,view,17,c16,numeric,numeric,YES,,,
md,kdpv_folio_caja,view,18,c17,numeric,numeric,YES,,,
md,kdpv_folio_caja,view,19,c18,numeric,numeric,YES,,,
md,kdpv_folio_caja,view,20,c19,numeric,numeric,YES,,,
md,kdpv_folio_caja,view,21,c20,numeric,numeric,YES,,,
md,kdpv_folio_caja,view,22,c21,text,text,YES,,,
md,kdpv_folio_caja,view,23,c22,text,text,YES,,,
md,kdpv_folio_caja,view,24,c23,text,text,YES,,,
md,kdpv_folio_caja,view,25,c24,text,text,YES,,,
md,kdpv_folio_caja,view,26,c25,numeric,numeric,YES,,,
md,kdpv_folio_caja,view,27,c26,numeric,numeric,YES,,,
md,kdpv_folio_caja,view,28,c27,numeric,numeric,YES,,,
md,kdpv_folio_caja,view,29,c28,numeric,numeric,YES,,,
md,kdpv_folio_caja,view,30,c29,numeric,numeric,YES,,,
md,kdpv_folio_caja,view,31,c30,numeric,numeric,YES,,,
md,kdpv_folio_caja,view,32,c31,text,text,YES,,,
md,kdpv_folio_caja,view,33,c32,text,text,YES,,,
md,kdpv_folio_caja,view,34,c33,text,text,YES,,,
md,kdpv_folio_caja,view,35,c34,text,text,YES,,,
md,kdpv_folio_caja,view,36,c35,numeric,numeric,YES,,,
md,kdpv_folio_caja,view,37,c36,numeric,numeric,YES,,,
md,kdpv_folio_caja,view,38,c37,numeric,numeric,YES,,,
md,kdpv_folio_caja,view,39,c38,numeric,numeric,YES,,,
md,kdpv_folio_caja,view,40,c39,numeric,numeric,YES,,,
md,kdpv_folio_caja,view,41,c40,numeric,numeric,YES,,,
md,kdpv_folio_caja,view,42,c41,text,text,YES,,,
md,kdpv_folio_caja,view,43,c42,text,text,YES,,,
md,kdpv_folio_caja,view,44,c43,numeric,numeric,YES,,,
md,kdpv_folio_caja,view,45,c44,numeric,numeric,YES,,,
md,kdpv_folio_caja,view,46,c45,numeric,numeric,YES,,,
md,kdpv_folio_caja,view,47,c46,numeric,numeric,YES,,,
md,kdpv_folio_caja,view,48,c47,numeric,numeric,YES,,,
md,kdpv_folio_caja,view,49,c48,numeric,numeric,YES,,,
md,kdpv_folio_caja,view,50,c49,numeric,numeric,YES,,,
md,kdpv_gerentes,view,1,sucursal,text,text,YES,,,
md,kdpv_gerentes,view,2,c1,text,text,YES,,,
md,kdpv_gerentes,view,3,c2,text,text,YES,,,
md,kdpv_gerentes,view,4,c3,text,text,YES,,,
md,kdpv_gratisxm,view,1,sucursal,text,text,YES,,,
md,kdpv_gratisxm,view,2,c1,text,text,YES,,,
md,kdpv_gratisxm,view,3,c2,text,text,YES,,,
md,kdpv_gratisxm,view,4,c3,text,text,YES,,,
md,kdpv_gratisxm,view,5,c4,text,text,YES,,,
md,kdpv_gratisxm,view,6,c5,numeric,numeric,YES,,,
md,kdpv_gratisxm,view,7,c6,text,text,YES,,,
md,kdpv_gratisxm,view,8,c7,timestamp without time zone,timestamp,YES,,,
md,kdpv_gratisxm,view,9,c8,timestamp without time zone,timestamp,YES,,,
md,kdpv_gratisxm,view,10,c9,numeric,numeric,YES,,,
md,kdpv_gratisxm,view,11,c10,numeric,numeric,YES,,,
md,kdpv_gratisxm,view,12,c11,numeric,numeric,YES,,,
md,kdpv_gratisxm,view,13,c12,text,text,YES,,,
md,kdpv_gratisxm,view,14,c13,text,text,YES,,,
md,kdpv_gratisxm,view,15,c14,text,text,YES,,,
md,kdpv_gratisxm,view,16,c15,text,text,YES,,,
md,kdpv_gratisxq,view,1,sucursal,text,text,YES,,,
md,kdpv_gratisxq,view,2,c1,text,text,YES,,,
md,kdpv_gratisxq,view,3,c2,text,text,YES,,,
md,kdpv_gratisxq,view,4,c3,text,text,YES,,,
md,kdpv_gratisxq,view,5,c4,text,text,YES,,,
md,kdpv_gratisxq,view,6,c5,numeric,numeric,YES,,,
md,kdpv_gratisxq,view,7,c6,text,text,YES,,,
md,kdpv_gratisxq,view,8,c7,timestamp without time zone,timestamp,YES,,,
md,kdpv_gratisxq,view,9,c8,timestamp without time zone,timestamp,YES,,,
md,kdpv_gratisxq,view,10,c9,numeric,numeric,YES,,,
md,kdpv_gratisxq,view,11,c10,numeric,numeric,YES,,,
md,kdpv_gratisxq,view,12,c11,numeric,numeric,YES,,,
md,kdpv_gratisxq,view,13,c12,text,text,YES,,,
md,kdpv_gratisxq,view,14,c13,text,text,YES,,,
md,kdpv_gratisxq,view,15,c14,text,text,YES,,,
md,kdpv_gratisxq,view,16,c15,text,text,YES,,,
md,kdpv_kdku,view,1,sucursal,text,text,YES,,,
md,kdpv_kdku,view,2,c1,text,text,YES,,,
md,kdpv_kdku,view,3,c2,text,text,YES,,,
md,kdpv_kdku,view,4,c3,text,text,YES,,,
md,kdpv_kdku,view,5,c4,text,text,YES,,,
md,kdpv_kdku,view,6,c5,text,text,YES,,,
md,kdpv_prod_util,view,1,sucursal,text,text,YES,,,
md,kdpv_prod_util,view,2,c1,text,text,YES,,,
md,kdpv_prod_util,view,3,c2,text,text,YES,,,
md,kdpv_prod_util,view,4,c3,numeric,numeric,YES,,,
md,kdpv_prod_util,view,5,c4,numeric,numeric,YES,,,
md,kdpv_prod_util,view,6,c5,numeric,numeric,YES,,,
md,kdpv_prod_util,view,7,c6,numeric,numeric,YES,,,
md,kdpv_prod_util,view,8,c7,numeric,numeric,YES,,,
md,kdpv_prov_prod,view,1,sucursal,text,text,YES,,,
md,kdpv_prov_prod,view,2,c1,text,text,YES,,,
md,kdpv_prov_prod,view,3,c2,text,text,YES,,,
md,kdpv_prov_prod,view,4,c3,text,text,YES,,,
md,kdpv_prov_prod,view,5,c4,numeric,numeric,YES,,,
md,kdpv_prov_prod,view,6,c5,numeric,numeric,YES,,,
md,kdpv_prov_prod,view,7,c6,numeric,numeric,YES,,,
md,kdpv_prov_prod,view,8,c7,numeric,numeric,YES,,,
md,kdpv_prov_prod,view,9,c8,numeric,numeric,YES,,,
md,kdpv_prov_prod,view,10,c9,numeric,numeric,YES,,,
md,kdpv_prov_prod,view,11,c10,numeric,numeric,YES,,,
md,kdrhcon,view,1,sucursal,text,text,YES,,,
md,kdrhcon,view,2,c1,text,text,YES,,,
md,kdrhcon,view,3,c2,text,text,YES,,,
md,kdrhcon,view,4,c3,text,text,YES,,,
md,kdrhcon,view,5,c4,text,text,YES,,,
md,kdrhcon,view,6,c5,text,text,YES,,,
md,kdrhcon,view,7,c6,numeric,numeric,YES,,,
md,kdrhcon,view,8,c7,text,text,YES,,,
md,kdrhcon,view,9,c8,text,text,YES,,,
md,kdrhcon,view,10,c9,text,text,YES,,,
md,kdrhcon,view,11,c10,text,text,YES,,,
md,kdrhcon,view,12,c11,text,text,YES,,,
md,kdrhcon,view,13,c12,numeric,numeric,YES,,,
md,kdrhcon,view,14,c13,numeric,numeric,YES,,,
md,kdrhdxn,view,1,sucursal,text,text,YES,,,
md,kdrhdxn,view,2,c1,text,text,YES,,,
md,kdrhdxn,view,3,c2,text,text,YES,,,
md,kdrhdxn,view,4,c3,text,text,YES,,,
md,kdrhdxn,view,5,c4,text,text,YES,,,
md,kdrhdxn,view,6,c5,text,text,YES,,,
md,kdrhdxn,view,7,c6,numeric,numeric,YES,,,
md,kdrhdxn,view,8,c7,timestamp without time zone,timestamp,YES,,,
md,kdrhdxn,view,9,c8,text,text,YES,,,
md,kdrhdxn,view,10,c9,double precision,float8,YES,,,
md,kdrhdxn,view,11,c10,text,text,YES,,,
md,kdrhdxn,view,12,c11,text,text,YES,,,
md,kdrhdxn,view,13,c12,text,text,YES,,,
md,kdrhdxn,view,14,c13,text,text,YES,,,
md,kdrhdxn,view,15,c14,text,text,YES,,,
md,kdrhdxn,view,16,c15,text,text,YES,,,
md,kdrhdxn,view,17,c16,text,text,YES,,,
md,kdrhdxn,view,18,c17,text,text,YES,,,
md,kdrhdxn,view,19,c18,text,text,YES,,,
md,kdrhdxn,view,20,c19,text,text,YES,,,
md,kdrhdxn,view,21,c20,timestamp without time zone,timestamp,YES,,,
md,kdrhdxn,view,22,c21,text,text,YES,,,
md,kdrhfeba,view,1,sucursal,text,text,YES,,,
md,kdrhfeba,view,2,c1,text,text,YES,,,
md,kdrhfeba,view,3,c2,text,text,YES,,,
md,kdrhfeba,view,4,c3,text,text,YES,,,
md,kdrhfpag,view,1,sucursal,text,text,YES,,,
md,kdrhfpag,view,2,c1,text,text,YES,,,
md,kdrhfpag,view,3,c2,text,text,YES,,,
md,kdrhmcr,view,1,sucursal,text,text,YES,,,
md,kdrhmcr,view,2,c1,text,text,YES,,,
md,kdrhmcr,view,3,c2,text,text,YES,,,
md,kdrhnom,view,1,sucursal,text,text,YES,,,
md,kdrhnom,view,2,c1,text,text,YES,,,
md,kdrhnom,view,3,c2,text,text,YES,,,
md,kdrhnom,view,4,c3,text,text,YES,,,
md,kdrhnom,view,5,c4,text,text,YES,,,
md,kdrhnom,view,6,c5,numeric,numeric,YES,,,
md,kdrhnom,view,7,c6,text,text,YES,,,
md,kdrhnom,view,8,c7,text,text,YES,,,
md,kdrhnom,view,9,c8,text,text,YES,,,
md,kdrhnom,view,10,c9,text,text,YES,,,
md,kdrhtpcn,view,1,sucursal,text,text,YES,,,
md,kdrhtpcn,view,2,c1,text,text,YES,,,
md,kdrhtpcn,view,3,c2,text,text,YES,,,
md,kdrhtpcn,view,4,c3,text,text,YES,,,
md,kdrhtpcn,view,5,c4,text,text,YES,,,
md,kdrhtpmv,view,1,sucursal,text,text,YES,,,
md,kdrhtpmv,view,2,c1,text,text,YES,,,
md,kdrhtpmv,view,3,c2,numeric,numeric,YES,,,
md,kdrhtpmv,view,4,c3,numeric,numeric,YES,,,
md,kdrhtpmv,view,5,c4,text,text,YES,,,
md,kdrhtpmv,view,6,c5,text,text,YES,,,
md,kdrhtpmv,view,7,c6,text,text,YES,,,
md,kdrhtpmv,view,8,c7,text,text,YES,,,
md,kdrhtpmv,view,9,c8,text,text,YES,,,
md,kdrhtpmv,view,10,c9,text,text,YES,,,
md,kdrhtpmv,view,11,c10,text,text,YES,,,
md,kdrhtpmv,view,12,c11,text,text,YES,,,
md,kdrhtpmv,view,13,c12,text,text,YES,,,
md,kdrhtpmv,view,14,c13,text,text,YES,,,
md,kdrhtpmv,view,15,c14,text,text,YES,,,
md,kdrhtpmv,view,16,c15,text,text,YES,,,
md,kdrhtpmv,view,17,c16,numeric,numeric,YES,,,
md,kdrhtpmv,view,18,c17,numeric,numeric,YES,,,
md,kdrhtpmv,view,19,c18,text,text,YES,,,
md,kdrhtpmv,view,20,c19,text,text,YES,,,
md,kdrhtpmv,view,21,c20,text,text,YES,,,
md,kdrhtpmv,view,22,c21,text,text,YES,,,
md,kdrutman,view,1,sucursal,text,text,YES,,,
md,kdrutman,view,2,c1,text,text,YES,,,
md,kdrutman,view,3,c2,text,text,YES,,,
md,kdrutman,view,4,c3,timestamp without time zone,timestamp,YES,,,
md,kdrutman,view,5,c4,text,text,YES,,,
md,kdrutman,view,6,c5,text,text,YES,,,
md,kdrutman,view,7,c6,text,text,YES,,,
md,kdt1,view,1,sucursal,text,text,YES,,,
md,kdt1,view,2,c1,text,text,YES,,,
md,kdt1,view,3,c2,text,text,YES,,,
md,kdt1,view,4,c3,timestamp without time zone,timestamp,YES,,,
md,kdt1,view,5,c4,numeric,numeric,YES,,,
md,kdt1,view,6,c5,numeric,numeric,YES,,,
md,kdt1,view,7,c6,text,text,YES,,,
md,kdt1,view,8,c7,text,text,YES,,,
md,kdt1,view,9,c8,timestamp without time zone,timestamp,YES,,,
md,kdt1,view,10,c9,text,text,YES,,,
md,kdt1,view,11,c10,text,text,YES,,,
md,kdt1,view,12,c11,text,text,YES,,,
md,kdt1,view,13,c12,text,text,YES,,,
md,kdt1,view,14,c13,text,text,YES,,,
md,kdt1,view,15,c14,text,text,YES,,,
md,kdt1,view,16,c15,text,text,YES,,,
md,kdt1,view,17,c16,timestamp without time zone,timestamp,YES,,,
md,kdt1,view,18,c17,numeric,numeric,YES,,,
md,kdt1,view,19,c18,numeric,numeric,YES,,,
md,kdtact,view,1,sucursal,text,text,YES,,,
md,kdtact,view,2,c1,text,text,YES,,,
md,kdtact,view,3,c2,text,text,YES,,,
md,kdtact,view,4,c3,text,text,YES,,,
md,kdtact,view,5,c4,text,text,YES,,,
md,kdtact,view,6,c5,numeric,numeric,YES,,,
md,kdud,view,1,sucursal,text,text,YES,,,
md,kdud,view,2,c1,text,text,YES,,,
md,kdud,view,3,c2,text,text,YES,,,
md,kdud,view,4,c3,text,text,YES,,,
md,kdud,view,5,c4,text,text,YES,,,
md,kdud,view,6,c5,text,text,YES,,,
md,kdud,view,7,c6,text,text,YES,,,
md,kdud,view,8,c7,text,text,YES,,,
md,kdud,view,9,c8,text,text,YES,,,
md,kdud,view,10,c9,text,text,YES,,,
md,kdud,view,11,c10,text,text,YES,,,
md,kdud,view,12,c11,text,text,YES,,,
md,kdud,view,13,c12,text,text,YES,,,
md,kdud,view,14,c13,text,text,YES,,,
md,kdud,view,15,c14,text,text,YES,,,
md,kdud,view,16,c15,numeric,numeric,YES,,,
md,kdud,view,17,c16,numeric,numeric,YES,,,
md,kdud,view,18,c17,text,text,YES,,,
md,kdud,view,19,c18,text,text,YES,,,
md,kdud,view,20,c19,text,text,YES,,,
md,kdud,view,21,c20,text,text,YES,,,
md,kdud,view,22,c21,text,text,YES,,,
md,kdud,view,23,c22,text,text,YES,,,
md,kdud,view,24,c23,text,text,YES,,,
md,kdud,view,25,c24,text,text,YES,,,
md,kdud,view,26,c25,text,text,YES,,,
md,kdud,view,27,c26,text,text,YES,,,
md,kdud,view,28,c27,text,text,YES,,,
md,kdud,view,29,c28,numeric,numeric,YES,,,
md,kdud,view,30,c29,numeric,numeric,YES,,,
md,kdud,view,31,c30,text,text,YES,,,
md,kdudent,view,1,sucursal,text,text,YES,,,
md,kdudent,view,2,c1,text,text,YES,,,
md,kdudent,view,3,c2,text,text,YES,,,
md,kdudent,view,4,c3,text,text,YES,,,
md,kdudent,view,5,c4,text,text,YES,,,
md,kdudent,view,6,c5,text,text,YES,,,
md,kdudent,view,7,c6,text,text,YES,,,
md,kdudent,view,8,c7,text,text,YES,,,
md,kdudent,view,9,c8,text,text,YES,,,
md,kdudent,view,10,c9,text,text,YES,,,
md,kdudent,view,11,c10,text,text,YES,,,
md,kdudent,view,12,c11,text,text,YES,,,
md,kdudent,view,13,c12,text,text,YES,,,
md,kdudent,view,14,c13,text,text,YES,,,
md,kdudp,view,1,sucursal,text,text,YES,,,
md,kdudp,view,2,c1,text,text,YES,,,
md,kdudp,view,3,c2,text,text,YES,,,
md,kdudp,view,4,c3,text,text,YES,,,
md,kdudp,view,5,c4,text,text,YES,,,
md,kdudp,view,6,c5,text,text,YES,,,
md,kdudp,view,7,c6,text,text,YES,,,
md,kdudp,view,8,c7,text,text,YES,,,
md,kdudp,view,9,c8,text,text,YES,,,
md,kdudp,view,10,c9,text,text,YES,,,
md,kdudp,view,11,c10,text,text,YES,,,
md,kdudp,view,12,c11,text,text,YES,,,
md,kdudp,view,13,c12,text,text,YES,,,
md,kdudp,view,14,c13,text,text,YES,,,
md,kdudp,view,15,c14,text,text,YES,,,
md,kdudp,view,16,c15,numeric,numeric,YES,,,
md,kdudp,view,17,c16,text,text,YES,,,
md,kdudp,view,18,c17,text,text,YES,,,
md,kdudp,view,19,c18,text,text,YES,,,
md,kdudp,view,20,c19,text,text,YES,,,
md,kdudp,view,21,c20,text,text,YES,,,
md,kdudp,view,22,c21,text,text,YES,,,
md,kdudp,view,23,c22,text,text,YES,,,
md,kdudp,view,24,c23,text,text,YES,,,
md,kdudp,view,25,c24,text,text,YES,,,
md,kdudp,view,26,c25,text,text,YES,,,
md,kdudp,view,27,c26,text,text,YES,,,
md,kdudp,view,28,c27,text,text,YES,,,
md,kdudp,view,29,c28,numeric,numeric,YES,,,
md,kdudp,view,30,c29,numeric,numeric,YES,,,
md,kdudp,view,31,c30,text,text,YES,,,
md,kdudp,view,32,c31,text,text,YES,,,
md,kdudp,view,33,c32,numeric,numeric,YES,,,
md,kdudp,view,34,c33,numeric,numeric,YES,,,
md,kdudp,view,35,c34,text,text,YES,,,
md,kdudp,view,36,c35,text,text,YES,,,
md,kdudp,view,37,c36,text,text,YES,,,
md,kdudp,view,38,c37,text,text,YES,,,
md,kdudp,view,39,c38,text,text,YES,,,
md,kdudp,view,40,c39,text,text,YES,,,
md,kdudp,view,41,c40,text,text,YES,,,
md,kdudp,view,42,c41,text,text,YES,,,
md,kdudp,view,43,c42,text,text,YES,,,
md,kdudp,view,44,c43,text,text,YES,,,
md,kdudp,view,45,c44,text,text,YES,,,
md,kdudp,view,46,c45,text,text,YES,,,
md,kdudp,view,47,c46,text,text,YES,,,
md,kdudp,view,48,c47,text,text,YES,,,
md,kdudp,view,49,c48,text,text,YES,,,
md,kdudp,view,50,c49,text,text,YES,,,
md,kdudp,view,51,c50,text,text,YES,,,
md,kdudp,view,52,c51,text,text,YES,,,
md,kdudp,view,53,c52,text,text,YES,,,
md,kdudp,view,54,c53,text,text,YES,,,
md,kdudp,view,55,c54,numeric,numeric,YES,,,
md,kdudp,view,56,c55,text,text,YES,,,
md,kdudp,view,57,c56,text,text,YES,,,
md,kdudp,view,58,c57,text,text,YES,,,
md,kdudp,view,59,c58,text,text,YES,,,
md,kdudp,view,60,c59,text,text,YES,,,
md,kdudp,view,61,c60,text,text,YES,,,
md,kdudp,view,62,c61,text,text,YES,,,
md,kdudp,view,63,c62,text,text,YES,,,
md,kdudp,view,64,c63,text,text,YES,,,
md,kdudp,view,65,c64,text,text,YES,,,
md,kdudp,view,66,c65,text,text,YES,,,
md,kdudp,view,67,c66,text,text,YES,,,
md,kdudp,view,68,c67,text,text,YES,,,
md,kdudp,view,69,c68,text,text,YES,,,
md,kdudp,view,70,c69,text,text,YES,,,
md,kdudp,view,71,c70,text,text,YES,,,
md,kdudp,view,72,c71,text,text,YES,,,
md,kdudp,view,73,c72,text,text,YES,,,
md,kdudp,view,74,c73,text,text,YES,,,
md,kdudp,view,75,c74,text,text,YES,,,
md,kdudp,view,76,c75,text,text,YES,,,
md,kdudp,view,77,c76,text,text,YES,,,
md,kdudp,view,78,c77,text,text,YES,,,
md,kdudp,view,79,c78,text,text,YES,,,
md,kdudp,view,80,c79,text,text,YES,,,
md,kdudp,view,81,c80,text,text,YES,,,
md,kdudp,view,82,c81,timestamp without time zone,timestamp,YES,,,
md,kdudp,view,83,c82,text,text,YES,,,
md,kdudp,view,84,c83,timestamp without time zone,timestamp,YES,,,
md,kdudp,view,85,c84,double precision,float8,YES,,,
md,kdudp,view,86,c85,text,text,YES,,,
md,kdudp,view,87,c86,numeric,numeric,YES,,,
md,kdudp,view,88,c87,numeric,numeric,YES,,,
md,kdudp,view,89,c88,timestamp without time zone,timestamp,YES,,,
md,kdudp,view,90,c89,text,text,YES,,,
md,kdudp,view,91,c90,timestamp without time zone,timestamp,YES,,,
md,kdudp,view,92,c91,text,text,YES,,,
md,kdudp,view,93,c92,text,text,YES,,,
md,kdudp,view,94,c93,text,text,YES,,,
md,kdudp,view,95,c94,text,text,YES,,,
md,kdudp,view,96,c95,text,text,YES,,,
md,kdudp,view,97,c96,text,text,YES,,,
md,kdudp,view,98,c97,text,text,YES,,,
md,kdudp,view,99,c98,text,text,YES,,,
md,kdudp,view,100,c99,text,text,YES,,,
md,kdudp,view,101,c100,text,text,YES,,,
md,kdudp,view,102,c101,text,text,YES,,,
md,kdudp,view,103,c102,text,text,YES,,,
md,kdudp,view,104,c103,text,text,YES,,,
md,kdudp,view,105,c104,text,text,YES,,,
md,kdudp,view,106,c105,text,text,YES,,,
md,kdudp,view,107,c106,text,text,YES,,,
md,kdudp,view,108,c107,text,text,YES,,,
md,kdudp,view,109,c108,text,text,YES,,,
md,kdudp,view,110,c109,text,text,YES,,,
md,kdudp,view,111,c110,text,text,YES,,,
md,kdue,view,1,sucursal,text,text,YES,,,
md,kdue,view,2,c1,text,text,YES,,,
md,kdue,view,3,c2,text,text,YES,,,
md,kdue,view,4,c3,text,text,YES,,,
md,kdue,view,5,c4,numeric,numeric,YES,,,
md,kdue,view,6,c5,numeric,numeric,YES,,,
md,kdue,view,7,c6,text,text,YES,,,
md,kdue,view,8,c7,timestamp without time zone,timestamp,YES,,,
md,kdue,view,9,c8,text,text,YES,,,
md,kdue,view,10,c9,text,text,YES,,,
md,kdue,view,11,c10,timestamp without time zone,timestamp,YES,,,
md,kdue,view,12,c11,numeric,numeric,YES,,,
md,kdue,view,13,c12,numeric,numeric,YES,,,
md,kdue,view,14,c13,numeric,numeric,YES,,,
md,kdue,view,15,c14,numeric,numeric,YES,,,
md,kdue,view,16,c15,numeric,numeric,YES,,,
md,kdue,view,17,c16,text,text,YES,,,
md,kdue,view,18,c17,numeric,numeric,YES,,,
md,kdue,view,19,c18,text,text,YES,,,
md,kdue,view,20,c19,numeric,numeric,YES,,,
md,kdue,view,21,c20,numeric,numeric,YES,,,
md,kdue,view,22,c21,numeric,numeric,YES,,,
md,kdue,view,23,c22,text,text,YES,,,
md,kdue,view,24,c23,text,text,YES,,,
md,kdue,view,25,c24,text,text,YES,,,
md,kdue,view,26,c25,numeric,numeric,YES,,,
md,kdue,view,27,c26,double precision,float8,YES,,,
md,kdue,view,28,c27,numeric,numeric,YES,,,
md,kdue,view,29,c28,text,text,YES,,,
md,kdue,view,30,c29,text,text,YES,,,
md,kdue,view,31,c30,text,text,YES,,,
md,kdue,view,32,c31,text,text,YES,,,
md,kduf,view,1,sucursal,text,text,YES,,,
md,kduf,view,2,c1,text,text,YES,,,
md,kduf,view,3,c2,text,text,YES,,,
md,kduf,view,4,c3,timestamp without time zone,timestamp,YES,,,
md,kduf,view,5,c4,numeric,numeric,YES,,,
md,kduf,view,6,c5,numeric,numeric,YES,,,
md,kduf,view,7,c6,text,text,YES,,,
md,kduf,view,8,c7,numeric,numeric,YES,,,
md,kduf,view,9,c8,numeric,numeric,YES,,,
md,kduf,view,10,c9,text,text,YES,,,
md,kduf,view,11,c10,numeric,numeric,YES,,,
md,kduf,view,12,c11,numeric,numeric,YES,,,
md,kduf,view,13,c12,text,text,YES,,,
md,kduf,view,14,c13,text,text,YES,,,
md,kduf,view,15,c14,text,text,YES,,,
md,kduf,view,16,c15,text,text,YES,,,
md,kduf,view,17,c16,text,text,YES,,,
md,kduf,view,18,c17,text,text,YES,,,
md,kduf,view,19,c18,text,text,YES,,,
md,kdug,view,1,sucursal,text,text,YES,,,
md,kdug,view,2,c1,text,text,YES,,,
md,kdug,view,3,c2,text,text,YES,,,
md,kdug,view,4,c3,text,text,YES,,,
md,kdug,view,5,c4,timestamp without time zone,timestamp,YES,,,
md,kdug,view,6,c5,numeric,numeric,YES,,,
md,kdug,view,7,c6,timestamp without time zone,timestamp,YES,,,
md,kdug,view,8,c7,timestamp without time zone,timestamp,YES,,,
md,kdug,view,9,c8,text,text,YES,,,
md,kdug,view,10,c9,text,text,YES,,,
md,kdug,view,11,c10,text,text,YES,,,
md,kdug,view,12,c11,numeric,numeric,YES,,,
md,kdug,view,13,c12,numeric,numeric,YES,,,
md,kdug,view,14,c13,numeric,numeric,YES,,,
md,kdug,view,15,c14,numeric,numeric,YES,,,
md,kdug,view,16,c15,numeric,numeric,YES,,,
md,kdug,view,17,c16,numeric,numeric,YES,,,
md,kdug,view,18,c17,numeric,numeric,YES,,,
md,kdug,view,19,c18,numeric,numeric,YES,,,
md,kdug,view,20,c19,numeric,numeric,YES,,,
md,kdug,view,21,c20,numeric,numeric,YES,,,
md,kdug,view,22,c21,numeric,numeric,YES,,,
md,kdug,view,23,c22,numeric,numeric,YES,,,
md,kdug,view,24,c23,numeric,numeric,YES,,,
md,kdug,view,25,c24,numeric,numeric,YES,,,
md,kdug,view,26,c25,numeric,numeric,YES,,,
md,kdug,view,27,c26,numeric,numeric,YES,,,
md,kdug,view,28,c27,numeric,numeric,YES,,,
md,kdug,view,29,c28,numeric,numeric,YES,,,
md,kdug,view,30,c29,numeric,numeric,YES,,,
md,kdug,view,31,c30,numeric,numeric,YES,,,
md,kdug,view,32,c31,numeric,numeric,YES,,,
md,kdug,view,33,c32,numeric,numeric,YES,,,
md,kdug,view,34,c33,numeric,numeric,YES,,,
md,kdug,view,35,c34,numeric,numeric,YES,,,
md,kdug,view,36,c35,numeric,numeric,YES,,,
md,kdug,view,37,c36,numeric,numeric,YES,,,
md,kdug,view,38,c37,numeric,numeric,YES,,,
md,kdug,view,39,c38,numeric,numeric,YES,,,
md,kdug,view,40,c39,numeric,numeric,YES,,,
md,kdug,view,41,c40,numeric,numeric,YES,,,
md,kdug,view,42,c41,numeric,numeric,YES,,,
md,kdug,view,43,c42,numeric,numeric,YES,,,
md,kdug,view,44,c43,numeric,numeric,YES,,,
md,kdug,view,45,c44,numeric,numeric,YES,,,
md,kdug,view,46,c45,numeric,numeric,YES,,,
md,kdug,view,47,c46,numeric,numeric,YES,,,
md,kdug,view,48,c47,numeric,numeric,YES,,,
md,kdug,view,49,c48,numeric,numeric,YES,,,
md,kdug,view,50,c49,numeric,numeric,YES,,,
md,kdug,view,51,c50,numeric,numeric,YES,,,
md,kdug,view,52,c51,numeric,numeric,YES,,,
md,kdug,view,53,c52,numeric,numeric,YES,,,
md,kdug,view,54,c53,numeric,numeric,YES,,,
md,kdug,view,55,c54,numeric,numeric,YES,,,
md,kdug,view,56,c55,numeric,numeric,YES,,,
md,kdug,view,57,c56,numeric,numeric,YES,,,
md,kdug,view,58,c57,numeric,numeric,YES,,,
md,kdug,view,59,c58,numeric,numeric,YES,,,
md,kduj,view,1,sucursal,text,text,YES,,,
md,kduj,view,2,c1,text,text,YES,,,
md,kduj,view,3,c2,text,text,YES,,,
md,kduj,view,4,c3,text,text,YES,,,
md,kduk,view,1,sucursal,text,text,YES,,,
md,kduk,view,2,c1,text,text,YES,,,
md,kduk,view,3,c2,text,text,YES,,,
md,kduv,view,1,sucursal,text,text,YES,,,
md,kduv,view,2,c1,text,text,YES,,,
md,kduv,view,3,c2,text,text,YES,,,
md,kduv,view,4,c3,text,text,YES,,,
md,kduv,view,5,c4,double precision,float8,YES,,,
md,kduv,view,6,c5,double precision,float8,YES,,,
md,kduv,view,7,c6,double precision,float8,YES,,,
md,kduv,view,8,c7,double precision,float8,YES,,,
md,kduv,view,9,c8,text,text,YES,,,
md,kduv,view,10,c9,text,text,YES,,,
md,kduv,view,11,c10,text,text,YES,,,
md,kduv,view,12,c11,text,text,YES,,,
md,kduv,view,13,c12,text,text,YES,,,
md,kduv,view,14,c13,text,text,YES,,,
md,kduv,view,15,c14,text,text,YES,,,
md,kduv,view,16,c15,text,text,YES,,,
md,kduv,view,17,c16,text,text,YES,,,
md,kduv,view,18,c17,text,text,YES,,,
md,kduv,view,19,c18,text,text,YES,,,
md,kduv,view,20,c19,text,text,YES,,,
md,kduv,view,21,c20,text,text,YES,,,
md,kduv,view,22,c21,text,text,YES,,,
md,kdvavance,view,1,sucursal,text,text,YES,,,
md,kdvavance,view,2,c1,text,text,YES,,,
md,kdvavance,view,3,c2,text,text,YES,,,
md,kdvavance,view,4,c3,numeric,numeric,YES,,,
md,kdvcolonia,view,1,sucursal,text,text,YES,,,
md,kdvcolonia,view,2,c1,text,text,YES,,,
md,kdvcolonia,view,3,c2,text,text,YES,,,
md,kdvcolonia,view,4,c3,text,text,YES,,,
md,kdvcolonia,view,5,c4,text,text,YES,,,
md,kdvcolonia,view,6,c5,text,text,YES,,,
md,kdvmedios,view,1,sucursal,text,text,YES,,,
md,kdvmedios,view,2,c1,text,text,YES,,,
md,kdvmedios,view,3,c2,text,text,YES,,,
md,kdvmedios,view,4,c3,timestamp without time zone,timestamp,YES,,,
md,kdvmedios,view,5,c4,timestamp without time zone,timestamp,YES,,,
md,kdvmedios,view,6,c5,text,text,YES,,,
md,kdvmedios,view,7,c6,text,text,YES,,,
md,kdvmedios,view,8,c7,text,text,YES,,,
md,kdvpresxven,view,1,sucursal,text,text,YES,,,
md,kdvpresxven,view,2,c1,text,text,YES,,,
md,kdvpresxven,view,3,c2,text,text,YES,,,
md,kdvpresxven,view,4,c3,text,text,YES,,,
md,kdvpresxven,view,5,c4,text,text,YES,,,
md,kdvpresxven,view,6,c5,numeric,numeric,YES,,,
md,kdvpresxven,view,7,c6,numeric,numeric,YES,,,
md,kdvpresxven,view,8,c7,numeric,numeric,YES,,,
md,kdvpresxven,view,9,c8,numeric,numeric,YES,,,
md,kdvpresxven,view,10,c9,numeric,numeric,YES,,,
md,kdvpresxven,view,11,c10,numeric,numeric,YES,,,
md,kdvpresxven,view,12,c11,numeric,numeric,YES,,,
md,kdvpresxven,view,13,c12,numeric,numeric,YES,,,
md,kdvpresxven,view,14,c13,numeric,numeric,YES,,,
md,kdvpresxven,view,15,c14,numeric,numeric,YES,,,
md,kdvpresxven,view,16,c15,numeric,numeric,YES,,,
md,kdvpresxven,view,17,c16,numeric,numeric,YES,,,
md,kdvtacaj80,view,1,sucursal,text,text,YES,,,
md,kdvtacaj80,view,2,c1,text,text,YES,,,
md,kdvtacaj80,view,3,c2,text,text,YES,,,
md,kdvtacaj80,view,4,c3,text,text,YES,,,
md,kdvtacaj80,view,5,c4,numeric,numeric,YES,,,
md,kdvtacaj80,view,6,c5,numeric,numeric,YES,,,
md,kdvtacaj80,view,7,c6,numeric,numeric,YES,,,
md,kdvtacaj80,view,8,c7,numeric,numeric,YES,,,
md,kdvtacaj80,view,9,c8,text,text,YES,,,
md,kdvtacaj80,view,10,c9,text,text,YES,,,
md,kdvtacaj80,view,11,c10,numeric,numeric,YES,,,
md,kdvtacaj80,view,12,c11,numeric,numeric,YES,,,
md,kdvtamano,view,1,sucursal,text,text,YES,,,
md,kdvtamano,view,2,c1,text,text,YES,,,
md,kdvtamano,view,3,c2,text,text,YES,,,
md,kdvtamano,view,4,c3,numeric,numeric,YES,,,
md,kdvtamano,view,5,c4,numeric,numeric,YES,,,
md,kdvtamano,view,6,c5,numeric,numeric,YES,,,
md,kdvtamano,view,7,c6,numeric,numeric,YES,,,
md,kdvtamano,view,8,c7,numeric,numeric,YES,,,
md,kdvtamano,view,9,c8,numeric,numeric,YES,,,
md,kdvtamano,view,10,c9,numeric,numeric,YES,,,
md,kdvtamano,view,11,c10,numeric,numeric,YES,,,
md,kdvtamano,view,12,c11,numeric,numeric,YES,,,
md,kdvtamano,view,13,c12,numeric,numeric,YES,,,
md,kdvtamano,view,14,c13,numeric,numeric,YES,,,
md,kdvtamano,view,15,c14,numeric,numeric,YES,,,
md,kdvtipocontacto,view,1,sucursal,text,text,YES,,,
md,kdvtipocontacto,view,2,c1,text,text,YES,,,
md,kdvtipocontacto,view,3,c2,text,text,YES,,,
md,kdvtipomedio,view,1,sucursal,text,text,YES,,,
md,kdvtipomedio,view,2,c1,text,text,YES,,,
md,kdvtipomedio,view,3,c2,text,text,YES,,,
md,kdvtitulos,view,1,sucursal,text,text,YES,,,
md,kdvtitulos,view,2,c1,text,text,YES,,,
md,kdvtitulos,view,3,c2,text,text,YES,,,
md,kdxd,view,1,sucursal,text,text,YES,,,
md,kdxd,view,2,c1,text,text,YES,,,
md,kdxd,view,3,c2,text,text,YES,,,
md,kdxd,view,4,c3,text,text,YES,,,
md,kdxd,view,5,c4,text,text,YES,,,
md,kdxd,view,6,c5,text,text,YES,,,
md,kdxd,view,7,c6,text,text,YES,,,
md,kdxd,view,8,c7,text,text,YES,,,
md,kdxd,view,9,c8,text,text,YES,,,
md,kdxd,view,10,c9,text,text,YES,,,
md,kdxd,view,11,c10,text,text,YES,,,
md,kdxd,view,12,c11,text,text,YES,,,
md,kdxd,view,13,c12,text,text,YES,,,
md,kdxd,view,14,c13,text,text,YES,,,
md,kdxd,view,15,c14,text,text,YES,,,
md,kdxd,view,16,c15,numeric,numeric,YES,,,
md,kdxd,view,17,c16,numeric,numeric,YES,,,
md,kdxd,view,18,c17,text,text,YES,,,
md,kdxd,view,19,c18,text,text,YES,,,
md,kdxd,view,20,c19,text,text,YES,,,
md,kdxd,view,21,c20,text,text,YES,,,
md,kdxd,view,22,c21,text,text,YES,,,
md,kdxd,view,23,c22,text,text,YES,,,
md,kdxd,view,24,c23,text,text,YES,,,
md,kdxd,view,25,c24,text,text,YES,,,
md,kdxd,view,26,c25,text,text,YES,,,
md,kdxd,view,27,c26,text,text,YES,,,
md,kdxd,view,28,c27,text,text,YES,,,
md,kdxd,view,29,c28,text,text,YES,,,
md,kdxd,view,30,c29,text,text,YES,,,
md,kdxd,view,31,c30,text,text,YES,,,
md,kdxd,view,32,c31,text,text,YES,,,
md,kdxd,view,33,c32,text,text,YES,,,
md,kdxd,view,34,c33,text,text,YES,,,
md,kdxd,view,35,c34,text,text,YES,,,
md,kdxd,view,36,c35,text,text,YES,,,
md,kdxd,view,37,c36,numeric,numeric,YES,,,
md,kdxe,view,1,sucursal,text,text,YES,,,
md,kdxe,view,2,c1,text,text,YES,,,
md,kdxe,view,3,c2,text,text,YES,,,
md,kdxe,view,4,c3,text,text,YES,,,
md,kdxe,view,5,c4,numeric,numeric,YES,,,
md,kdxe,view,6,c5,numeric,numeric,YES,,,
md,kdxe,view,7,c6,text,text,YES,,,
md,kdxe,view,8,c7,timestamp without time zone,timestamp,YES,,,
md,kdxe,view,9,c8,text,text,YES,,,
md,kdxe,view,10,c9,text,text,YES,,,
md,kdxe,view,11,c10,timestamp without time zone,timestamp,YES,,,
md,kdxe,view,12,c11,numeric,numeric,YES,,,
md,kdxe,view,13,c12,numeric,numeric,YES,,,
md,kdxe,view,14,c13,numeric,numeric,YES,,,
md,kdxe,view,15,c14,numeric,numeric,YES,,,
md,kdxe,view,16,c15,numeric,numeric,YES,,,
md,kdxe,view,17,c16,text,text,YES,,,
md,kdxe,view,18,c17,numeric,numeric,YES,,,
md,kdxe,view,19,c18,text,text,YES,,,
md,kdxe,view,20,c19,numeric,numeric,YES,,,
md,kdxe,view,21,c20,numeric,numeric,YES,,,
md,kdxe,view,22,c21,numeric,numeric,YES,,,
md,kdxe,view,23,c22,text,text,YES,,,
md,kdxe,view,24,c23,text,text,YES,,,
md,kdxe,view,25,c24,text,text,YES,,,
md,kdxe,view,26,c25,numeric,numeric,YES,,,
md,kdxe,view,27,c26,double precision,float8,YES,,,
md,kdxe,view,28,c27,text,text,YES,,,
md,kdxe,view,29,c28,text,text,YES,,,
md,kdxe,view,30,c29,text,text,YES,,,
md,kdxe,view,31,c30,text,text,YES,,,
md,kdxe,view,32,c31,text,text,YES,,,
md,kdxf,view,1,sucursal,text,text,YES,,,
md,kdxf,view,2,c1,text,text,YES,,,
md,kdxf,view,3,c2,text,text,YES,,,
md,kdxf,view,4,c3,timestamp without time zone,timestamp,YES,,,
md,kdxf,view,5,c4,numeric,numeric,YES,,,
md,kdxf,view,6,c5,numeric,numeric,YES,,,
md,kdxf,view,7,c6,text,text,YES,,,
md,kdxf,view,8,c7,numeric,numeric,YES,,,
md,kdxf,view,9,c8,numeric,numeric,YES,,,
md,kdxf,view,10,c9,text,text,YES,,,
md,kdxf,view,11,c10,numeric,numeric,YES,,,
md,kdxf,view,12,c11,numeric,numeric,YES,,,
md,kdxg,view,1,sucursal,text,text,YES,,,
md,kdxg,view,2,c1,text,text,YES,,,
md,kdxg,view,3,c2,text,text,YES,,,
md,kdxg,view,4,c3,text,text,YES,,,
md,kdxg,view,5,c4,timestamp without time zone,timestamp,YES,,,
md,kdxg,view,6,c5,numeric,numeric,YES,,,
md,kdxg,view,7,c6,timestamp without time zone,timestamp,YES,,,
md,kdxg,view,8,c7,timestamp without time zone,timestamp,YES,,,
md,kdxg,view,9,c8,text,text,YES,,,
md,kdxg,view,10,c9,text,text,YES,,,
md,kdxg,view,11,c10,text,text,YES,,,
md,kdxg,view,12,c11,numeric,numeric,YES,,,
md,kdxg,view,13,c12,numeric,numeric,YES,,,
md,kdxg,view,14,c13,numeric,numeric,YES,,,
md,kdxg,view,15,c14,numeric,numeric,YES,,,
md,kdxg,view,16,c15,numeric,numeric,YES,,,
md,kdxg,view,17,c16,numeric,numeric,YES,,,
md,kdxg,view,18,c17,numeric,numeric,YES,,,
md,kdxg,view,19,c18,numeric,numeric,YES,,,
md,kdxg,view,20,c19,numeric,numeric,YES,,,
md,kdxg,view,21,c20,numeric,numeric,YES,,,
md,kdxg,view,22,c21,numeric,numeric,YES,,,
md,kdxg,view,23,c22,numeric,numeric,YES,,,
md,kdxg,view,24,c23,numeric,numeric,YES,,,
md,kdxg,view,25,c24,numeric,numeric,YES,,,
md,kdxg,view,26,c25,numeric,numeric,YES,,,
md,kdxg,view,27,c26,numeric,numeric,YES,,,
md,kdxg,view,28,c27,numeric,numeric,YES,,,
md,kdxg,view,29,c28,numeric,numeric,YES,,,
md,kdxg,view,30,c29,numeric,numeric,YES,,,
md,kdxg,view,31,c30,numeric,numeric,YES,,,
md,kdxg,view,32,c31,numeric,numeric,YES,,,
md,kdxg,view,33,c32,numeric,numeric,YES,,,
md,kdxg,view,34,c33,numeric,numeric,YES,,,
md,kdxg,view,35,c34,numeric,numeric,YES,,,
md,kdxg,view,36,c35,numeric,numeric,YES,,,
md,kdxg,view,37,c36,numeric,numeric,YES,,,
md,kdxg,view,38,c37,numeric,numeric,YES,,,
md,kdxg,view,39,c38,numeric,numeric,YES,,,
md,kdxg,view,40,c39,numeric,numeric,YES,,,
md,kdxg,view,41,c40,numeric,numeric,YES,,,
md,kdxg,view,42,c41,numeric,numeric,YES,,,
md,kdxg,view,43,c42,numeric,numeric,YES,,,
md,kdxg,view,44,c43,numeric,numeric,YES,,,
md,kdxg,view,45,c44,numeric,numeric,YES,,,
md,kdxg,view,46,c45,numeric,numeric,YES,,,
md,kdxg,view,47,c46,numeric,numeric,YES,,,
md,kdxg,view,48,c47,numeric,numeric,YES,,,
md,kdxg,view,49,c48,numeric,numeric,YES,,,
md,kdxg,view,50,c49,numeric,numeric,YES,,,
md,kdxg,view,51,c50,numeric,numeric,YES,,,
md,kdxg,view,52,c51,numeric,numeric,YES,,,
md,kdxg,view,53,c52,numeric,numeric,YES,,,
md,kdxg,view,54,c53,numeric,numeric,YES,,,
md,kdxg,view,55,c54,numeric,numeric,YES,,,
md,kdxg,view,56,c55,numeric,numeric,YES,,,
md,kdxg,view,57,c56,numeric,numeric,YES,,,
md,kdxg,view,58,c57,numeric,numeric,YES,,,
md,kdxg,view,59,c58,numeric,numeric,YES,,,
md,kdxk,view,1,sucursal,text,text,YES,,,
md,kdxk,view,2,c1,text,text,YES,,,
md,kdxk,view,3,c2,text,text,YES,,,
md,kdxv,view,1,sucursal,text,text,YES,,,
md,kdxv,view,2,c1,text,text,YES,,,
md,kdxv,view,3,c2,text,text,YES,,,
md,kdxv,view,4,c3,text,text,YES,,,
md,orgbranch,view,1,sucursal,text,text,YES,,,
md,orgbranch,view,2,k_code,text,text,YES,,,
md,orgbranch,view,3,k_dscr,text,text,YES,,,
md,orgbranch,view,4,k_parent,text,text,YES,,,
md,orgbranch,view,5,k_level,text,text,YES,,,
md,orgbranch,view,6,k_foreign,numeric,numeric,YES,,,
md,orgbranch,view,7,k_separate,numeric,numeric,YES,,,
md,orgbranch,view,8,k_brn7,text,text,YES,,,
md,orgcurrency,view,1,sucursal,text,text,YES,,,
md,orgcurrency,view,2,k_code,text,text,YES,,,
md,orgcurrency,view,3,k_dscr,text,text,YES,,,
md,orgcurrency,view,4,k_short,text,text,YES,,,
md,orgcurrency,view,5,k_account,text,text,YES,,,
md,orgcurrency,view,6,k_accountc,text,text,YES,,,
md,orgcurrency,view,7,k_accounte,text,text,YES,,,
md,orgcurrency,view,8,k_accountl,text,text,YES,,,
md,orgcurrency,view,9,k_satcode,text,text,YES,,,
md,orgcurrency,view,10,k_satcodeea,text,text,YES,,,
md,orglogtbl_24,view,1,sucursal,text,text,YES,,,
md,orglogtbl_24,view,2,k_table,text,text,YES,,,
md,orglogtbl_24,view,3,k_mode,text,text,YES,,,
md,orglogtbl_24,view,4,k_date,timestamp without time zone,timestamp,YES,,,
md,orglogtbl_24,view,5,k_cns,numeric,numeric,YES,,,
md,orglogtbl_24,view,6,k_user,text,text,YES,,,
md,orglogtbl_24,view,7,k_str1,text,text,YES,,,
md,orglogtbl_24,view,8,k_str2,text,text,YES,,,
md,orglogtbl_25,view,1,sucursal,text,text,YES,,,
md,orglogtbl_25,view,2,k_table,text,text,YES,,,
md,orglogtbl_25,view,3,k_mode,text,text,YES,,,
md,orglogtbl_25,view,4,k_date,timestamp without time zone,timestamp,YES,,,
md,orglogtbl_25,view,5,k_cns,numeric,numeric,YES,,,
md,orglogtbl_25,view,6,k_user,text,text,YES,,,
md,orglogtbl_25,view,7,k_str1,text,text,YES,,,
md,orglogtbl_25,view,8,k_str2,text,text,YES,,,
md,orglogtbl_26,view,1,sucursal,text,text,YES,,,
md,orglogtbl_26,view,2,k_table,text,text,YES,,,
md,orglogtbl_26,view,3,k_mode,text,text,YES,,,
md,orglogtbl_26,view,4,k_date,timestamp without time zone,timestamp,YES,,,
md,orglogtbl_26,view,5,k_cns,numeric,numeric,YES,,,
md,orglogtbl_26,view,6,k_user,text,text,YES,,,
md,orglogtbl_26,view,7,k_str1,text,text,YES,,,
md,orglogtbl_26,view,8,k_str2,text,text,YES,,,
md,orgmail,view,1,sucursal,text,text,YES,,,
md,orgmail,view,2,k_mail,text,text,YES,,,
md,orgmail,view,3,k_dscr,text,text,YES,,,
md,orgmail,view,4,k_auth,text,text,YES,,,
md,orgmail,view,5,k_port,numeric,numeric,YES,,,
md,orgmail,view,6,k_server,text,text,YES,,,
md,orgmail,view,7,k_ssl,numeric,numeric,YES,,,
md,orgmail,view,8,k_user,text,text,YES,,,
md,orgmail,view,9,k_pass,text,text,YES,,,
md,orgmail,view,10,k_auth_code,text,text,YES,,,
md,orgmail,view,11,k_access_token,text,text,YES,,,
md,orgmail,view,12,k_refresh_token,text,text,YES,,,
md,orgmail,view,13,k_exp,numeric,numeric,YES,,,
md,orgmail,view,14,k_date,timestamp without time zone,timestamp,YES,,,
md,orgmail,view,15,k_time,text,text,YES,,,
md,pos95opeparamdoc,view,1,sucursal,text,text,YES,,,
md,pos95opeparamdoc,view,2,k_sucursal,text,text,YES,,,
md,pos95opeparamdoc,view,3,k_caja,text,text,YES,,,
md,pos95opeparamdoc,view,4,k_genero,text,text,YES,,,
md,pos95opeparamdoc,view,5,k_naturaleza,text,text,YES,,,
md,pos95opeparamdoc,view,6,k_grupo,numeric,numeric,YES,,,
md,pos95opeparamdoc,view,7,k_tipo,numeric,numeric,YES,,,
md,pv_suc_ip,view,1,sucursal,text,text,YES,,,
md,pv_suc_ip,view,2,c1,text,text,YES,,,
md,pv_suc_ip,view,3,c2,text,text,YES,,,
md,pv_suc_ip,view,4,c3,text,text,YES,,,
md,pv_suc_ip,view,5,c4,text,text,YES,,,
md,pv_suc_ip,view,6,c5,text,text,YES,,,
md,pv_suc_ip,view,7,c6,text,text,YES,,,
md,pv_suc_ip,view,8,c7,text,text,YES,,,
md,pv_suc_ip,view,9,c8,text,text,YES,,,
md,pv_suc_ip,view,10,c9,text,text,YES,,,
md,pv_suc_ip,view,11,c10,text,text,YES,,,
md,shadow,view,1,sucursal,text,text,YES,,,
md,shadow,view,2,table_name,text,text,YES,,,
md,shadow,view,3,pk_text,text,text,YES,,,
md,shadow,view,4,h,text,text,YES,,,
md,sqliov,view,1,sucursal,text,text,YES,,,
md,sqliov,view,2,c1,text,text,YES,,,
md,sqliov,view,3,c2,numeric,numeric,YES,,,
md,sqliov,view,4,c3,numeric,numeric,YES,,,
md,sqliov,view,5,c4,text,text,YES,,,
md,syshddeptos,view,1,sucursal,text,text,YES,,,
md,syshddeptos,view,2,k_code,text,text,YES,,,
md,syshddeptos,view,3,k_profiles,text,text,YES,,,
md,webusrtypes,view,1,sucursal,text,text,YES,,,
md,webusrtypes,view,2,k_code,text,text,YES,,,
md,webusrtypes,view,3,k_dscr,text,text,YES,,,
pgboss,bam,table,1,id,uuid,uuid,NO,gen_random_uuid(),,
pgboss,bam,table,2,name,text,text,NO,,,
pgboss,bam,table,3,version,integer,int4,NO,,,
pgboss,bam,table,4,status,text,text,NO,'pending'::text,,
pgboss,bam,table,5,queue,text,text,YES,,,
pgboss,bam,table,6,table_name,text,text,NO,,,
pgboss,bam,table,7,command,text,text,NO,,,
pgboss,bam,table,8,error,text,text,YES,,,
pgboss,bam,table,9,created_on,timestamp with time zone,timestamptz,NO,clock_timestamp(),,
pgboss,bam,table,10,started_on,timestamp with time zone,timestamptz,YES,,,
pgboss,bam,table,11,completed_on,timestamp with time zone,timestamptz,YES,,,
pgboss,job,partitioned,1,id,uuid,uuid,NO,gen_random_uuid(),,
pgboss,job,partitioned,2,name,text,text,NO,,,
pgboss,job,partitioned,3,priority,integer,int4,NO,0,,
pgboss,job,partitioned,4,data,jsonb,jsonb,YES,,,
pgboss,job,partitioned,5,state,USER-DEFINED,job_state,NO,'created'::pgboss.job_state,,
pgboss,job,partitioned,6,retry_limit,integer,int4,NO,2,,
pgboss,job,partitioned,7,retry_count,integer,int4,NO,0,,
pgboss,job,partitioned,8,retry_delay,integer,int4,NO,0,,
pgboss,job,partitioned,9,retry_backoff,boolean,bool,NO,false,,
pgboss,job,partitioned,10,retry_delay_max,integer,int4,YES,,,
pgboss,job,partitioned,11,expire_seconds,integer,int4,NO,900,,
pgboss,job,partitioned,12,deletion_seconds,integer,int4,NO,604800,,
pgboss,job,partitioned,13,singleton_key,text,text,YES,,,
pgboss,job,partitioned,14,singleton_on,timestamp without time zone,timestamp,YES,,,
pgboss,job,partitioned,15,group_id,text,text,YES,,,
pgboss,job,partitioned,16,group_tier,text,text,YES,,,
pgboss,job,partitioned,17,start_after,timestamp with time zone,timestamptz,NO,now(),,
pgboss,job,partitioned,18,created_on,timestamp with time zone,timestamptz,NO,now(),,
pgboss,job,partitioned,19,started_on,timestamp with time zone,timestamptz,YES,,,
pgboss,job,partitioned,20,completed_on,timestamp with time zone,timestamptz,YES,,,
pgboss,job,partitioned,21,keep_until,timestamp with time zone,timestamptz,NO,(now() + '336:00:00'::interval),,
pgboss,job,partitioned,22,output,jsonb,jsonb,YES,,,
pgboss,job,partitioned,23,dead_letter,text,text,YES,,,
pgboss,job,partitioned,24,policy,text,text,YES,,,
pgboss,job,partitioned,25,heartbeat_on,timestamp with time zone,timestamptz,YES,,,
pgboss,job,partitioned,26,heartbeat_seconds,integer,int4,YES,,,
pgboss,job,partitioned,27,blocked,boolean,bool,NO,false,,
pgboss,job,partitioned,28,blocking,boolean,bool,NO,false,,
pgboss,job,partitioned,29,pending_dependencies,integer,int4,NO,0,,
pgboss,job,partitioned,30,source_name,text,text,YES,,,
pgboss,job,partitioned,31,source_id,uuid,uuid,YES,,,
pgboss,job,partitioned,32,source_created_on,timestamp with time zone,timestamptz,YES,,,
pgboss,job,partitioned,33,source_retry_count,integer,int4,YES,,,
pgboss,job_common,table,1,id,uuid,uuid,NO,gen_random_uuid(),,
pgboss,job_common,table,2,name,text,text,NO,,,
pgboss,job_common,table,3,priority,integer,int4,NO,0,,
pgboss,job_common,table,4,data,jsonb,jsonb,YES,,,
pgboss,job_common,table,5,state,USER-DEFINED,job_state,NO,'created'::pgboss.job_state,,
pgboss,job_common,table,6,retry_limit,integer,int4,NO,2,,
pgboss,job_common,table,7,retry_count,integer,int4,NO,0,,
pgboss,job_common,table,8,retry_delay,integer,int4,NO,0,,
pgboss,job_common,table,9,retry_backoff,boolean,bool,NO,false,,
pgboss,job_common,table,10,retry_delay_max,integer,int4,YES,,,
pgboss,job_common,table,11,expire_seconds,integer,int4,NO,900,,
pgboss,job_common,table,12,deletion_seconds,integer,int4,NO,604800,,
pgboss,job_common,table,13,singleton_key,text,text,YES,,,
pgboss,job_common,table,14,singleton_on,timestamp without time zone,timestamp,YES,,,
pgboss,job_common,table,15,group_id,text,text,YES,,,
pgboss,job_common,table,16,group_tier,text,text,YES,,,
pgboss,job_common,table,17,start_after,timestamp with time zone,timestamptz,NO,now(),,
pgboss,job_common,table,18,created_on,timestamp with time zone,timestamptz,NO,now(),,
pgboss,job_common,table,19,started_on,timestamp with time zone,timestamptz,YES,,,
pgboss,job_common,table,20,completed_on,timestamp with time zone,timestamptz,YES,,,
pgboss,job_common,table,21,keep_until,timestamp with time zone,timestamptz,NO,(now() + '336:00:00'::interval),,
pgboss,job_common,table,22,output,jsonb,jsonb,YES,,,
pgboss,job_common,table,23,dead_letter,text,text,YES,,,
pgboss,job_common,table,24,policy,text,text,YES,,,
pgboss,job_common,table,25,heartbeat_on,timestamp with time zone,timestamptz,YES,,,
pgboss,job_common,table,26,heartbeat_seconds,integer,int4,YES,,,
pgboss,job_common,table,27,blocked,boolean,bool,NO,false,,
pgboss,job_common,table,28,blocking,boolean,bool,NO,false,,
pgboss,job_common,table,29,pending_dependencies,integer,int4,NO,0,,
pgboss,job_common,table,30,source_name,text,text,YES,,,
pgboss,job_common,table,31,source_id,uuid,uuid,YES,,,
pgboss,job_common,table,32,source_created_on,timestamp with time zone,timestamptz,YES,,,
pgboss,job_common,table,33,source_retry_count,integer,int4,YES,,,
pgboss,job_dependency,table,1,child_name,text,text,NO,,,
pgboss,job_dependency,table,2,child_id,uuid,uuid,NO,,,
pgboss,job_dependency,table,3,parent_name,text,text,NO,,,
pgboss,job_dependency,table,4,parent_id,uuid,uuid,NO,,,
pgboss,queue,table,1,name,text,text,NO,,,
pgboss,queue,table,2,policy,text,text,NO,,,
pgboss,queue,table,3,retry_limit,integer,int4,NO,,,
pgboss,queue,table,4,retry_delay,integer,int4,NO,,,
pgboss,queue,table,5,retry_backoff,boolean,bool,NO,,,
pgboss,queue,table,6,retry_delay_max,integer,int4,YES,,,
pgboss,queue,table,7,expire_seconds,integer,int4,NO,,,
pgboss,queue,table,8,retention_seconds,integer,int4,NO,,,
pgboss,queue,table,9,deletion_seconds,integer,int4,NO,,,
pgboss,queue,table,10,dead_letter,text,text,YES,,,
pgboss,queue,table,11,partition,boolean,bool,NO,,,
pgboss,queue,table,12,table_name,text,text,NO,,,
pgboss,queue,table,13,deferred_count,integer,int4,NO,0,,
pgboss,queue,table,14,queued_count,integer,int4,NO,0,,
pgboss,queue,table,15,ready_count,integer,int4,NO,0,,
pgboss,queue,table,16,warning_queued,integer,int4,NO,0,,
pgboss,queue,table,17,active_count,integer,int4,NO,0,,
pgboss,queue,table,18,failed_count,integer,int4,NO,0,,
pgboss,queue,table,19,total_count,integer,int4,NO,0,,
pgboss,queue,table,20,ready_history,ARRAY,_int4,NO,'{}'::integer[],,
pgboss,queue,table,21,heartbeat_seconds,integer,int4,YES,,,
pgboss,queue,table,22,notify,boolean,bool,NO,false,,
pgboss,queue,table,23,singletons_active,ARRAY,_text,YES,,,
pgboss,queue,table,24,monitor_on,timestamp with time zone,timestamptz,YES,,,
pgboss,queue,table,25,maintain_on,timestamp with time zone,timestamptz,YES,,,
pgboss,queue,table,26,created_on,timestamp with time zone,timestamptz,NO,now(),,
pgboss,queue,table,27,updated_on,timestamp with time zone,timestamptz,NO,now(),,
pgboss,queue_stats,partitioned,1,id,uuid,uuid,NO,gen_random_uuid(),,
pgboss,queue_stats,partitioned,2,name,text,text,NO,,,
pgboss,queue_stats,partitioned,3,deferred_count,integer,int4,NO,0,,
pgboss,queue_stats,partitioned,4,queued_count,integer,int4,NO,0,,
pgboss,queue_stats,partitioned,5,ready_count,integer,int4,NO,0,,
pgboss,queue_stats,partitioned,6,active_count,integer,int4,NO,0,,
pgboss,queue_stats,partitioned,7,failed_count,integer,int4,NO,0,,
pgboss,queue_stats,partitioned,8,total_count,integer,int4,NO,0,,
pgboss,queue_stats,partitioned,9,captured_on,timestamp with time zone,timestamptz,NO,now(),,
pgboss,queue_stats_20260813,table,1,id,uuid,uuid,NO,gen_random_uuid(),,
pgboss,queue_stats_20260813,table,2,name,text,text,NO,,,
pgboss,queue_stats_20260813,table,3,deferred_count,integer,int4,NO,0,,
pgboss,queue_stats_20260813,table,4,queued_count,integer,int4,NO,0,,
pgboss,queue_stats_20260813,table,5,ready_count,integer,int4,NO,0,,
pgboss,queue_stats_20260813,table,6,active_count,integer,int4,NO,0,,
pgboss,queue_stats_20260813,table,7,failed_count,integer,int4,NO,0,,
pgboss,queue_stats_20260813,table,8,total_count,integer,int4,NO,0,,
pgboss,queue_stats_20260813,table,9,captured_on,timestamp with time zone,timestamptz,NO,now(),,
pgboss,queue_stats_20260814,table,1,id,uuid,uuid,NO,gen_random_uuid(),,
pgboss,queue_stats_20260814,table,2,name,text,text,NO,,,
pgboss,queue_stats_20260814,table,3,deferred_count,integer,int4,NO,0,,
pgboss,queue_stats_20260814,table,4,queued_count,integer,int4,NO,0,,
pgboss,queue_stats_20260814,table,5,ready_count,integer,int4,NO,0,,
pgboss,queue_stats_20260814,table,6,active_count,integer,int4,NO,0,,
pgboss,queue_stats_20260814,table,7,failed_count,integer,int4,NO,0,,
pgboss,queue_stats_20260814,table,8,total_count,integer,int4,NO,0,,
pgboss,queue_stats_20260814,table,9,captured_on,timestamp with time zone,timestamptz,NO,now(),,
pgboss,schedule,table,1,name,text,text,NO,,,
pgboss,schedule,table,2,key,text,text,NO,''::text,,
pgboss,schedule,table,3,cron,text,text,NO,,,
pgboss,schedule,table,4,timezone,text,text,YES,,,
pgboss,schedule,table,5,data,jsonb,jsonb,YES,,,
pgboss,schedule,table,6,options,jsonb,jsonb,YES,,,
pgboss,schedule,table,7,created_on,timestamp with time zone,timestamptz,NO,now(),,
pgboss,schedule,table,8,updated_on,timestamp with time zone,timestamptz,NO,now(),,
pgboss,subscription,table,1,event,text,text,NO,,,
pgboss,subscription,table,2,name,text,text,NO,,,
pgboss,subscription,table,3,created_on,timestamp with time zone,timestamptz,NO,now(),,
pgboss,subscription,table,4,updated_on,timestamp with time zone,timestamptz,NO,now(),,
pgboss,version,table,1,version,integer,int4,NO,,,
pgboss,version,table,2,cron_on,timestamp with time zone,timestamptz,YES,,,
pgboss,version,table,3,bam_on,timestamp with time zone,timestamptz,YES,,,
pgboss,version,table,4,flow_on,timestamp with time zone,timestamptz,YES,,,
pgboss,warning,table,1,id,uuid,uuid,NO,gen_random_uuid(),,
pgboss,warning,table,2,type,text,text,NO,,,
pgboss,warning,table,3,message,text,text,NO,,,
pgboss,warning,table,4,data,jsonb,jsonb,YES,,,
pgboss,warning,table,5,created_on,timestamp with time zone,timestamptz,NO,now(),,
public,brands,view,1,id,uuid,uuid,YES,,,
public,brands,view,2,tenant_id,uuid,uuid,YES,,,1
public,brands,view,3,nombre,character varying,varchar,YES,,100,
public,brands,view,4,activo,boolean,bool,YES,,,
public,brands,view,5,orden,integer,int4,YES,,,
public,brands,view,6,created_at,timestamp with time zone,timestamptz,YES,,,
public,brands,view,7,created_by,uuid,uuid,YES,,,
public,brands,view,8,updated_at,timestamp with time zone,timestamptz,YES,,,
public,brands,view,9,updated_by,uuid,uuid,YES,,,
public,brands,view,10,deleted_at,timestamp with time zone,timestamptz,YES,,,
public,brands,view,11,deleted_by,uuid,uuid,YES,,,
public,brands,view,12,code,character varying,varchar,YES,,20,
public,brands,view,13,is_commercial,boolean,bool,YES,,,
public,brands,view,14,display_name,character varying,varchar,YES,,255,
public,catalogs,view,1,id,uuid,uuid,YES,,,
public,catalogs,view,2,tenant_id,uuid,uuid,YES,,,1
public,catalogs,view,3,catalog_id,character varying,varchar,YES,,50,
public,catalogs,view,4,value,character varying,varchar,YES,,200,
public,catalogs,view,5,orden,integer,int4,YES,,,
public,catalogs,view,6,puntuacion,numeric,numeric,YES,,,
public,catalogs,view,7,icono,character varying,varchar,YES,,100,
public,catalogs,view,8,parent_id,uuid,uuid,YES,,,
public,catalogs,view,9,created_at,timestamp with time zone,timestamptz,YES,,,
public,catalogs,view,10,created_by,uuid,uuid,YES,,,
public,catalogs,view,11,updated_at,timestamp with time zone,timestamptz,YES,,,
public,catalogs,view,12,updated_by,uuid,uuid,YES,,,
public,catalogs,view,13,deleted_at,timestamp with time zone,timestamptz,YES,,,
public,catalogs,view,14,deleted_by,uuid,uuid,YES,,,
public,catalogs,view,15,activo,boolean,bool,YES,,,
public,categories,view,1,id,uuid,uuid,YES,,,
public,categories,view,2,tenant_id,uuid,uuid,YES,,,1
public,categories,view,3,code,character varying,varchar,YES,,20,
public,categories,view,4,name,character varying,varchar,YES,,100,
public,categories,view,5,activo,boolean,bool,YES,,,
public,categories,view,6,orden,integer,int4,YES,,,
public,categories,view,7,created_at,timestamp with time zone,timestamptz,YES,,,
public,categories,view,8,created_by,uuid,uuid,YES,,,
public,categories,view,9,updated_at,timestamp with time zone,timestamptz,YES,,,
public,categories,view,10,updated_by,uuid,uuid,YES,,,
public,categories,view,11,deleted_at,timestamp with time zone,timestamptz,YES,,,
public,categories,view,12,deleted_by,uuid,uuid,YES,,,
public,daily_assignments,view,1,id,uuid,uuid,YES,,,
public,daily_assignments,view,2,tenant_id,uuid,uuid,YES,,,1
public,daily_assignments,view,3,user_id,uuid,uuid,YES,,,
public,daily_assignments,view,4,route_id,uuid,uuid,YES,,,
public,daily_assignments,view,5,assigned_by,uuid,uuid,YES,,,
public,daily_assignments,view,6,day_of_week,integer,int4,YES,,,
public,daily_assignments,view,7,status,character varying,varchar,YES,,20,
public,daily_assignments,view,8,created_at,timestamp with time zone,timestamptz,YES,,,
public,daily_assignments,view,9,created_by,uuid,uuid,YES,,,
public,daily_assignments,view,10,updated_at,timestamp with time zone,timestamptz,YES,,,
public,daily_assignments,view,11,updated_by,uuid,uuid,YES,,,
public,daily_assignments,view,12,deleted_at,timestamp with time zone,timestamptz,YES,,,
public,daily_assignments,view,13,deleted_by,uuid,uuid,YES,,,
public,daily_assignments,view,14,activo,boolean,bool,YES,,,
public,daily_captures,view,1,id,uuid,uuid,YES,,,
public,daily_captures,view,2,tenant_id,uuid,uuid,YES,,,1
public,daily_captures,view,3,folio,character varying,varchar,YES,,50,
public,daily_captures,view,4,user_id,uuid,uuid,YES,,,
public,daily_captures,view,5,store_id,uuid,uuid,YES,,,
public,daily_captures,view,6,fecha,date,date,YES,,,
public,daily_captures,view,7,hora_inicio,timestamp with time zone,timestamptz,YES,,,
public,daily_captures,view,8,hora_fin,timestamp with time zone,timestamptz,YES,,,
public,daily_captures,view,9,exhibiciones,jsonb,jsonb,YES,,,
public,daily_captures,view,10,stats,jsonb,jsonb,YES,,,
public,daily_captures,view,11,latitud,numeric,numeric,YES,,,
public,daily_captures,view,12,longitud,numeric,numeric,YES,,,
public,daily_captures,view,13,config_version_id,uuid,uuid,YES,,,
public,daily_captures,view,14,score_maximo,numeric,numeric,YES,,,
public,daily_captures,view,15,score_calidad_pct,numeric,numeric,YES,,,
public,daily_captures,view,16,score_cobertura_pct,numeric,numeric,YES,,,
public,daily_captures,view,17,score_final_pct,numeric,numeric,YES,,,
public,daily_captures,view,18,created_at,timestamp with time zone,timestamptz,YES,,,
public,daily_captures,view,19,created_by,uuid,uuid,YES,,,
public,daily_captures,view,20,updated_at,timestamp with time zone,timestamptz,YES,,,
public,daily_captures,view,21,updated_by,uuid,uuid,YES,,,
public,daily_captures,view,22,deleted_at,timestamp with time zone,timestamptz,YES,,,
public,daily_captures,view,23,deleted_by,uuid,uuid,YES,,,
public,daily_captures,view,24,activo,boolean,bool,YES,,,
public,daily_captures,view,25,captured_by_username,character varying,varchar,YES,,150,
public,daily_captures,view,26,zona_captura,character varying,varchar,YES,,100,
public,daily_captures,view,27,sync_uuid,uuid,uuid,YES,,,
public,daily_captures,view,28,route_id,uuid,uuid,YES,,,
public,daily_captures,view,29,skip_scoring,boolean,bool,YES,,,
public,daily_captures,view,30,customer_id,uuid,uuid,YES,,,
public,exhibition_photos,view,1,id,uuid,uuid,YES,,,
public,exhibition_photos,view,2,tenant_id,uuid,uuid,YES,,,1
public,exhibition_photos,view,3,exhibition_id,uuid,uuid,YES,,,
public,exhibition_photos,view,4,photo_url,text,text,YES,,,
public,exhibition_photos,view,5,cloudinary_public_id,character varying,varchar,YES,,255,
public,exhibition_photos,view,6,orden,integer,int4,YES,,,
public,exhibition_photos,view,7,created_at,timestamp with time zone,timestamptz,YES,,,
public,exhibition_photos,view,8,created_by,uuid,uuid,YES,,,
public,exhibition_photos,view,9,updated_at,timestamp with time zone,timestamptz,YES,,,
public,exhibition_photos,view,10,updated_by,uuid,uuid,YES,,,
public,exhibition_photos,view,11,deleted_at,timestamp with time zone,timestamptz,YES,,,
public,exhibition_photos,view,12,deleted_by,uuid,uuid,YES,,,
public,exhibition_photos,view,13,activo,boolean,bool,YES,,,
public,exhibitions,view,1,id,uuid,uuid,YES,,,
public,exhibitions,view,2,tenant_id,uuid,uuid,YES,,,1
public,exhibitions,view,3,visit_id,uuid,uuid,YES,,,
public,exhibitions,view,4,posicion,character varying,varchar,YES,,50,
public,exhibitions,view,5,tipo,character varying,varchar,YES,,50,
public,exhibitions,view,6,nivel_ejecucion,character varying,varchar,YES,,20,
public,exhibitions,view,7,score,numeric,numeric,YES,,,
public,exhibitions,view,8,notas,text,text,YES,,,
public,exhibitions,view,9,is_own_brand,boolean,bool,YES,,,
public,exhibitions,view,10,created_at,timestamp with time zone,timestamptz,YES,,,
public,exhibitions,view,11,created_by,uuid,uuid,YES,,,
public,exhibitions,view,12,updated_at,timestamp with time zone,timestamptz,YES,,,
public,exhibitions,view,13,updated_by,uuid,uuid,YES,,,
public,exhibitions,view,14,deleted_at,timestamp with time zone,timestamptz,YES,,,
public,exhibitions,view,15,deleted_by,uuid,uuid,YES,,,
public,exhibitions,view,16,activo,boolean,bool,YES,,,
public,knex_migrations,table,1,id,integer,int4,NO,nextval('public.knex_migrations_id_seq'::regclass),,
public,knex_migrations,table,2,name,character varying,varchar,YES,,255,
public,knex_migrations,table,3,batch,integer,int4,YES,,,
public,knex_migrations,table,4,migration_time,timestamp with time zone,timestamptz,YES,,,
public,knex_migrations_lock,table,1,index,integer,int4,NO,nextval('public.knex_migrations_lock_index_seq'::regclass),,
public,knex_migrations_lock,table,2,is_locked,integer,int4,YES,,,
public,products,view,1,id,uuid,uuid,YES,,,
public,products,view,2,tenant_id,uuid,uuid,YES,,,1
public,products,view,3,brand_id,uuid,uuid,YES,,,
public,products,view,4,nombre,character varying,varchar,YES,,150,
public,products,view,5,activo,boolean,bool,YES,,,
public,products,view,6,orden,integer,int4,YES,,,
public,products,view,7,puntuacion,numeric,numeric,YES,,,
public,products,view,8,created_at,timestamp with time zone,timestamptz,YES,,,
public,products,view,9,created_by,uuid,uuid,YES,,,
public,products,view,10,updated_at,timestamp with time zone,timestamptz,YES,,,
public,products,view,11,updated_by,uuid,uuid,YES,,,
public,products,view,12,deleted_at,timestamp with time zone,timestamptz,YES,,,
public,products,view,13,deleted_by,uuid,uuid,YES,,,
public,products,view,14,embedding,USER-DEFINED,vector,YES,,,
public,products,view,15,embedding_source_text,text,text,YES,,,
public,products,view,16,embedding_updated_at,timestamp with time zone,timestamptz,YES,,,
public,products,view,17,articulo,character varying,varchar,YES,,20,
public,products,view,18,sku,character varying,varchar,YES,,20,
public,products,view,19,barcode,character varying,varchar,YES,,30,
public,products,view,20,category_id,uuid,uuid,YES,,,
public,products,view,21,unit_purchase,character varying,varchar,YES,,10,
public,products,view,22,unit_sale,character varying,varchar,YES,,10,
public,products,view,23,factor_purchase,integer,int4,YES,,,
public,products,view,24,factor_sale,integer,int4,YES,,,
public,products,view,25,iva_rate,numeric,numeric,YES,,,
public,products,view,26,ieps_rate,numeric,numeric,YES,,,
public,products,view,27,description,text,text,YES,,,
public,products,view,28,cost_with_tax,numeric,numeric,YES,,,
public,products,view,29,cost_per_case,numeric,numeric,YES,,,
public,products,view,30,cost_base,numeric,numeric,YES,,,
public,products,view,31,location,character varying,varchar,YES,,20,
public,products,view,32,location_warehouse,character varying,varchar,YES,,20,
public,products,view,33,iva_purchase_rate,numeric,numeric,YES,,,
public,products,view,34,ieps_purchase_rate,numeric,numeric,YES,,,
public,products,view,35,loyalty_points,integer,int4,YES,,,
public,products,view,36,image_url,text,text,YES,,,
public,products,view,37,image_source,character varying,varchar,YES,,20,
public,products,view,38,image_storage_key,text,text,YES,,,
public,products,view,39,image_updated_at,timestamp with time zone,timestamptz,YES,,,
public,products_active,view,1,id,uuid,uuid,YES,,,
public,products_active,view,2,tenant_id,uuid,uuid,YES,,,1
public,products_active,view,3,brand_id,uuid,uuid,YES,,,
public,products_active,view,4,nombre,character varying,varchar,YES,,150,
public,products_active,view,5,activo,boolean,bool,YES,,,
public,products_active,view,6,orden,integer,int4,YES,,,
public,products_active,view,7,puntuacion,numeric,numeric,YES,,,
public,products_active,view,8,created_at,timestamp with time zone,timestamptz,YES,,,
public,products_active,view,9,created_by,uuid,uuid,YES,,,
public,products_active,view,10,updated_at,timestamp with time zone,timestamptz,YES,,,
public,products_active,view,11,updated_by,uuid,uuid,YES,,,
public,products_active,view,12,deleted_at,timestamp with time zone,timestamptz,YES,,,
public,products_active,view,13,deleted_by,uuid,uuid,YES,,,
public,products_active,view,14,embedding,USER-DEFINED,vector,YES,,,
public,products_active,view,15,embedding_source_text,text,text,YES,,,
public,products_active,view,16,embedding_updated_at,timestamp with time zone,timestamptz,YES,,,
public,products_active,view,17,articulo,character varying,varchar,YES,,20,
public,products_active,view,18,sku,character varying,varchar,YES,,20,
public,products_active,view,19,barcode,character varying,varchar,YES,,30,
public,products_active,view,20,category_id,uuid,uuid,YES,,,
public,products_active,view,21,unit_purchase,character varying,varchar,YES,,10,
public,products_active,view,22,unit_sale,character varying,varchar,YES,,10,
public,products_active,view,23,factor_purchase,integer,int4,YES,,,
public,products_active,view,24,factor_sale,integer,int4,YES,,,
public,products_active,view,25,iva_rate,numeric,numeric,YES,,,
public,products_active,view,26,ieps_rate,numeric,numeric,YES,,,
public,products_active,view,27,description,text,text,YES,,,
public,products_active,view,28,cost_with_tax,numeric,numeric,YES,,,
public,products_active,view,29,cost_per_case,numeric,numeric,YES,,,
public,products_active,view,30,cost_base,numeric,numeric,YES,,,
public,products_active,view,31,location,character varying,varchar,YES,,20,
public,products_active,view,32,location_warehouse,character varying,varchar,YES,,20,
public,products_active,view,33,iva_purchase_rate,numeric,numeric,YES,,,
public,products_active,view,34,ieps_purchase_rate,numeric,numeric,YES,,,
public,products_active,view,35,loyalty_points,integer,int4,YES,,,
public,products_active,view,36,image_url,text,text,YES,,,
public,products_active,view,37,image_source,character varying,varchar,YES,,20,
public,products_active,view,38,image_storage_key,text,text,YES,,,
public,products_active,view,39,image_updated_at,timestamp with time zone,timestamptz,YES,,,
public,products_normalize_backup_20260528,table,1,id,uuid,uuid,YES,,,
public,products_normalize_backup_20260528,table,2,tenant_id,uuid,uuid,YES,,,1
public,products_normalize_backup_20260528,table,3,brand_id,uuid,uuid,YES,,,
public,products_normalize_backup_20260528,table,4,nombre,character varying,varchar,YES,,150,
public,products_normalize_backup_20260528,table,5,activo,boolean,bool,YES,,,
public,products_normalize_backup_20260528,table,6,orden,integer,int4,YES,,,
public,products_normalize_backup_20260528,table,7,puntuacion,numeric,numeric,YES,,,
public,products_normalize_backup_20260528,table,8,created_at,timestamp with time zone,timestamptz,YES,,,
public,products_normalize_backup_20260528,table,9,created_by,uuid,uuid,YES,,,
public,products_normalize_backup_20260528,table,10,updated_at,timestamp with time zone,timestamptz,YES,,,
public,products_normalize_backup_20260528,table,11,updated_by,uuid,uuid,YES,,,
public,products_normalize_backup_20260528,table,12,deleted_at,timestamp with time zone,timestamptz,YES,,,
public,products_normalize_backup_20260528,table,13,deleted_by,uuid,uuid,YES,,,
public,products_normalize_backup_20260528,table,14,embedding,USER-DEFINED,vector,YES,,,
public,products_normalize_backup_20260528,table,15,embedding_source_text,text,text,YES,,,
public,products_normalize_backup_20260528,table,16,embedding_updated_at,timestamp with time zone,timestamptz,YES,,,
public,products_top_sellers,view,1,id,uuid,uuid,YES,,,
public,products_top_sellers,view,2,tenant_id,uuid,uuid,YES,,,1
public,products_top_sellers,view,3,sku,character varying,varchar,YES,,20,
public,products_top_sellers,view,4,nombre,character varying,varchar,YES,,150,
public,products_top_sellers,view,5,brand_id,uuid,uuid,YES,,,
public,products_top_sellers,view,6,barcode,character varying,varchar,YES,,30,
public,products_top_sellers,view,7,category_id,uuid,uuid,YES,,,
public,products_top_sellers,view,8,cost_base,numeric,numeric,YES,,,
public,products_top_sellers,view,9,image_url,text,text,YES,,,
public,products_top_sellers,view,10,units_sold,numeric,numeric,YES,,,
public,products_top_sellers,view,11,revenue,numeric,numeric,YES,,,
public,products_top_sellers,view,12,cases_sold,bigint,int8,YES,,,
public,products_top_sellers,view,13,units_total,numeric,numeric,YES,,,
public,products_top_sellers,view,14,sales_rank,integer,int4,YES,,,
public,role_permissions,view,1,id,uuid,uuid,YES,,,
public,role_permissions,view,2,tenant_id,uuid,uuid,YES,,,1
public,role_permissions,view,3,role_name,character varying,varchar,YES,,50,
public,role_permissions,view,4,permissions,jsonb,jsonb,YES,,,
public,role_permissions,view,5,created_at,timestamp with time zone,timestamptz,YES,,,
public,role_permissions,view,6,created_by,uuid,uuid,YES,,,
public,role_permissions,view,7,updated_at,timestamp with time zone,timestamptz,YES,,,
public,role_permissions,view,8,updated_by,uuid,uuid,YES,,,
public,role_permissions,view,9,deleted_at,timestamp with time zone,timestamptz,YES,,,
public,role_permissions,view,10,deleted_by,uuid,uuid,YES,,,
public,role_permissions,view,11,activo,boolean,bool,YES,,,
public,route_location_pings,table,1,id,uuid,uuid,NO,gen_random_uuid(),,
public,route_location_pings,table,2,tenant_id,uuid,uuid,NO,,,1
public,route_location_pings,table,3,user_id,uuid,uuid,NO,,,
public,route_location_pings,table,4,route_id,uuid,uuid,YES,,,
public,route_location_pings,table,5,client_uuid,uuid,uuid,NO,,,
public,route_location_pings,table,6,captured_at,timestamp with time zone,timestamptz,NO,,,
public,route_location_pings,table,7,lat,numeric,numeric,NO,,,
public,route_location_pings,table,8,lng,numeric,numeric,NO,,,
public,route_location_pings,table,9,accuracy_m,real,float4,YES,,,
public,route_location_pings,table,10,speed_mps,real,float4,YES,,,
public,route_location_pings,table,11,source,character varying,varchar,YES,'foreground'::character varying,20,
public,route_location_pings,table,12,created_at,timestamp with time zone,timestamptz,NO,CURRENT_TIMESTAMP,,
public,route_location_pings,table,13,platform,character varying,varchar,YES,,12,
public,route_snapped_tracks,table,1,id,uuid,uuid,NO,gen_random_uuid(),,
public,route_snapped_tracks,table,2,tenant_id,uuid,uuid,NO,,,1
public,route_snapped_tracks,table,3,user_id,uuid,uuid,NO,,,
public,route_snapped_tracks,table,4,route_id,uuid,uuid,YES,,,
public,route_snapped_tracks,table,5,day,date,date,NO,,,
public,route_snapped_tracks,table,6,geometry,jsonb,jsonb,NO,,,
public,route_snapped_tracks,table,7,distance_m,double precision,float8,YES,,,
public,route_snapped_tracks,table,8,point_count,integer,int4,YES,,,
public,route_snapped_tracks,table,9,confidence,real,float4,YES,,,
public,route_snapped_tracks,table,10,stops,jsonb,jsonb,YES,,,
public,route_snapped_tracks,table,11,provider,character varying,varchar,YES,'mapbox'::character varying,20,
public,route_snapped_tracks,table,12,matched_at,timestamp with time zone,timestamptz,NO,CURRENT_TIMESTAMP,,
public,rubric_criteria,view,1,id,uuid,uuid,YES,,,
public,rubric_criteria,view,2,tenant_id,uuid,uuid,YES,,,1
public,rubric_criteria,view,3,config_version_id,uuid,uuid,YES,,,
public,rubric_criteria,view,4,criterio,character varying,varchar,YES,,200,
public,rubric_criteria,view,5,descripcion,character varying,varchar,YES,,500,
public,rubric_criteria,view,6,orden,integer,int4,YES,,,
public,rubric_criteria,view,7,activo,boolean,bool,YES,,,
public,rubric_criteria,view,8,created_at,timestamp with time zone,timestamptz,YES,,,
public,rubric_criteria,view,9,created_by,uuid,uuid,YES,,,
public,rubric_criteria,view,10,updated_at,timestamp with time zone,timestamptz,YES,,,
public,rubric_criteria,view,11,updated_by,uuid,uuid,YES,,,
public,rubric_criteria,view,12,deleted_at,timestamp with time zone,timestamptz,YES,,,
public,rubric_criteria,view,13,deleted_by,uuid,uuid,YES,,,
public,rubric_levels,view,1,id,uuid,uuid,YES,,,
public,rubric_levels,view,2,tenant_id,uuid,uuid,YES,,,1
public,rubric_levels,view,3,config_version_id,uuid,uuid,YES,,,
public,rubric_levels,view,4,nombre,character varying,varchar,YES,,50,
public,rubric_levels,view,5,criterios_minimos,integer,int4,YES,,,
public,rubric_levels,view,6,criterios_maximos,integer,int4,YES,,,
public,rubric_levels,view,7,multiplicador,numeric,numeric,YES,,,
public,rubric_levels,view,8,color,character varying,varchar,YES,,20,
public,rubric_levels,view,9,orden,integer,int4,YES,,,
public,rubric_levels,view,10,created_at,timestamp with time zone,timestamptz,YES,,,
public,rubric_levels,view,11,created_by,uuid,uuid,YES,,,
public,rubric_levels,view,12,updated_at,timestamp with time zone,timestamptz,YES,,,
public,rubric_levels,view,13,updated_by,uuid,uuid,YES,,,
public,rubric_levels,view,14,deleted_at,timestamp with time zone,timestamptz,YES,,,
public,rubric_levels,view,15,deleted_by,uuid,uuid,YES,,,
public,rubric_levels,view,16,activo,boolean,bool,YES,,,
public,scoring_config,view,1,id,uuid,uuid,YES,,,
public,scoring_config,view,2,tenant_id,uuid,uuid,YES,,,1
public,scoring_config,view,3,config,jsonb,jsonb,YES,,,
public,scoring_config,view,4,created_at,timestamp with time zone,timestamptz,YES,,,
public,scoring_config,view,5,created_by,uuid,uuid,YES,,,
public,scoring_config,view,6,updated_at,timestamp with time zone,timestamptz,YES,,,
public,scoring_config,view,7,updated_by,uuid,uuid,YES,,,
public,scoring_config,view,8,deleted_at,timestamp with time zone,timestamptz,YES,,,
public,scoring_config,view,9,deleted_by,uuid,uuid,YES,,,
public,scoring_config,view,10,activo,boolean,bool,YES,,,
public,scoring_config_versions,view,1,id,uuid,uuid,YES,,,
public,scoring_config_versions,view,2,tenant_id,uuid,uuid,YES,,,1
public,scoring_config_versions,view,3,version,character varying,varchar,YES,,20,
public,scoring_config_versions,view,4,fecha_inicio,timestamp with time zone,timestamptz,YES,,,
public,scoring_config_versions,view,5,fecha_fin,timestamp with time zone,timestamptz,YES,,,
public,scoring_config_versions,view,6,notas,text,text,YES,,,
public,scoring_config_versions,view,7,score_maximo,numeric,numeric,YES,,,
public,scoring_config_versions,view,8,score_maximo_calculado_at,timestamp with time zone,timestamptz,YES,,,
public,scoring_config_versions,view,9,created_at,timestamp with time zone,timestamptz,YES,,,
public,scoring_config_versions,view,10,created_by,uuid,uuid,YES,,,
public,scoring_config_versions,view,11,updated_at,timestamp with time zone,timestamptz,YES,,,
public,scoring_config_versions,view,12,updated_by,uuid,uuid,YES,,,
public,scoring_config_versions,view,13,deleted_at,timestamp with time zone,timestamptz,YES,,,
public,scoring_config_versions,view,14,deleted_by,uuid,uuid,YES,,,
public,scoring_config_versions,view,15,activo,boolean,bool,YES,,,
public,scoring_weights,view,1,id,uuid,uuid,YES,,,
public,scoring_weights,view,2,tenant_id,uuid,uuid,YES,,,1
public,scoring_weights,view,3,config_version_id,uuid,uuid,YES,,,
public,scoring_weights,view,4,tipo,character varying,varchar,YES,,20,
public,scoring_weights,view,5,nombre,character varying,varchar,YES,,100,
public,scoring_weights,view,6,valor,numeric,numeric,YES,,,
public,scoring_weights,view,7,created_at,timestamp with time zone,timestamptz,YES,,,
public,scoring_weights,view,8,created_by,uuid,uuid,YES,,,
public,scoring_weights,view,9,updated_at,timestamp with time zone,timestamptz,YES,,,
public,scoring_weights,view,10,updated_by,uuid,uuid,YES,,,
public,scoring_weights,view,11,deleted_at,timestamp with time zone,timestamptz,YES,,,
public,scoring_weights,view,12,deleted_by,uuid,uuid,YES,,,
public,scoring_weights,view,13,activo,boolean,bool,YES,,,
public,stores,view,1,id,uuid,uuid,YES,,,
public,stores,view,2,tenant_id,uuid,uuid,YES,,,1
public,stores,view,3,nombre,character varying,varchar,YES,,200,
public,stores,view,4,direccion,text,text,YES,,,
public,stores,view,5,zona_id,uuid,uuid,YES,,,
public,stores,view,6,ruta_id,uuid,uuid,YES,,,
public,stores,view,7,latitud,numeric,numeric,YES,,,
public,stores,view,8,longitud,numeric,numeric,YES,,,
public,stores,view,9,activo,boolean,bool,YES,,,
public,stores,view,10,created_at,timestamp with time zone,timestamptz,YES,,,
public,stores,view,11,created_by,uuid,uuid,YES,,,
public,stores,view,12,updated_at,timestamp with time zone,timestamptz,YES,,,
public,stores,view,13,updated_by,uuid,uuid,YES,,,
public,stores,view,14,deleted_at,timestamp with time zone,timestamptz,YES,,,
public,stores,view,15,deleted_by,uuid,uuid,YES,,,
public,stores,view,16,exhibiciones_esperadas,integer,int4,YES,,,
public,tenants,view,1,id,uuid,uuid,YES,,,
public,tenants,view,2,slug,character varying,varchar,YES,,64,
public,tenants,view,3,nombre,character varying,varchar,YES,,200,
public,tenants,view,4,activo,boolean,bool,YES,,,
public,tenants,view,5,plan,character varying,varchar,YES,,32,
public,tenants,view,6,metadata,jsonb,jsonb,YES,,,
public,tenants,view,7,created_at,timestamp with time zone,timestamptz,YES,,,
public,tenants,view,8,updated_at,timestamp with time zone,timestamptz,YES,,,
public,tenants,view,9,deleted_at,timestamp with time zone,timestamptz,YES,,,
public,users,view,1,id,uuid,uuid,YES,,,
public,users,view,2,tenant_id,uuid,uuid,YES,,,1
public,users,view,3,username,character varying,varchar,YES,,100,
public,users,view,4,password_hash,character varying,varchar,YES,,255,
public,users,view,5,nombre,character varying,varchar,YES,,150,
public,users,view,6,zona_id,uuid,uuid,YES,,,
public,users,view,7,role_name,character varying,varchar,YES,,50,
public,users,view,8,supervisor_id,uuid,uuid,YES,,,
public,users,view,9,activo,boolean,bool,YES,,,
public,users,view,10,meta_puntos,integer,int4,YES,,,
public,users,view,11,created_at,timestamp with time zone,timestamptz,YES,,,
public,users,view,12,created_by,uuid,uuid,YES,,,
public,users,view,13,updated_at,timestamp with time zone,timestamptz,YES,,,
public,users,view,14,updated_by,uuid,uuid,YES,,,
public,users,view,15,deleted_at,timestamp with time zone,timestamptz,YES,,,
public,users,view,16,deleted_by,uuid,uuid,YES,,,
public,users,view,17,customer_id,uuid,uuid,YES,,,
public,users,view,18,last_login_at,timestamp with time zone,timestamptz,YES,,,
public,users,view,19,last_login_ip,character varying,varchar,YES,,45,
public,users,view,20,last_login_user_agent,text,text,YES,,,
public,users,view,21,warehouse_code,character varying,varchar,YES,,4,
public,users,view,22,finance_expense_area_ids,ARRAY,_uuid,YES,,,
public,users,view,23,department_code,character varying,varchar,YES,,50,
public,users,view,24,position_code,character varying,varchar,YES,,50,
public,users,view,25,warehouse_id,uuid,uuid,YES,,,
public,users,view,26,status,character varying,varchar,YES,,20,
public,users,view,27,must_change_password,boolean,bool,YES,,,
public,users,view,28,password_changed_at,timestamp with time zone,timestamptz,YES,,,
public,users,view,29,terminated_at,timestamp with time zone,timestamptz,YES,,,
public,valid_exhibition_combinations,view,1,id,uuid,uuid,YES,,,
public,valid_exhibition_combinations,view,2,tenant_id,uuid,uuid,YES,,,1
public,valid_exhibition_combinations,view,3,config_version_id,uuid,uuid,YES,,,
public,valid_exhibition_combinations,view,4,posicion_id,uuid,uuid,YES,,,
public,valid_exhibition_combinations,view,5,exhibicion_id,uuid,uuid,YES,,,
public,valid_exhibition_combinations,view,6,activo,boolean,bool,YES,,,
public,valid_exhibition_combinations,view,7,created_at,timestamp with time zone,timestamptz,YES,,,
public,valid_exhibition_combinations,view,8,created_by,uuid,uuid,YES,,,
public,valid_exhibition_combinations,view,9,updated_at,timestamp with time zone,timestamptz,YES,,,
public,valid_exhibition_combinations,view,10,updated_by,uuid,uuid,YES,,,
public,valid_exhibition_combinations,view,11,deleted_at,timestamp with time zone,timestamptz,YES,,,
public,valid_exhibition_combinations,view,12,deleted_by,uuid,uuid,YES,,,
public,vendedores_erp,view,1,id,uuid,uuid,YES,,,
public,vendedores_erp,view,2,tenant_id,uuid,uuid,YES,,,1
public,vendedores_erp,view,3,code,character varying,varchar,YES,,20,
public,vendedores_erp,view,4,name,character varying,varchar,YES,,100,
public,vendedores_erp,view,5,user_id,uuid,uuid,YES,,,
public,vendedores_erp,view,6,activo,boolean,bool,YES,,,
public,vendedores_erp,view,7,created_at,timestamp with time zone,timestamptz,YES,,,
public,vendedores_erp,view,8,updated_at,timestamp with time zone,timestamptz,YES,,,
public,visits,view,1,id,uuid,uuid,YES,,,
public,visits,view,2,tenant_id,uuid,uuid,YES,,,1
public,visits,view,3,store_id,uuid,uuid,YES,,,
public,visits,view,4,user_id,uuid,uuid,YES,,,
public,visits,view,5,checkin_at,timestamp with time zone,timestamptz,YES,,,
public,visits,view,6,checkout_at,timestamp with time zone,timestamptz,YES,,,
public,visits,view,7,checkin_lat,numeric,numeric,YES,,,
public,visits,view,8,checkin_lng,numeric,numeric,YES,,,
public,visits,view,9,total_score,numeric,numeric,YES,,,
public,visits,view,10,status,character varying,varchar,YES,,20,
public,visits,view,11,created_at,timestamp with time zone,timestamptz,YES,,,
public,visits,view,12,created_by,uuid,uuid,YES,,,
public,visits,view,13,updated_at,timestamp with time zone,timestamptz,YES,,,
public,visits,view,14,updated_by,uuid,uuid,YES,,,
public,visits,view,15,deleted_at,timestamp with time zone,timestamptz,YES,,,
public,visits,view,16,deleted_by,uuid,uuid,YES,,,
public,visits,view,17,activo,boolean,bool,YES,,,
public,zones,view,1,id,uuid,uuid,YES,,,
public,zones,view,2,tenant_id,uuid,uuid,YES,,,1
public,zones,view,3,name,character varying,varchar,YES,,100,
public,zones,view,4,orden,integer,int4,YES,,,
public,zones,view,5,created_at,timestamp with time zone,timestamptz,YES,,,
public,zones,view,6,created_by,uuid,uuid,YES,,,
public,zones,view,7,updated_at,timestamp with time zone,timestamptz,YES,,,
public,zones,view,8,updated_by,uuid,uuid,YES,,,
public,zones,view,9,deleted_at,timestamp with time zone,timestamptz,YES,,,
public,zones,view,10,deleted_by,uuid,uuid,YES,,,
public,zones,view,11,activo,boolean,bool,YES,,,
public,zones,view,12,is_system,boolean,bool,YES,,,
reconciliation,actions,table,1,id,uuid,uuid,NO,gen_random_uuid(),,
reconciliation,actions,table,2,tenant_id,uuid,uuid,NO,,,1
reconciliation,actions,table,3,discrepancy_id,uuid,uuid,YES,,,
reconciliation,actions,table,4,palanca,text,text,NO,,,
reconciliation,actions,table,5,titulo,text,text,NO,,,
reconciliation,actions,table,6,detalle,text,text,YES,,,
reconciliation,actions,table,7,warehouse_code,text,text,YES,,,
reconciliation,actions,table,8,caja,text,text,YES,,,
reconciliation,actions,table,9,cajero_code,text,text,YES,,,
reconciliation,actions,table,10,fecha_intervencion,date,date,NO,,,
reconciliation,actions,table,11,responsable,text,text,YES,,,
reconciliation,actions,table,12,status,text,text,NO,'propuesta'::text,,
reconciliation,actions,table,13,baseline_faltante,numeric,numeric,YES,,,
reconciliation,actions,table,14,created_by,text,text,YES,,,
reconciliation,actions,table,15,created_at,timestamp with time zone,timestamptz,NO,now(),,
reconciliation,actions,table,16,updated_at,timestamp with time zone,timestamptz,NO,now(),,
reconciliation,actions,table,17,warehouse_id,uuid,uuid,YES,,,
reconciliation,blind_counts,table,1,id,uuid,uuid,NO,gen_random_uuid(),,
reconciliation,blind_counts,table,2,tenant_id,uuid,uuid,NO,,,1
reconciliation,blind_counts,table,3,warehouse_code,text,text,NO,,,
reconciliation,blind_counts,table,4,caja,text,text,NO,,,
reconciliation,blind_counts,table,5,business_date,date,date,NO,,,
reconciliation,blind_counts,table,6,turno,text,text,YES,,,
reconciliation,blind_counts,table,7,cajero_code,text,text,YES,,,
reconciliation,blind_counts,table,8,denominations,jsonb,jsonb,NO,'{}'::jsonb,,
reconciliation,blind_counts,table,9,total_contado,numeric,numeric,NO,0,,
reconciliation,blind_counts,table,10,nota,text,text,YES,,,
reconciliation,blind_counts,table,11,photo_url,text,text,YES,,,
reconciliation,blind_counts,table,12,captured_by,text,text,YES,,,
reconciliation,blind_counts,table,13,captured_at,timestamp with time zone,timestamptz,NO,now(),,
reconciliation,blind_counts,table,14,created_at,timestamp with time zone,timestamptz,NO,now(),,
reconciliation,blind_counts,table,15,tipo,text,text,NO,'cierre'::text,,
reconciliation,blind_counts,table,16,cajero_entrante,text,text,YES,,,
reconciliation,blind_counts,table,17,incidencia_tipo,text,text,YES,,,
reconciliation,blind_counts,table,18,warehouse_id,uuid,uuid,YES,,,
reconciliation,blind_counts,table,19,cash_cut_folio,text,text,YES,,,
reconciliation,blind_counts,table,20,caja_kepler,text,text,YES,,,
reconciliation,blind_counts,table,21,turno_abierto_at,timestamp with time zone,timestamptz,YES,,,
reconciliation,blind_counts,table,22,validado_por,text,text,YES,,,
reconciliation,blind_counts,table,23,validado_at,timestamp with time zone,timestamptz,YES,,,
reconciliation,blind_counts,table,24,validado_nota,text,text,YES,,,
reconciliation,blind_counts,table,25,medios,jsonb,jsonb,YES,,,
reconciliation,discrepancies,table,1,id,uuid,uuid,NO,gen_random_uuid(),,
reconciliation,discrepancies,table,2,tenant_id,uuid,uuid,NO,,,1
reconciliation,discrepancies,table,3,rule_key,text,text,NO,,,
reconciliation,discrepancies,table,4,plano,text,text,NO,,,
reconciliation,discrepancies,table,5,severity,text,text,NO,'warn'::text,,
reconciliation,discrepancies,table,6,status,text,text,NO,'nuevo'::text,,
reconciliation,discrepancies,table,7,score,numeric,numeric,YES,,,
reconciliation,discrepancies,table,8,titulo,text,text,NO,,,
reconciliation,discrepancies,table,9,resumen,text,text,YES,,,
reconciliation,discrepancies,table,10,entity,jsonb,jsonb,YES,,,
reconciliation,discrepancies,table,11,periodo,text,text,YES,,,
reconciliation,discrepancies,table,12,esperado,numeric,numeric,YES,,,
reconciliation,discrepancies,table,13,observado,numeric,numeric,YES,,,
reconciliation,discrepancies,table,14,diferencia,numeric,numeric,YES,,,
reconciliation,discrepancies,table,15,importe,numeric,numeric,NO,0,,
reconciliation,discrepancies,table,16,causa_probable,text,text,YES,,,
reconciliation,discrepancies,table,17,causa_confirmada,text,text,YES,,,
reconciliation,discrepancies,table,18,evidencia,jsonb,jsonb,YES,,,
reconciliation,discrepancies,table,19,dedup_key,text,text,NO,,,
reconciliation,discrepancies,table,20,first_seen,timestamp with time zone,timestamptz,NO,now(),,
reconciliation,discrepancies,table,21,last_seen,timestamp with time zone,timestamptz,NO,now(),,
reconciliation,discrepancies,table,22,created_at,timestamp with time zone,timestamptz,NO,now(),,
reconciliation,discrepancies,table,23,updated_at,timestamp with time zone,timestamptz,NO,now(),,
reconciliation,discrepancy_feedback,table,1,id,uuid,uuid,NO,gen_random_uuid(),,
reconciliation,discrepancy_feedback,table,2,tenant_id,uuid,uuid,NO,,,1
reconciliation,discrepancy_feedback,table,3,discrepancy_id,uuid,uuid,NO,,,
reconciliation,discrepancy_feedback,table,4,verdict,text,text,NO,,,
reconciliation,discrepancy_feedback,table,5,causa,text,text,YES,,,
reconciliation,discrepancy_feedback,table,6,nota,text,text,YES,,,
reconciliation,discrepancy_feedback,table,7,created_by,text,text,YES,,,
reconciliation,discrepancy_feedback,table,8,created_at,timestamp with time zone,timestamptz,NO,now(),,
reconciliation,rule_registry,table,1,tenant_id,uuid,uuid,NO,,,1
reconciliation,rule_registry,table,2,rule_key,text,text,NO,,,
reconciliation,rule_registry,table,3,nombre,text,text,NO,,,
reconciliation,rule_registry,table,4,descripcion,text,text,YES,,,
reconciliation,rule_registry,table,5,plano,text,text,NO,,,
reconciliation,rule_registry,table,6,params,jsonb,jsonb,NO,'{}'::jsonb,,
reconciliation,rule_registry,table,7,enabled,boolean,bool,NO,true,,
reconciliation,rule_registry,table,8,pinned,boolean,bool,NO,false,,
reconciliation,rule_registry,table,9,precision_score,numeric,numeric,YES,,,
reconciliation,rule_registry,table,10,findings_total,integer,int4,NO,0,,
reconciliation,rule_registry,table,11,findings_confirmados,integer,int4,NO,0,,
reconciliation,rule_registry,table,12,findings_falsos,integer,int4,NO,0,,
reconciliation,rule_registry,table,13,suppressed_auto,boolean,bool,NO,false,,
reconciliation,rule_registry,table,14,updated_at,timestamp with time zone,timestamptz,NO,now(),,
trade,catalog_aliases,table,1,id,uuid,uuid,NO,gen_random_uuid(),,
trade,catalog_aliases,table,2,tenant_id,uuid,uuid,NO,,,1
trade,catalog_aliases,table,3,catalog_id,character varying,varchar,NO,,50,
trade,catalog_aliases,table,4,old_id,uuid,uuid,NO,,,
trade,catalog_aliases,table,5,current_id,uuid,uuid,NO,,,
trade,catalog_aliases,table,6,note,character varying,varchar,YES,,200,
trade,catalog_aliases,table,7,created_at,timestamp with time zone,timestamptz,NO,CURRENT_TIMESTAMP,,
trade,catalog_aliases,table,8,created_by,uuid,uuid,YES,,,
trade,catalog_aliases,table,9,updated_at,timestamp with time zone,timestamptz,NO,CURRENT_TIMESTAMP,,
trade,catalog_aliases,table,10,updated_by,uuid,uuid,YES,,,
trade,catalog_aliases,table,11,deleted_at,timestamp with time zone,timestamptz,YES,,,
trade,catalog_aliases,table,12,deleted_by,uuid,uuid,YES,,,
trade,catalog_aliases,table,13,activo,boolean,bool,YES,,,
trade,catalogs,table,1,id,uuid,uuid,NO,gen_random_uuid(),,
trade,catalogs,table,2,tenant_id,uuid,uuid,NO,,,1
trade,catalogs,table,3,catalog_id,character varying,varchar,NO,,50,
trade,catalogs,table,4,value,character varying,varchar,NO,,200,
trade,catalogs,table,5,orden,integer,int4,NO,0,,
trade,catalogs,table,6,puntuacion,numeric,numeric,NO,'0'::numeric,,
trade,catalogs,table,7,icono,character varying,varchar,YES,,100,
trade,catalogs,table,8,parent_id,uuid,uuid,YES,,,
trade,catalogs,table,9,created_at,timestamp with time zone,timestamptz,NO,CURRENT_TIMESTAMP,,
trade,catalogs,table,10,created_by,uuid,uuid,YES,,,
trade,catalogs,table,11,updated_at,timestamp with time zone,timestamptz,NO,CURRENT_TIMESTAMP,,
trade,catalogs,table,12,updated_by,uuid,uuid,YES,,,
trade,catalogs,table,13,deleted_at,timestamp with time zone,timestamptz,YES,,,
trade,catalogs,table,14,deleted_by,uuid,uuid,YES,,,
trade,catalogs,table,15,activo,boolean,bool,YES,,,
trade,daily_assignments,table,1,id,uuid,uuid,NO,gen_random_uuid(),,
trade,daily_assignments,table,2,tenant_id,uuid,uuid,NO,,,1
trade,daily_assignments,table,3,user_id,uuid,uuid,NO,,,
trade,daily_assignments,table,4,route_id,uuid,uuid,NO,,,
trade,daily_assignments,table,5,assigned_by,uuid,uuid,YES,,,
trade,daily_assignments,table,6,day_of_week,integer,int4,NO,,,
trade,daily_assignments,table,7,status,character varying,varchar,NO,'pendiente'::character varying,20,
trade,daily_assignments,table,8,created_at,timestamp with time zone,timestamptz,NO,CURRENT_TIMESTAMP,,
trade,daily_assignments,table,9,created_by,uuid,uuid,YES,,,
trade,daily_assignments,table,10,updated_at,timestamp with time zone,timestamptz,NO,CURRENT_TIMESTAMP,,
trade,daily_assignments,table,11,updated_by,uuid,uuid,YES,,,
trade,daily_assignments,table,12,deleted_at,timestamp with time zone,timestamptz,YES,,,
trade,daily_assignments,table,13,deleted_by,uuid,uuid,YES,,,
trade,daily_assignments,table,14,activo,boolean,bool,YES,,,
trade,daily_captures,table,1,id,uuid,uuid,NO,gen_random_uuid(),,
trade,daily_captures,table,2,tenant_id,uuid,uuid,NO,,,1
trade,daily_captures,table,3,folio,character varying,varchar,NO,,50,
trade,daily_captures,table,4,user_id,uuid,uuid,NO,,,
trade,daily_captures,table,5,store_id,uuid,uuid,YES,,,
trade,daily_captures,table,6,fecha,date,date,NO,,,
trade,daily_captures,table,7,hora_inicio,timestamp with time zone,timestamptz,NO,,,
trade,daily_captures,table,8,hora_fin,timestamp with time zone,timestamptz,NO,,,
trade,daily_captures,table,9,exhibiciones,jsonb,jsonb,NO,'[]'::jsonb,,
trade,daily_captures,table,10,stats,jsonb,jsonb,YES,'{}'::jsonb,,
trade,daily_captures,table,11,latitud,numeric,numeric,YES,,,
trade,daily_captures,table,12,longitud,numeric,numeric,YES,,,
trade,daily_captures,table,13,config_version_id,uuid,uuid,YES,,,
trade,daily_captures,table,14,score_maximo,numeric,numeric,YES,,,
trade,daily_captures,table,15,score_calidad_pct,numeric,numeric,YES,,,
trade,daily_captures,table,16,score_cobertura_pct,numeric,numeric,YES,,,
trade,daily_captures,table,17,score_final_pct,numeric,numeric,YES,,,
trade,daily_captures,table,18,created_at,timestamp with time zone,timestamptz,NO,CURRENT_TIMESTAMP,,
trade,daily_captures,table,19,created_by,uuid,uuid,YES,,,
trade,daily_captures,table,20,updated_at,timestamp with time zone,timestamptz,NO,CURRENT_TIMESTAMP,,
trade,daily_captures,table,21,updated_by,uuid,uuid,YES,,,
trade,daily_captures,table,22,deleted_at,timestamp with time zone,timestamptz,YES,,,
trade,daily_captures,table,23,deleted_by,uuid,uuid,YES,,,
trade,daily_captures,table,24,activo,boolean,bool,YES,,,
trade,daily_captures,table,25,captured_by_username,character varying,varchar,YES,,150,
trade,daily_captures,table,26,zona_captura,character varying,varchar,YES,,100,
trade,daily_captures,table,27,sync_uuid,uuid,uuid,YES,,,
trade,daily_captures,table,28,route_id,uuid,uuid,YES,,,
trade,daily_captures,table,29,skip_scoring,boolean,bool,NO,false,,
trade,daily_captures,table,30,customer_id,uuid,uuid,YES,,,
trade,exhibition_photos,table,1,id,uuid,uuid,NO,gen_random_uuid(),,
trade,exhibition_photos,table,2,tenant_id,uuid,uuid,NO,,,1
trade,exhibition_photos,table,3,exhibition_id,uuid,uuid,NO,,,
trade,exhibition_photos,table,4,photo_url,text,text,NO,,,
trade,exhibition_photos,table,5,cloudinary_public_id,character varying,varchar,YES,,255,
trade,exhibition_photos,table,6,orden,integer,int4,NO,0,,
trade,exhibition_photos,table,7,created_at,timestamp with time zone,timestamptz,NO,CURRENT_TIMESTAMP,,
trade,exhibition_photos,table,8,created_by,uuid,uuid,YES,,,
trade,exhibition_photos,table,9,updated_at,timestamp with time zone,timestamptz,NO,CURRENT_TIMESTAMP,,
trade,exhibition_photos,table,10,updated_by,uuid,uuid,YES,,,
trade,exhibition_photos,table,11,deleted_at,timestamp with time zone,timestamptz,YES,,,
trade,exhibition_photos,table,12,deleted_by,uuid,uuid,YES,,,
trade,exhibition_photos,table,13,activo,boolean,bool,YES,,,
trade,exhibitions,table,1,id,uuid,uuid,NO,gen_random_uuid(),,
trade,exhibitions,table,2,tenant_id,uuid,uuid,NO,,,1
trade,exhibitions,table,3,visit_id,uuid,uuid,NO,,,
trade,exhibitions,table,4,posicion,character varying,varchar,NO,,50,
trade,exhibitions,table,5,tipo,character varying,varchar,NO,,50,
trade,exhibitions,table,6,nivel_ejecucion,character varying,varchar,NO,,20,
trade,exhibitions,table,7,score,numeric,numeric,NO,'0'::numeric,,
trade,exhibitions,table,8,notas,text,text,YES,,,
trade,exhibitions,table,9,is_own_brand,boolean,bool,YES,,,
trade,exhibitions,table,10,created_at,timestamp with time zone,timestamptz,NO,CURRENT_TIMESTAMP,,
trade,exhibitions,table,11,created_by,uuid,uuid,YES,,,
trade,exhibitions,table,12,updated_at,timestamp with time zone,timestamptz,NO,CURRENT_TIMESTAMP,,
trade,exhibitions,table,13,updated_by,uuid,uuid,YES,,,
trade,exhibitions,table,14,deleted_at,timestamp with time zone,timestamptz,YES,,,
trade,exhibitions,table,15,deleted_by,uuid,uuid,YES,,,
trade,exhibitions,table,16,activo,boolean,bool,YES,,,
trade,planogram_sku_aliases,table,1,id,uuid,uuid,NO,gen_random_uuid(),,
trade,planogram_sku_aliases,table,2,tenant_id,uuid,uuid,NO,,,1
trade,planogram_sku_aliases,table,3,erp_sku,character varying,varchar,NO,,20,
trade,planogram_sku_aliases,table,4,product_id,uuid,uuid,NO,,,
trade,planogram_sku_aliases,table,5,planogram_sku_id,uuid,uuid,YES,,,
trade,planogram_sku_aliases,table,6,source,character varying,varchar,NO,'manual'::character varying,20,
trade,planogram_sku_aliases,table,7,confidence,numeric,numeric,YES,,,
trade,planogram_sku_aliases,table,8,created_at,timestamp with time zone,timestamptz,NO,CURRENT_TIMESTAMP,,
trade,planogram_sku_aliases,table,9,created_by,uuid,uuid,YES,,,
trade,planogram_sku_aliases,table,10,updated_at,timestamp with time zone,timestamptz,NO,CURRENT_TIMESTAMP,,
trade,planogram_sku_aliases,table,11,updated_by,uuid,uuid,YES,,,
trade,planogram_sku_aliases,table,12,deleted_at,timestamp with time zone,timestamptz,YES,,,
trade,planogram_sku_aliases,table,13,deleted_by,uuid,uuid,YES,,,
trade,planogram_sku_aliases,table,14,activo,boolean,bool,YES,,,
trade,planogram_skus,table,1,id,uuid,uuid,NO,gen_random_uuid(),,
trade,planogram_skus,table,2,tenant_id,uuid,uuid,NO,,,1
trade,planogram_skus,table,3,product_id,uuid,uuid,NO,,,
trade,planogram_skus,table,4,sku,character varying,varchar,NO,,20,
trade,planogram_skus,table,5,orden_exhibicion,integer,int4,YES,,,
trade,planogram_skus,table,6,categoria_exhibicion,character varying,varchar,YES,,100,
trade,planogram_skus,table,7,posicion_shelf,jsonb,jsonb,YES,,,
trade,planogram_skus,table,8,vigente_desde,date,date,YES,,,
trade,planogram_skus,table,9,vigente_hasta,date,date,YES,,,
trade,planogram_skus,table,10,created_at,timestamp with time zone,timestamptz,NO,CURRENT_TIMESTAMP,,
trade,planogram_skus,table,11,created_by,uuid,uuid,YES,,,
trade,planogram_skus,table,12,updated_at,timestamp with time zone,timestamptz,NO,CURRENT_TIMESTAMP,,
trade,planogram_skus,table,13,updated_by,uuid,uuid,YES,,,
trade,planogram_skus,table,14,deleted_at,timestamp with time zone,timestamptz,YES,,,
trade,planogram_skus,table,15,deleted_by,uuid,uuid,YES,,,
trade,planogram_skus,table,16,activo,boolean,bool,YES,,,
trade,rubric_criteria,table,1,id,uuid,uuid,NO,gen_random_uuid(),,
trade,rubric_criteria,table,2,tenant_id,uuid,uuid,NO,,,1
trade,rubric_criteria,table,3,config_version_id,uuid,uuid,NO,,,
trade,rubric_criteria,table,4,criterio,character varying,varchar,NO,,200,
trade,rubric_criteria,table,5,descripcion,character varying,varchar,YES,,500,
trade,rubric_criteria,table,6,orden,integer,int4,NO,0,,
trade,rubric_criteria,table,7,activo,boolean,bool,NO,true,,
trade,rubric_criteria,table,8,created_at,timestamp with time zone,timestamptz,NO,CURRENT_TIMESTAMP,,
trade,rubric_criteria,table,9,created_by,uuid,uuid,YES,,,
trade,rubric_criteria,table,10,updated_at,timestamp with time zone,timestamptz,NO,CURRENT_TIMESTAMP,,
trade,rubric_criteria,table,11,updated_by,uuid,uuid,YES,,,
trade,rubric_criteria,table,12,deleted_at,timestamp with time zone,timestamptz,YES,,,
trade,rubric_criteria,table,13,deleted_by,uuid,uuid,YES,,,
trade,rubric_levels,table,1,id,uuid,uuid,NO,gen_random_uuid(),,
trade,rubric_levels,table,2,tenant_id,uuid,uuid,NO,,,1
trade,rubric_levels,table,3,config_version_id,uuid,uuid,NO,,,
trade,rubric_levels,table,4,nombre,character varying,varchar,NO,,50,
trade,rubric_levels,table,5,criterios_minimos,integer,int4,NO,,,
trade,rubric_levels,table,6,criterios_maximos,integer,int4,NO,,,
trade,rubric_levels,table,7,multiplicador,numeric,numeric,NO,,,
trade,rubric_levels,table,8,color,character varying,varchar,YES,,20,
trade,rubric_levels,table,9,orden,integer,int4,NO,0,,
trade,rubric_levels,table,10,created_at,timestamp with time zone,timestamptz,NO,CURRENT_TIMESTAMP,,
trade,rubric_levels,table,11,created_by,uuid,uuid,YES,,,
trade,rubric_levels,table,12,updated_at,timestamp with time zone,timestamptz,NO,CURRENT_TIMESTAMP,,
trade,rubric_levels,table,13,updated_by,uuid,uuid,YES,,,
trade,rubric_levels,table,14,deleted_at,timestamp with time zone,timestamptz,YES,,,
trade,rubric_levels,table,15,deleted_by,uuid,uuid,YES,,,
trade,rubric_levels,table,16,activo,boolean,bool,YES,,,
trade,scoring_config,table,1,id,uuid,uuid,NO,gen_random_uuid(),,
trade,scoring_config,table,2,tenant_id,uuid,uuid,NO,,,1
trade,scoring_config,table,3,config,jsonb,jsonb,NO,"""'{""""factores_tipo"""": {""""tira"""": 1, """"vitrina"""": 1.5, """"exhibidor"""": 2, """"refrigerador"""": 1.8}, """"pesos_posicion"""": {""""caja"""": 100, """"detras"""": 10, """"anaquel"""": 25, """"vitrina"""": 60, """"adyacente"""": 70, """"exhibidor"""": 50, """"refrigerador"""": 40}, """"niveles_ejecucion"""": {""""alto"""": 1, """"bajo"""": 0.4, """"medio"""": 0.7}}'::jsonb""",,
trade,scoring_config,table,4,created_at,timestamp with time zone,timestamptz,NO,CURRENT_TIMESTAMP,,
trade,scoring_config,table,5,created_by,uuid,uuid,YES,,,
trade,scoring_config,table,6,updated_at,timestamp with time zone,timestamptz,NO,CURRENT_TIMESTAMP,,
trade,scoring_config,table,7,updated_by,uuid,uuid,YES,,,
trade,scoring_config,table,8,deleted_at,timestamp with time zone,timestamptz,YES,,,
trade,scoring_config,table,9,deleted_by,uuid,uuid,YES,,,
trade,scoring_config,table,10,activo,boolean,bool,YES,,,
trade,scoring_config_versions,table,1,id,uuid,uuid,NO,gen_random_uuid(),,
trade,scoring_config_versions,table,2,tenant_id,uuid,uuid,NO,,,1
trade,scoring_config_versions,table,3,version,character varying,varchar,NO,,20,
trade,scoring_config_versions,table,4,fecha_inicio,timestamp with time zone,timestamptz,NO,CURRENT_TIMESTAMP,,
trade,scoring_config_versions,table,5,fecha_fin,timestamp with time zone,timestamptz,YES,,,
trade,scoring_config_versions,table,6,notas,text,text,YES,,,
trade,scoring_config_versions,table,7,score_maximo,numeric,numeric,YES,,,
trade,scoring_config_versions,table,8,score_maximo_calculado_at,timestamp with time zone,timestamptz,YES,,,
trade,scoring_config_versions,table,9,created_at,timestamp with time zone,timestamptz,NO,CURRENT_TIMESTAMP,,
trade,scoring_config_versions,table,10,created_by,uuid,uuid,YES,,,
trade,scoring_config_versions,table,11,updated_at,timestamp with time zone,timestamptz,NO,CURRENT_TIMESTAMP,,
trade,scoring_config_versions,table,12,updated_by,uuid,uuid,YES,,,
trade,scoring_config_versions,table,13,deleted_at,timestamp with time zone,timestamptz,YES,,,
trade,scoring_config_versions,table,14,deleted_by,uuid,uuid,YES,,,
trade,scoring_config_versions,table,15,activo,boolean,bool,YES,,,
trade,scoring_weights,table,1,id,uuid,uuid,NO,gen_random_uuid(),,
trade,scoring_weights,table,2,tenant_id,uuid,uuid,NO,,,1
trade,scoring_weights,table,3,config_version_id,uuid,uuid,NO,,,
trade,scoring_weights,table,4,tipo,character varying,varchar,NO,,20,
trade,scoring_weights,table,5,nombre,character varying,varchar,NO,,100,
trade,scoring_weights,table,6,valor,numeric,numeric,NO,,,
trade,scoring_weights,table,7,created_at,timestamp with time zone,timestamptz,NO,CURRENT_TIMESTAMP,,
trade,scoring_weights,table,8,created_by,uuid,uuid,YES,,,
trade,scoring_weights,table,9,updated_at,timestamp with time zone,timestamptz,NO,CURRENT_TIMESTAMP,,
trade,scoring_weights,table,10,updated_by,uuid,uuid,YES,,,
trade,scoring_weights,table,11,deleted_at,timestamp with time zone,timestamptz,YES,,,
trade,scoring_weights,table,12,deleted_by,uuid,uuid,YES,,,
trade,scoring_weights,table,13,activo,boolean,bool,YES,,,
trade,stores,table,1,id,uuid,uuid,NO,gen_random_uuid(),,
trade,stores,table,2,tenant_id,uuid,uuid,NO,,,1
trade,stores,table,3,nombre,character varying,varchar,NO,,200,
trade,stores,table,4,direccion,text,text,YES,,,
trade,stores,table,5,zona_id,uuid,uuid,YES,,,
trade,stores,table,6,ruta_id,uuid,uuid,YES,,,
trade,stores,table,7,latitud,numeric,numeric,YES,,,
trade,stores,table,8,longitud,numeric,numeric,YES,,,
trade,stores,table,9,activo,boolean,bool,NO,true,,
trade,stores,table,10,created_at,timestamp with time zone,timestamptz,NO,CURRENT_TIMESTAMP,,
trade,stores,table,11,created_by,uuid,uuid,YES,,,
trade,stores,table,12,updated_at,timestamp with time zone,timestamptz,NO,CURRENT_TIMESTAMP,,
trade,stores,table,13,updated_by,uuid,uuid,YES,,,
trade,stores,table,14,deleted_at,timestamp with time zone,timestamptz,YES,,,
trade,stores,table,15,deleted_by,uuid,uuid,YES,,,
trade,stores,table,16,exhibiciones_esperadas,integer,int4,YES,5,,
trade,stores_route_audit,table,1,id,bigint,int8,NO,nextval('stores_route_audit_id_seq'::regclass),,
trade,stores_route_audit,table,2,store_id,uuid,uuid,YES,,,
trade,stores_route_audit,table,3,old_ruta,uuid,uuid,YES,,,
trade,stores_route_audit,table,4,new_ruta,uuid,uuid,YES,,,
trade,stores_route_audit,table,5,old_zona,uuid,uuid,YES,,,
trade,stores_route_audit,table,6,new_zona,uuid,uuid,YES,,,
trade,stores_route_audit,table,7,db_user,text,text,YES,,,
trade,stores_route_audit,table,8,app_name,text,text,YES,,,
trade,stores_route_audit,table,9,client_ip,inet,inet,YES,,,
trade,stores_route_audit,table,10,query,text,text,YES,,,
trade,stores_route_audit,table,11,at,timestamp with time zone,timestamptz,YES,now(),,
trade,valid_exhibition_combinations,table,1,id,uuid,uuid,NO,gen_random_uuid(),,
trade,valid_exhibition_combinations,table,2,tenant_id,uuid,uuid,NO,,,1
trade,valid_exhibition_combinations,table,3,config_version_id,uuid,uuid,NO,,,
trade,valid_exhibition_combinations,table,4,posicion_id,uuid,uuid,NO,,,
trade,valid_exhibition_combinations,table,5,exhibicion_id,uuid,uuid,NO,,,
trade,valid_exhibition_combinations,table,6,activo,boolean,bool,NO,true,,
trade,valid_exhibition_combinations,table,7,created_at,timestamp with time zone,timestamptz,NO,CURRENT_TIMESTAMP,,
trade,valid_exhibition_combinations,table,8,created_by,uuid,uuid,YES,,,
trade,valid_exhibition_combinations,table,9,updated_at,timestamp with time zone,timestamptz,NO,CURRENT_TIMESTAMP,,
trade,valid_exhibition_combinations,table,10,updated_by,uuid,uuid,YES,,,
trade,valid_exhibition_combinations,table,11,deleted_at,timestamp with time zone,timestamptz,YES,,,
trade,valid_exhibition_combinations,table,12,deleted_by,uuid,uuid,YES,,,
trade,visits,table,1,id,uuid,uuid,NO,gen_random_uuid(),,
trade,visits,table,2,tenant_id,uuid,uuid,NO,,,1
trade,visits,table,3,store_id,uuid,uuid,NO,,,
trade,visits,table,4,user_id,uuid,uuid,NO,,,
trade,visits,table,5,checkin_at,timestamp with time zone,timestamptz,NO,CURRENT_TIMESTAMP,,
trade,visits,table,6,checkout_at,timestamp with time zone,timestamptz,YES,,,
trade,visits,table,7,checkin_lat,numeric,numeric,YES,,,
trade,visits,table,8,checkin_lng,numeric,numeric,YES,,,
trade,visits,table,9,total_score,numeric,numeric,NO,'0'::numeric,,
trade,visits,table,10,status,character varying,varchar,NO,'in_progress'::character varying,20,
trade,visits,table,11,created_at,timestamp with time zone,timestamptz,NO,CURRENT_TIMESTAMP,,
trade,visits,table,12,created_by,uuid,uuid,YES,,,
trade,visits,table,13,updated_at,timestamp with time zone,timestamptz,NO,CURRENT_TIMESTAMP,,
trade,visits,table,14,updated_by,uuid,uuid,YES,,,
trade,visits,table,15,deleted_at,timestamp with time zone,timestamptz,YES,,,
trade,visits,table,16,deleted_by,uuid,uuid,YES,,,
trade,visits,table,17,activo,boolean,bool,YES,,,
trade,zones,table,1,id,uuid,uuid,NO,gen_random_uuid(),,
trade,zones,table,2,tenant_id,uuid,uuid,NO,,,1
trade,zones,table,3,name,character varying,varchar,NO,,100,
trade,zones,table,4,orden,integer,int4,NO,0,,
trade,zones,table,5,created_at,timestamp with time zone,timestamptz,NO,CURRENT_TIMESTAMP,,
trade,zones,table,6,created_by,uuid,uuid,YES,,,
trade,zones,table,7,updated_at,timestamp with time zone,timestamptz,NO,CURRENT_TIMESTAMP,,
trade,zones,table,8,updated_by,uuid,uuid,YES,,,
trade,zones,table,9,deleted_at,timestamp with time zone,timestamptz,YES,,,
trade,zones,table,10,deleted_by,uuid,uuid,YES,,,
trade,zones,table,11,activo,boolean,bool,YES,,,
trade,zones,table,12,is_system,boolean,bool,NO,false,,
whatsapp,bot_chat_log,table,1,id,uuid,uuid,NO,gen_random_uuid(),,
whatsapp,bot_chat_log,table,2,tenant_id,uuid,uuid,NO,,,1
whatsapp,bot_chat_log,table,3,thread_id,uuid,uuid,YES,,,
whatsapp,bot_chat_log,table,4,phone,text,text,NO,,,
whatsapp,bot_chat_log,table,5,user_text,text,text,YES,,,
whatsapp,bot_chat_log,table,6,reply_text,text,text,YES,,,
whatsapp,bot_chat_log,table,7,model,text,text,NO,,,
whatsapp,bot_chat_log,table,8,escalated,boolean,bool,NO,false,,
whatsapp,bot_chat_log,table,9,tools_used,jsonb,jsonb,NO,'[]'::jsonb,,
whatsapp,bot_chat_log,table,10,iterations,integer,int4,NO,0,,
whatsapp,bot_chat_log,table,11,latency_ms,integer,int4,YES,,,
whatsapp,bot_chat_log,table,12,feedback,smallint,int2,YES,,,
whatsapp,bot_chat_log,table,13,created_at,timestamp with time zone,timestamptz,NO,CURRENT_TIMESTAMP,,
whatsapp,campaign_recipients,table,1,id,uuid,uuid,NO,gen_random_uuid(),,
whatsapp,campaign_recipients,table,2,tenant_id,uuid,uuid,NO,,,1
whatsapp,campaign_recipients,table,3,campaign_id,uuid,uuid,NO,,,
whatsapp,campaign_recipients,table,4,phone,text,text,NO,,,
whatsapp,campaign_recipients,table,5,status,text,text,NO,'pending'::text,,
whatsapp,campaign_recipients,table,6,wa_message_id,text,text,YES,,,
whatsapp,campaign_recipients,table,7,error,text,text,YES,,,
whatsapp,campaign_recipients,table,8,sent_at,timestamp with time zone,timestamptz,YES,,,
whatsapp,campaign_recipients,table,9,created_at,timestamp with time zone,timestamptz,NO,now(),,
whatsapp,campaigns,table,1,id,uuid,uuid,NO,gen_random_uuid(),,
whatsapp,campaigns,table,2,tenant_id,uuid,uuid,NO,,,1
whatsapp,campaigns,table,3,name,text,text,NO,,,
whatsapp,campaigns,table,4,template_name,text,text,NO,,,
whatsapp,campaigns,table,5,language,text,text,NO,'es_MX'::text,,
whatsapp,campaigns,table,6,image_url,text,text,YES,,,
whatsapp,campaigns,table,7,body_params,jsonb,jsonb,NO,'[]'::jsonb,,
whatsapp,campaigns,table,8,status,text,text,NO,'draft'::text,,
whatsapp,campaigns,table,9,total,integer,int4,NO,0,,
whatsapp,campaigns,table,10,sent,integer,int4,NO,0,,
whatsapp,campaigns,table,11,failed,integer,int4,NO,0,,
whatsapp,campaigns,table,12,created_by,uuid,uuid,YES,,,
whatsapp,campaigns,table,13,started_at,timestamp with time zone,timestamptz,YES,,,
whatsapp,campaigns,table,14,finished_at,timestamp with time zone,timestamptz,YES,,,
whatsapp,campaigns,table,15,created_at,timestamp with time zone,timestamptz,NO,now(),,
whatsapp,campaigns,table,16,updated_at,timestamp with time zone,timestamptz,NO,now(),,
whatsapp,contact_profile,table,1,id,uuid,uuid,NO,gen_random_uuid(),,
whatsapp,contact_profile,table,2,tenant_id,uuid,uuid,NO,,,1
whatsapp,contact_profile,table,3,whatsapp,character varying,varchar,NO,,20,
whatsapp,contact_profile,table,4,customer_id,uuid,uuid,YES,,,
whatsapp,contact_profile,table,5,preferences,jsonb,jsonb,NO,'{}'::jsonb,,
whatsapp,contact_profile,table,6,summary,text,text,YES,,,
whatsapp,contact_profile,table,7,last_address,jsonb,jsonb,YES,,,
whatsapp,contact_profile,table,8,last_lat,numeric,numeric,YES,,,
whatsapp,contact_profile,table,9,last_lng,numeric,numeric,YES,,,
whatsapp,contact_profile,table,10,created_at,timestamp with time zone,timestamptz,NO,now(),,
whatsapp,contact_profile,table,11,updated_at,timestamp with time zone,timestamptz,NO,now(),,
whatsapp,conversation_threads,table,1,id,uuid,uuid,NO,gen_random_uuid(),,
whatsapp,conversation_threads,table,2,tenant_id,uuid,uuid,NO,,,1
whatsapp,conversation_threads,table,3,phone,text,text,NO,,,
whatsapp,conversation_threads,table,4,wa_id,text,text,NO,,,
whatsapp,conversation_threads,table,5,profile_name,text,text,YES,,,
whatsapp,conversation_threads,table,6,customer_id,uuid,uuid,YES,,,
whatsapp,conversation_threads,table,7,state,text,text,NO,'greeting'::text,,
whatsapp,conversation_threads,table,8,cart,jsonb,jsonb,NO,'[]'::jsonb,,
whatsapp,conversation_threads,table,9,delivery_address,jsonb,jsonb,YES,,,
whatsapp,conversation_threads,table,10,order_id,uuid,uuid,YES,,,
whatsapp,conversation_threads,table,11,handoff_at,timestamp with time zone,timestamptz,YES,,,
whatsapp,conversation_threads,table,12,last_message_at,timestamp with time zone,timestamptz,YES,,,
whatsapp,conversation_threads,table,13,created_at,timestamp with time zone,timestamptz,NO,now(),,
whatsapp,conversation_threads,table,14,updated_at,timestamp with time zone,timestamptz,NO,now(),,
whatsapp,marketing_optin,table,1,id,uuid,uuid,NO,gen_random_uuid(),,
whatsapp,marketing_optin,table,2,tenant_id,uuid,uuid,NO,,,1
whatsapp,marketing_optin,table,3,phone,text,text,NO,,,
whatsapp,marketing_optin,table,4,status,text,text,NO,'opted_in'::text,,
whatsapp,marketing_optin,table,5,source,text,text,NO,'bot'::text,,
whatsapp,marketing_optin,table,6,opted_in_at,timestamp with time zone,timestamptz,YES,,,
whatsapp,marketing_optin,table,7,opted_out_at,timestamp with time zone,timestamptz,YES,,,
whatsapp,marketing_optin,table,8,created_at,timestamp with time zone,timestamptz,NO,now(),,
whatsapp,marketing_optin,table,9,updated_at,timestamp with time zone,timestamptz,NO,now(),,
whatsapp,messages,table,1,id,uuid,uuid,NO,gen_random_uuid(),,
whatsapp,messages,table,2,tenant_id,uuid,uuid,NO,,,1
whatsapp,messages,table,3,thread_id,uuid,uuid,NO,,,
whatsapp,messages,table,4,direction,text,text,NO,,,
whatsapp,messages,table,5,wa_message_id,text,text,YES,,,
whatsapp,messages,table,6,type,text,text,NO,'text'::text,,
whatsapp,messages,table,7,body,text,text,YES,,,
whatsapp,messages,table,8,payload,jsonb,jsonb,YES,,,
whatsapp,messages,table,9,created_at,timestamp with time zone,timestamptz,NO,now(),,
whatsapp,phone_number_tenant_map,table,1,phone_number_id,character varying,varchar,NO,,40,
whatsapp,phone_number_tenant_map,table,2,tenant_id,uuid,uuid,NO,,,1
whatsapp,phone_number_tenant_map,table,3,label,character varying,varchar,YES,,120,
whatsapp,phone_number_tenant_map,table,4,created_at,timestamp with time zone,timestamptz,NO,now(),,
whatsapp,reorder_nudges,table,1,id,uuid,uuid,NO,gen_random_uuid(),,
whatsapp,reorder_nudges,table,2,tenant_id,uuid,uuid,NO,,,1
whatsapp,reorder_nudges,table,3,customer_id,uuid,uuid,NO,,,
whatsapp,reorder_nudges,table,4,phone,text,text,NO,,,
whatsapp,reorder_nudges,table,5,days_overdue,integer,int4,YES,,,
whatsapp,reorder_nudges,table,6,top_product,text,text,YES,,,
whatsapp,reorder_nudges,table,7,message,text,text,YES,,,
whatsapp,reorder_nudges,table,8,status,text,text,NO,'planned'::text,,
whatsapp,reorder_nudges,table,9,reason,text,text,YES,,,
whatsapp,reorder_nudges,table,10,campaign_id,uuid,uuid,YES,,,
whatsapp,reorder_nudges,table,11,sent_at,timestamp with time zone,timestamptz,YES,,,
whatsapp,reorder_nudges,table,12,created_at,timestamp with time zone,timestamptz,NO,CURRENT_TIMESTAMP,,
wincaja,almacenes,table,1,tenant_id,uuid,uuid,NO,,,1
wincaja,almacenes,table,2,source_branch,text,text,NO,,,
wincaja,almacenes,table,3,source_dataset,text,text,NO,'actual'::text,,
wincaja,almacenes,table,4,imported_at,timestamp with time zone,timestamptz,NO,CURRENT_TIMESTAMP,,
wincaja,almacenes,table,5,almacen,text,text,NO,,,
wincaja,almacenes,table,6,descripcion,text,text,YES,,,
wincaja,almacenes,table,7,fecha_existencia_inicial,timestamp with time zone,timestamptz,YES,,,
wincaja,arqueos,table,1,tenant_id,uuid,uuid,NO,,,1
wincaja,arqueos,table,2,source_branch,text,text,NO,,,
wincaja,arqueos,table,3,source_dataset,text,text,NO,'actual'::text,,
wincaja,arqueos,table,4,imported_at,timestamp with time zone,timestamptz,NO,CURRENT_TIMESTAMP,,
wincaja,arqueos,table,5,consecutivo,text,text,NO,,,
wincaja,arqueos,table,6,folio,text,text,YES,,,
wincaja,arqueos,table,7,caja,text,text,YES,,,
wincaja,arqueos,table,8,denominacion,numeric,numeric,NO,,,
wincaja,arqueos,table,9,cantidad,numeric,numeric,YES,,,
wincaja,articulo_proveedor,table,1,tenant_id,uuid,uuid,NO,,,1
wincaja,articulo_proveedor,table,2,source_branch,text,text,NO,,,
wincaja,articulo_proveedor,table,3,source_dataset,text,text,NO,'actual'::text,,
wincaja,articulo_proveedor,table,4,imported_at,timestamp with time zone,timestamptz,NO,CURRENT_TIMESTAMP,,
wincaja,articulo_proveedor,table,5,articulo,text,text,NO,,,
wincaja,articulo_proveedor,table,6,proveedor,text,text,NO,,,
wincaja,articulo_proveedor,table,7,codigo_proveedor,text,text,YES,,,
wincaja,articulo_proveedor,table,8,costo,numeric,numeric,YES,,,
wincaja,articulo_proveedor,table,9,prioridad,integer,int4,YES,,,
wincaja,articulo_proveedor,table,10,fecha_ult_compra,timestamp with time zone,timestamptz,YES,,,
wincaja,articulos,table,1,tenant_id,uuid,uuid,NO,,,1
wincaja,articulos,table,2,source_branch,text,text,NO,,,
wincaja,articulos,table,3,source_dataset,text,text,NO,'actual'::text,,
wincaja,articulos,table,4,imported_at,timestamp with time zone,timestamptz,NO,CURRENT_TIMESTAMP,,
wincaja,articulos,table,5,articulo,text,text,NO,,,
wincaja,articulos,table,6,codigo_barras,text,text,YES,,,
wincaja,articulos,table,7,subfamilia,text,text,YES,,,
wincaja,articulos,table,8,nombre,text,text,YES,,,
wincaja,articulos,table,9,descripcion,text,text,YES,,,
wincaja,articulos,table,10,categoria,text,text,YES,,,
wincaja,articulos,table,11,es_compuesto,boolean,bool,YES,,,
wincaja,articulos,table,12,unidad_compra,text,text,YES,,,
wincaja,articulos,table,13,unidad_venta,text,text,YES,,,
wincaja,articulos,table,14,factor_compra,numeric,numeric,YES,,,
wincaja,articulos,table,15,factor_venta,numeric,numeric,YES,,,
wincaja,articulos,table,16,iva_venta,numeric,numeric,YES,,,
wincaja,articulos,table,17,ieps_venta,numeric,numeric,YES,,,
wincaja,articulos,table,18,venta_valor_anual,numeric,numeric,YES,,,
wincaja,articulos,table,19,venta_unidad_anual,numeric,numeric,YES,,,
wincaja,articulos,table,20,tipo,text,text,YES,,,
wincaja,articulos,table,21,fecha_alta,timestamp with time zone,timestamptz,YES,,,
wincaja,articulos,table,22,fecha_ult_mod,timestamp with time zone,timestamptz,YES,,,
wincaja,autorizaciones,table,1,id,bigint,int8,NO,nextval('wincaja.autorizaciones_id_seq'::regclass),,
wincaja,autorizaciones,table,2,tenant_id,uuid,uuid,NO,,,1
wincaja,autorizaciones,table,3,source_branch,text,text,NO,,,
wincaja,autorizaciones,table,4,source_dataset,text,text,NO,'actual'::text,,
wincaja,autorizaciones,table,5,imported_at,timestamp with time zone,timestamptz,NO,CURRENT_TIMESTAMP,,
wincaja,autorizaciones,table,6,autorizo,text,text,YES,,,
wincaja,autorizaciones,table,7,cajero,text,text,YES,,,
wincaja,autorizaciones,table,8,fecha,timestamp with time zone,timestamptz,YES,,,
wincaja,autorizaciones,table,9,hora,text,text,YES,,,
wincaja,autorizaciones,table,10,referencia,text,text,YES,,,
wincaja,autorizaciones,table,11,caja,text,text,YES,,,
wincaja,branches,table,1,tenant_id,uuid,uuid,NO,,,1
wincaja,branches,table,2,source_branch,text,text,NO,,,
wincaja,branches,table,3,branch_name,text,text,YES,,,
wincaja,branches,table,4,kepler_code,text,text,YES,,,
wincaja,branches,table,5,warehouse_code,text,text,YES,,,
wincaja,branches,table,6,status,text,text,NO,'legacy'::text,,
wincaja,branches,table,7,last_movement_date,date,date,YES,,,
wincaja,branches,table,8,mdb_file,text,text,YES,,,
wincaja,branches,table,9,notes,text,text,YES,,,
wincaja,branches,table,10,imported_at,timestamp with time zone,timestamptz,NO,CURRENT_TIMESTAMP,,
wincaja,branches,table,11,parent_branch,text,text,YES,,,
wincaja,branches,table,12,is_route,boolean,bool,NO,false,,
wincaja,caja_channels,table,1,tenant_id,uuid,uuid,NO,current_tenant_id(),,1
wincaja,caja_channels,table,2,source_branch,text,text,NO,'*'::text,,
wincaja,caja_channels,table,3,caja,text,text,NO,,,
wincaja,caja_channels,table,4,channel,text,text,NO,,,
wincaja,caja_channels,table,5,es_venta,boolean,bool,NO,true,,
wincaja,caja_channels,table,6,notes,text,text,YES,,,
wincaja,caja_channels,table,7,created_at,timestamp with time zone,timestamptz,NO,now(),,
wincaja,caja_channels,table,8,updated_at,timestamp with time zone,timestamptz,NO,now(),,
wincaja,cajeros,table,1,tenant_id,uuid,uuid,NO,,,1
wincaja,cajeros,table,2,source_branch,text,text,NO,,,
wincaja,cajeros,table,3,source_dataset,text,text,NO,'actual'::text,,
wincaja,cajeros,table,4,imported_at,timestamp with time zone,timestamptz,NO,CURRENT_TIMESTAMP,,
wincaja,cajeros,table,5,cajero,text,text,NO,,,
wincaja,cajeros,table,6,nombre,text,text,YES,,,
wincaja,cajeros,table,7,nivel_seguridad,integer,int4,YES,,,
wincaja,cajeros,table,8,caja_actual,text,text,YES,,,
wincaja,categorias,table,1,tenant_id,uuid,uuid,NO,,,1
wincaja,categorias,table,2,source_branch,text,text,NO,,,
wincaja,categorias,table,3,source_dataset,text,text,NO,'actual'::text,,
wincaja,categorias,table,4,imported_at,timestamp with time zone,timestamptz,NO,CURRENT_TIMESTAMP,,
wincaja,categorias,table,5,categoria,text,text,NO,,,
wincaja,categorias,table,6,descripcion,text,text,YES,,,
wincaja,categorias,table,7,ocultar_wm,boolean,bool,YES,,,
wincaja,categorias,table,8,fecha_alta,timestamp with time zone,timestamptz,YES,,,
wincaja,categorias,table,9,fecha_ult_mod,timestamp with time zone,timestamptz,YES,,,
wincaja,clientes,table,1,tenant_id,uuid,uuid,NO,,,1
wincaja,clientes,table,2,source_branch,text,text,NO,,,
wincaja,clientes,table,3,source_dataset,text,text,NO,'actual'::text,,
wincaja,clientes,table,4,imported_at,timestamp with time zone,timestamptz,NO,CURRENT_TIMESTAMP,,
wincaja,clientes,table,5,cliente,text,text,NO,,,
wincaja,clientes,table,6,tipo,text,text,YES,,,
wincaja,clientes,table,7,nombre,text,text,YES,,,
wincaja,clientes,table,8,razon,text,text,YES,,,
wincaja,clientes,table,9,rfc,text,text,YES,,,
wincaja,clientes,table,10,vendedor,text,text,YES,,,
wincaja,clientes,table,11,descuento,numeric,numeric,YES,,,
wincaja,clientes,table,12,direccion,text,text,YES,,,
wincaja,clientes,table,13,colonia,text,text,YES,,,
wincaja,clientes,table,14,cd,text,text,YES,,,
wincaja,clientes,table,15,cp,text,text,YES,,,
wincaja,clientes,table,16,telefono,text,text,YES,,,
wincaja,clientes,table,17,email,text,text,YES,,,
wincaja,clientes,table,18,saldo_mn,numeric,numeric,YES,,,
wincaja,clientes,table,19,maximo_mn,numeric,numeric,YES,,,
wincaja,clientes,table,20,plazo,integer,int4,YES,,,
wincaja,clientes,table,21,credito,boolean,bool,YES,,,
wincaja,clientes,table,22,puntos_acumulados,numeric,numeric,YES,,,
wincaja,clientes,table,23,territorio,text,text,YES,,,
wincaja,clientes,table,24,bloqueado,boolean,bool,YES,,,
wincaja,clientes,table,25,fecha_alta,timestamp with time zone,timestamptz,YES,,,
wincaja,clientes,table,26,fecha_ult_mod,timestamp with time zone,timestamptz,YES,,,
wincaja,cortes,table,1,tenant_id,uuid,uuid,NO,,,1
wincaja,cortes,table,2,source_branch,text,text,NO,,,
wincaja,cortes,table,3,source_dataset,text,text,NO,'actual'::text,,
wincaja,cortes,table,4,imported_at,timestamp with time zone,timestamptz,NO,CURRENT_TIMESTAMP,,
wincaja,cortes,table,5,folio,text,text,NO,,,
wincaja,cortes,table,6,caja,text,text,NO,,,
wincaja,cortes,table,7,fecha_corte,timestamp with time zone,timestamptz,YES,,,
wincaja,cortes,table,8,cajero,text,text,YES,,,
wincaja,cortes,table,9,folio_inicial_retiro,text,text,YES,,,
wincaja,cortes,table,10,folio_final_retiro,text,text,YES,,,
wincaja,cortes,table,11,folio_inicial_pago,text,text,YES,,,
wincaja,cortes,table,12,folio_final_pago,text,text,YES,,,
wincaja,cortes,table,13,folio_inicial_movto,text,text,YES,,,
wincaja,cortes,table,14,folio_final_movto,text,text,YES,,,
wincaja,cortes,table,15,canceladas,integer,int4,YES,,,
wincaja,cortes,table,16,monto_canceladas,numeric,numeric,YES,,,
wincaja,cortes,table,17,eliminadas,integer,int4,YES,,,
wincaja,cortes,table,18,monto_eliminadas,numeric,numeric,YES,,,
wincaja,cotizacion_lineas,table,1,id,bigint,int8,NO,nextval('wincaja.cotizacion_lineas_id_seq'::regclass),,
wincaja,cotizacion_lineas,table,2,tenant_id,uuid,uuid,NO,,,1
wincaja,cotizacion_lineas,table,3,source_branch,text,text,NO,,,
wincaja,cotizacion_lineas,table,4,source_dataset,text,text,NO,'actual'::text,,
wincaja,cotizacion_lineas,table,5,imported_at,timestamp with time zone,timestamptz,NO,CURRENT_TIMESTAMP,,
wincaja,cotizacion_lineas,table,6,consecutivo,text,text,NO,,,
wincaja,cotizacion_lineas,table,7,articulo,text,text,NO,,,
wincaja,cotizacion_lineas,table,8,cantidad_regular,numeric,numeric,YES,,,
wincaja,cotizacion_lineas,table,9,iva,numeric,numeric,YES,,,
wincaja,cotizacion_lineas,table,10,ieps,numeric,numeric,YES,,,
wincaja,cotizacion_lineas,table,11,valor_venta,numeric,numeric,YES,,,
wincaja,cotizacion_lineas,table,12,descuento1,numeric,numeric,YES,,,
wincaja,cotizacion_lineas,table,13,tipo_precio,text,text,YES,,,
wincaja,cotizacion_lineas,table,14,unidad_venta,text,text,YES,,,
wincaja,cotizaciones,table,1,tenant_id,uuid,uuid,NO,,,1
wincaja,cotizaciones,table,2,source_branch,text,text,NO,,,
wincaja,cotizaciones,table,3,source_dataset,text,text,NO,'actual'::text,,
wincaja,cotizaciones,table,4,imported_at,timestamp with time zone,timestamptz,NO,CURRENT_TIMESTAMP,,
wincaja,cotizaciones,table,5,consecutivo,text,text,NO,,,
wincaja,cotizaciones,table,6,tipo,text,text,YES,,,
wincaja,cotizaciones,table,7,tercero,text,text,YES,,,
wincaja,cotizaciones,table,8,referencia,text,text,YES,,,
wincaja,cotizaciones,table,9,fecha,timestamp with time zone,timestamptz,YES,,,
wincaja,cotizaciones,table,10,hora,text,text,YES,,,
wincaja,cotizaciones,table,11,almacen,text,text,YES,,,
wincaja,cotizaciones,table,12,caja,text,text,YES,,,
wincaja,cotizaciones,table,13,cajero,text,text,YES,,,
wincaja,cotizaciones,table,14,vendedor,text,text,YES,,,
wincaja,cotizaciones,table,15,moneda,text,text,YES,,,
wincaja,cotizaciones,table,16,factura_sugerida,text,text,YES,,,
wincaja,cotizaciones,table,17,apartado,boolean,bool,YES,,,
wincaja,cotizaciones,table,18,vendida,boolean,bool,YES,,,
wincaja,cotizaciones,table,19,venta_suspendida,boolean,bool,YES,,,
wincaja,cotizaciones,table,20,observaciones,text,text,YES,,,
wincaja,detalles_mov_almacen,table,1,id,bigint,int8,NO,nextval('wincaja.detalles_mov_almacen_id_seq'::regclass),,
wincaja,detalles_mov_almacen,table,2,tenant_id,uuid,uuid,NO,,,1
wincaja,detalles_mov_almacen,table,3,source_branch,text,text,NO,,,
wincaja,detalles_mov_almacen,table,4,source_dataset,text,text,NO,'actual'::text,,
wincaja,detalles_mov_almacen,table,5,imported_at,timestamp with time zone,timestamptz,NO,CURRENT_TIMESTAMP,,
wincaja,detalles_mov_almacen,table,6,consecutivo,text,text,NO,,,
wincaja,detalles_mov_almacen,table,7,articulo,text,text,NO,,,
wincaja,detalles_mov_almacen,table,8,tipo,text,text,YES,,,
wincaja,detalles_mov_almacen,table,9,documento,text,text,YES,,,
wincaja,detalles_mov_almacen,table,10,cantidad_regular,numeric,numeric,YES,,,
wincaja,detalles_mov_almacen,table,11,cantidad_auxiliar,numeric,numeric,YES,,,
wincaja,detalles_mov_almacen,table,12,valor_costo,numeric,numeric,YES,,,
wincaja,detalles_mov_almacen,table,13,valor_venta,numeric,numeric,YES,,,
wincaja,detalles_mov_almacen,table,14,iva,numeric,numeric,YES,,,
wincaja,detalles_mov_almacen,table,15,ieps,numeric,numeric,YES,,,
wincaja,detalles_mov_almacen,table,16,descuento1,numeric,numeric,YES,,,
wincaja,detalles_mov_almacen,table,17,descuento2,numeric,numeric,YES,,,
wincaja,detalles_mov_almacen,table,18,tipo_precio,text,text,YES,,,
wincaja,detalles_mov_almacen,table,19,unidad_venta,text,text,YES,,,
wincaja,existencias,table,1,tenant_id,uuid,uuid,NO,,,1
wincaja,existencias,table,2,source_branch,text,text,NO,,,
wincaja,existencias,table,3,source_dataset,text,text,NO,'actual'::text,,
wincaja,existencias,table,4,imported_at,timestamp with time zone,timestamptz,NO,CURRENT_TIMESTAMP,,
wincaja,existencias,table,5,almacen,text,text,NO,,,
wincaja,existencias,table,6,articulo,text,text,NO,,,
wincaja,existencias,table,7,ubicacion,text,text,YES,,,
wincaja,existencias,table,8,existencia_inicial,numeric,numeric,YES,,,
wincaja,existencias,table,9,entrada,numeric,numeric,YES,,,
wincaja,existencias,table,10,salida,numeric,numeric,YES,,,
wincaja,existencias,table,11,existencia,numeric,numeric,YES,,,
wincaja,existencias,table,12,stock_maximo,numeric,numeric,YES,,,
wincaja,existencias,table,13,stock_minimo,numeric,numeric,YES,,,
wincaja,existencias,table,14,costo_existencia,numeric,numeric,YES,,,
wincaja,existencias,table,15,costo_promedio,numeric,numeric,YES,,,
wincaja,existencias,table,16,ultimo_costo,numeric,numeric,YES,,,
wincaja,existencias,table,17,apartado,numeric,numeric,YES,,,
wincaja,existencias,table,18,fecha_ult_compra,timestamp with time zone,timestamptz,YES,,,
wincaja,existencias,table,19,fecha_ult_venta,timestamp with time zone,timestamptz,YES,,,
wincaja,faltantes_cotizacion,table,1,id,bigint,int8,NO,nextval('wincaja.faltantes_cotizacion_id_seq'::regclass),,
wincaja,faltantes_cotizacion,table,2,tenant_id,uuid,uuid,NO,,,1
wincaja,faltantes_cotizacion,table,3,source_branch,text,text,NO,,,
wincaja,faltantes_cotizacion,table,4,source_dataset,text,text,NO,'actual'::text,,
wincaja,faltantes_cotizacion,table,5,imported_at,timestamp with time zone,timestamptz,NO,CURRENT_TIMESTAMP,,
wincaja,faltantes_cotizacion,table,6,articulo,text,text,NO,,,
wincaja,faltantes_cotizacion,table,7,cantidad_regular,numeric,numeric,YES,,,
wincaja,faltantes_cotizacion,table,8,cliente,text,text,YES,,,
wincaja,faltantes_cotizacion,table,9,consecutivo,text,text,YES,,,
wincaja,faltantes_cotizacion,table,10,fecha,timestamp with time zone,timestamptz,YES,,,
wincaja,faltantes_cotizacion,table,11,hora,text,text,YES,,,
wincaja,faltantes_cotizacion,table,12,almacen,text,text,YES,,,
wincaja,faltantes_cotizacion,table,13,caja,text,text,YES,,,
wincaja,faltantes_cotizacion,table,14,cajero,text,text,YES,,,
wincaja,faltantes_cotizacion,table,15,vendedor,text,text,YES,,,
wincaja,faltantes_cotizacion,table,16,iva,numeric,numeric,YES,,,
wincaja,faltantes_cotizacion,table,17,valor_venta,numeric,numeric,YES,,,
wincaja,familias,table,1,tenant_id,uuid,uuid,NO,,,1
wincaja,familias,table,2,source_branch,text,text,NO,,,
wincaja,familias,table,3,source_dataset,text,text,NO,'actual'::text,,
wincaja,familias,table,4,imported_at,timestamp with time zone,timestamptz,NO,CURRENT_TIMESTAMP,,
wincaja,familias,table,5,familia,text,text,NO,,,
wincaja,familias,table,6,descripcion,text,text,YES,,,
wincaja,familias,table,7,fecha_alta,timestamp with time zone,timestamptz,YES,,,
wincaja,familias,table,8,fecha_ult_mod,timestamp with time zone,timestamptz,YES,,,
wincaja,formas_pago,table,1,tenant_id,uuid,uuid,NO,,,1
wincaja,formas_pago,table,2,source_branch,text,text,NO,,,
wincaja,formas_pago,table,3,source_dataset,text,text,NO,'actual'::text,,
wincaja,formas_pago,table,4,imported_at,timestamp with time zone,timestamptz,NO,CURRENT_TIMESTAMP,,
wincaja,formas_pago,table,5,forma_pago,text,text,NO,,,
wincaja,formas_pago,table,6,descripcion,text,text,YES,,,
wincaja,formas_pago,table,7,credito,boolean,bool,YES,,,
wincaja,formas_pago,table,8,tarjeta_credito,boolean,bool,YES,,,
wincaja,formas_pago,table,9,vale_interno,boolean,bool,YES,,,
wincaja,formas_pago,table,10,paridad,numeric,numeric,YES,,,
wincaja,maestro_mov_almacen,table,1,tenant_id,uuid,uuid,NO,,,1
wincaja,maestro_mov_almacen,table,2,source_branch,text,text,NO,,,
wincaja,maestro_mov_almacen,table,3,source_dataset,text,text,NO,'actual'::text,,
wincaja,maestro_mov_almacen,table,4,imported_at,timestamp with time zone,timestamptz,NO,CURRENT_TIMESTAMP,,
wincaja,maestro_mov_almacen,table,5,consecutivo,text,text,NO,,,
wincaja,maestro_mov_almacen,table,6,tipo,text,text,YES,,,
wincaja,maestro_mov_almacen,table,7,documento,text,text,YES,,,
wincaja,maestro_mov_almacen,table,8,tercero,text,text,YES,,,
wincaja,maestro_mov_almacen,table,9,referencia,text,text,YES,,,
wincaja,maestro_mov_almacen,table,10,fecha,timestamp with time zone,timestamptz,YES,,,
wincaja,maestro_mov_almacen,table,11,hora,text,text,YES,,,
wincaja,maestro_mov_almacen,table,12,almacen,text,text,YES,,,
wincaja,maestro_mov_almacen,table,13,moneda,text,text,YES,,,
wincaja,maestro_mov_almacen,table,14,paridad,numeric,numeric,YES,,,
wincaja,maestro_mov_almacen,table,15,caja,text,text,YES,,,
wincaja,maestro_mov_almacen,table,16,cajero,text,text,YES,,,
wincaja,maestro_mov_almacen,table,17,vendedor,text,text,YES,,,
wincaja,maestro_mov_almacen,table,18,cancelado,boolean,bool,YES,,,
wincaja,maestro_mov_almacen,table,19,observaciones,text,text,YES,,,
wincaja,maestro_mov_almacen,table,20,fecha_captura,timestamp with time zone,timestamptz,YES,,,
wincaja,movimiento_clientes,table,1,tenant_id,uuid,uuid,NO,,,1
wincaja,movimiento_clientes,table,2,source_branch,text,text,NO,,,
wincaja,movimiento_clientes,table,3,source_dataset,text,text,NO,'actual'::text,,
wincaja,movimiento_clientes,table,4,imported_at,timestamp with time zone,timestamptz,NO,CURRENT_TIMESTAMP,,
wincaja,movimiento_clientes,table,5,documento,text,text,NO,,,
wincaja,movimiento_clientes,table,6,tipo,text,text,NO,,,
wincaja,movimiento_clientes,table,7,tercero,text,text,YES,,,
wincaja,movimiento_clientes,table,8,referencia,text,text,YES,,,
wincaja,movimiento_clientes,table,9,fecha,timestamp with time zone,timestamptz,YES,,,
wincaja,movimiento_clientes,table,10,hora,text,text,YES,,,
wincaja,movimiento_clientes,table,11,fecha_vencimiento,timestamp with time zone,timestamptz,YES,,,
wincaja,movimiento_clientes,table,12,fecha_ultimo_pago,timestamp with time zone,timestamptz,YES,,,
wincaja,movimiento_clientes,table,13,caja,text,text,YES,,,
wincaja,movimiento_clientes,table,14,cajero,text,text,YES,,,
wincaja,movimiento_clientes,table,15,vendedor,text,text,YES,,,
wincaja,movimiento_clientes,table,16,valor,numeric,numeric,YES,,,
wincaja,movimiento_clientes,table,17,descuento,numeric,numeric,YES,,,
wincaja,movimiento_clientes,table,18,costo,numeric,numeric,YES,,,
wincaja,movimiento_clientes,table,19,iva,numeric,numeric,YES,,,
wincaja,movimiento_clientes,table,20,ieps,numeric,numeric,YES,,,
wincaja,movimiento_clientes,table,21,saldo,numeric,numeric,YES,,,
wincaja,movimiento_clientes,table,22,moneda,text,text,YES,,,
wincaja,movimiento_clientes,table,23,paridad,numeric,numeric,YES,,,
wincaja,movimiento_clientes,table,24,comision_generada,numeric,numeric,YES,,,
wincaja,movimiento_clientes,table,25,comision_pendiente,numeric,numeric,YES,,,
wincaja,movimiento_clientes,table,26,almacen,text,text,YES,,,
wincaja,movimiento_clientes,table,27,observaciones,text,text,YES,,,
wincaja,movimiento_clientes,table,28,fecha_captura,timestamp with time zone,timestamptz,YES,,,
wincaja,movimiento_proveedores,table,1,tenant_id,uuid,uuid,NO,,,1
wincaja,movimiento_proveedores,table,2,source_branch,text,text,NO,,,
wincaja,movimiento_proveedores,table,3,source_dataset,text,text,NO,'actual'::text,,
wincaja,movimiento_proveedores,table,4,imported_at,timestamp with time zone,timestamptz,NO,CURRENT_TIMESTAMP,,
wincaja,movimiento_proveedores,table,5,documento,text,text,NO,,,
wincaja,movimiento_proveedores,table,6,tipo,text,text,NO,,,
wincaja,movimiento_proveedores,table,7,tercero,text,text,YES,,,
wincaja,movimiento_proveedores,table,8,referencia,text,text,YES,,,
wincaja,movimiento_proveedores,table,9,fecha,timestamp with time zone,timestamptz,YES,,,
wincaja,movimiento_proveedores,table,10,fecha_vencimiento,timestamp with time zone,timestamptz,YES,,,
wincaja,movimiento_proveedores,table,11,valor,numeric,numeric,YES,,,
wincaja,movimiento_proveedores,table,12,descuento,numeric,numeric,YES,,,
wincaja,movimiento_proveedores,table,13,iva,numeric,numeric,YES,,,
wincaja,movimiento_proveedores,table,14,ieps,numeric,numeric,YES,,,
wincaja,movimiento_proveedores,table,15,saldo,numeric,numeric,YES,,,
wincaja,movimiento_proveedores,table,16,moneda,text,text,YES,,,
wincaja,movimiento_proveedores,table,17,almacen,text,text,YES,,,
wincaja,movimiento_proveedores,table,18,observaciones,text,text,YES,,,
wincaja,movimiento_proveedores,table,19,fecha_captura,timestamp with time zone,timestamptz,YES,,,
wincaja,ofertas,table,1,tenant_id,uuid,uuid,NO,,,1
wincaja,ofertas,table,2,source_branch,text,text,NO,,,
wincaja,ofertas,table,3,source_dataset,text,text,NO,'actual'::text,,
wincaja,ofertas,table,4,imported_at,timestamp with time zone,timestamptz,NO,CURRENT_TIMESTAMP,,
wincaja,ofertas,table,5,consecutivo,text,text,NO,,,
wincaja,ofertas,table,6,articulo,text,text,YES,,,
wincaja,ofertas,table,7,descuento,numeric,numeric,YES,,,
wincaja,ofertas,table,8,porcentaje,numeric,numeric,YES,,,
wincaja,ofertas,table,9,nivel_precio,integer,int4,YES,,,
wincaja,ofertas,table,10,fecha_inicial,timestamp with time zone,timestamptz,YES,,,
wincaja,ofertas,table,11,fecha_final,timestamp with time zone,timestamptz,YES,,,
wincaja,ofertas,table,12,limite,numeric,numeric,YES,,,
wincaja,ofertas,table,13,remanente,numeric,numeric,YES,,,
wincaja,ofertas,table,14,id_oferta,text,text,YES,,,
wincaja,ofertas,table,15,no_caduca,boolean,bool,YES,,,
wincaja,ordenes_compra,table,1,tenant_id,uuid,uuid,NO,,,1
wincaja,ordenes_compra,table,2,source_branch,text,text,NO,,,
wincaja,ordenes_compra,table,3,source_dataset,text,text,NO,'actual'::text,,
wincaja,ordenes_compra,table,4,imported_at,timestamp with time zone,timestamptz,NO,CURRENT_TIMESTAMP,,
wincaja,ordenes_compra,table,5,consecutivo,text,text,NO,,,
wincaja,ordenes_compra,table,6,articulo,text,text,NO,,,
wincaja,ordenes_compra,table,7,fecha,timestamp with time zone,timestamptz,YES,,,
wincaja,ordenes_compra,table,8,codigo_proveedor,text,text,YES,,,
wincaja,ordenes_compra,table,9,cantidad_pedida,numeric,numeric,YES,,,
wincaja,ordenes_compra,table,10,cantidad_surtida,numeric,numeric,YES,,,
wincaja,ordenes_compra,table,11,costo_pedido,numeric,numeric,YES,,,
wincaja,ordenes_compra,table,12,ultimo_costo_surtido,numeric,numeric,YES,,,
wincaja,ordenes_compra,table,13,almacen,text,text,YES,,,
wincaja,ordenes_compra,table,14,emitio,text,text,YES,,,
wincaja,ordenes_compra,table,15,autorizo,text,text,YES,,,
wincaja,ordenes_compra,table,16,moneda,text,text,YES,,,
wincaja,pagos_dia,table,1,tenant_id,uuid,uuid,NO,,,1
wincaja,pagos_dia,table,2,source_branch,text,text,NO,,,
wincaja,pagos_dia,table,3,source_dataset,text,text,NO,'actual'::text,,
wincaja,pagos_dia,table,4,imported_at,timestamp with time zone,timestamptz,NO,CURRENT_TIMESTAMP,,
wincaja,pagos_dia,table,5,consecutivo,text,text,NO,,,
wincaja,pagos_dia,table,6,folio,text,text,YES,,,
wincaja,pagos_dia,table,7,forma_pago,text,text,YES,,,
wincaja,pagos_dia,table,8,referencia,text,text,YES,,,
wincaja,pagos_dia,table,9,pagado,numeric,numeric,YES,,,
wincaja,pagos_dia,table,10,hora,text,text,YES,,,
wincaja,pagos_dia,table,11,vendedor,text,text,YES,,,
wincaja,pagos_dia,table,12,moneda,text,text,YES,,,
wincaja,pagos_dia,table,13,paridad,numeric,numeric,YES,,,
wincaja,pagos_dia,table,14,caja,text,text,YES,,,
wincaja,pagos_dia,table,15,cobranza,boolean,bool,YES,,,
wincaja,pagos_dia,table,16,propina,numeric,numeric,YES,,,
wincaja,precios,table,1,tenant_id,uuid,uuid,NO,,,1
wincaja,precios,table,2,source_branch,text,text,NO,,,
wincaja,precios,table,3,source_dataset,text,text,NO,'actual'::text,,
wincaja,precios,table,4,imported_at,timestamp with time zone,timestamptz,NO,CURRENT_TIMESTAMP,,
wincaja,precios,table,5,articulo,text,text,NO,,,
wincaja,precios,table,6,no_precio,integer,int4,NO,,,
wincaja,precios,table,7,precio,numeric,numeric,YES,,,
wincaja,precios,table,8,cantidad_automatico,numeric,numeric,YES,,,
wincaja,precios,table,9,margen_utilidad,numeric,numeric,YES,,,
wincaja,precios,table,10,margen_costo_promedio,numeric,numeric,YES,,,
wincaja,precios,table,11,comision_vendedor,numeric,numeric,YES,,,
wincaja,precios,table,12,fecha_ult_mod,timestamp with time zone,timestamptz,YES,,,
wincaja,proveedores,table,1,tenant_id,uuid,uuid,NO,,,1
wincaja,proveedores,table,2,source_branch,text,text,NO,,,
wincaja,proveedores,table,3,source_dataset,text,text,NO,'actual'::text,,
wincaja,proveedores,table,4,imported_at,timestamp with time zone,timestamptz,NO,CURRENT_TIMESTAMP,,
wincaja,proveedores,table,5,proveedor,text,text,NO,,,
wincaja,proveedores,table,6,nombre,text,text,YES,,,
wincaja,proveedores,table,7,rfc,text,text,YES,,,
wincaja,proveedores,table,8,direccion,text,text,YES,,,
wincaja,proveedores,table,9,colonia,text,text,YES,,,
wincaja,proveedores,table,10,cd,text,text,YES,,,
wincaja,proveedores,table,11,telefonos,text,text,YES,,,
wincaja,proveedores,table,12,email,text,text,YES,,,
wincaja,proveedores,table,13,saldo_mn,numeric,numeric,YES,,,
wincaja,proveedores,table,14,limite_credito_mn,numeric,numeric,YES,,,
wincaja,proveedores,table,15,tipo,text,text,YES,,,
wincaja,proveedores,table,16,fecha_alta,timestamp with time zone,timestamptz,YES,,,
wincaja,proveedores,table,17,fecha_ult_mod,timestamp with time zone,timestamptz,YES,,,
wincaja,retiros,table,1,tenant_id,uuid,uuid,NO,,,1
wincaja,retiros,table,2,source_branch,text,text,NO,,,
wincaja,retiros,table,3,source_dataset,text,text,NO,'actual'::text,,
wincaja,retiros,table,4,imported_at,timestamp with time zone,timestamptz,NO,CURRENT_TIMESTAMP,,
wincaja,retiros,table,5,folio,text,text,NO,,,
wincaja,retiros,table,6,caja,text,text,NO,,,
wincaja,retiros,table,7,monto,numeric,numeric,YES,,,
wincaja,retiros,table,8,fecha,timestamp with time zone,timestamptz,YES,,,
wincaja,retiros,table,9,forma_de_pago,text,text,YES,,,
wincaja,retiros,table,10,moneda,text,text,YES,,,
wincaja,retiros,table,11,cajero,text,text,YES,,,
wincaja,retiros,table,12,incremento,boolean,bool,YES,,,
wincaja,retiros,table,13,dotacion_inicial,boolean,bool,YES,,,
wincaja,retiros,table,14,por_diferencia_corte,boolean,bool,YES,,,
wincaja,retiros,table,15,observacion,text,text,YES,,,
wincaja,subfamilias,table,1,tenant_id,uuid,uuid,NO,,,1
wincaja,subfamilias,table,2,source_branch,text,text,NO,,,
wincaja,subfamilias,table,3,source_dataset,text,text,NO,'actual'::text,,
wincaja,subfamilias,table,4,imported_at,timestamp with time zone,timestamptz,NO,CURRENT_TIMESTAMP,,
wincaja,subfamilias,table,5,subfamilia,text,text,NO,,,
wincaja,subfamilias,table,6,descripcion,text,text,YES,,,
wincaja,subfamilias,table,7,familia,text,text,YES,,,
wincaja,subfamilias,table,8,fecha_alta,timestamp with time zone,timestamptz,YES,,,
wincaja,subfamilias,table,9,fecha_ult_mod,timestamp with time zone,timestamptz,YES,,,
wincaja,v_ap_supplier,view,1,tenant_id,uuid,uuid,YES,,,1
wincaja,v_ap_supplier,view,2,source_branch,text,text,YES,,,
wincaja,v_ap_supplier,view,3,warehouse_code,text,text,YES,,,
wincaja,v_ap_supplier,view,4,wincaja_only,boolean,bool,YES,,,
wincaja,v_ap_supplier,view,5,proveedor,text,text,YES,,,
wincaja,v_ap_supplier,view,6,nombre,text,text,YES,,,
wincaja,v_ap_supplier,view,7,rfc,text,text,YES,,,
wincaja,v_ap_supplier,view,8,saldo,numeric,numeric,YES,,,
wincaja,v_ap_supplier,view,9,limite_credito,numeric,numeric,YES,,,
wincaja,v_ap_supplier,view,10,tipo,text,text,YES,,,
wincaja,v_ap_supplier,view,11,fecha_alta,timestamp with time zone,timestamptz,YES,,,
wincaja,v_ar_customer,view,1,tenant_id,uuid,uuid,YES,,,1
wincaja,v_ar_customer,view,2,source_branch,text,text,YES,,,
wincaja,v_ar_customer,view,3,warehouse_code,text,text,YES,,,
wincaja,v_ar_customer,view,4,wincaja_only,boolean,bool,YES,,,
wincaja,v_ar_customer,view,5,cliente,text,text,YES,,,
wincaja,v_ar_customer,view,6,nombre,text,text,YES,,,
wincaja,v_ar_customer,view,7,rfc,text,text,YES,,,
wincaja,v_ar_customer,view,8,vendedor,text,text,YES,,,
wincaja,v_ar_customer,view,9,territorio,text,text,YES,,,
wincaja,v_ar_customer,view,10,saldo,numeric,numeric,YES,,,
wincaja,v_ar_customer,view,11,limite_credito,numeric,numeric,YES,,,
wincaja,v_ar_customer,view,12,credito,boolean,bool,YES,,,
wincaja,v_ar_customer,view,13,plazo,integer,int4,YES,,,
wincaja,v_ar_customer,view,14,bloqueado,boolean,bool,YES,,,
wincaja,v_ar_customer,view,15,puntos_acumulados,numeric,numeric,YES,,,
wincaja,v_ar_customer,view,16,is_internal,boolean,bool,YES,,,
wincaja,v_ar_customer,view,17,sobre_limite,boolean,bool,YES,,,
wincaja,v_ar_customer,view,18,fecha_alta,timestamp with time zone,timestamptz,YES,,,
wincaja,v_ar_customer,view,19,fecha_ult_mod,timestamp with time zone,timestamptz,YES,,,
wincaja,v_ar_open_docs,view,1,tenant_id,uuid,uuid,YES,,,1
wincaja,v_ar_open_docs,view,2,source_branch,text,text,YES,,,
wincaja,v_ar_open_docs,view,3,warehouse_code,text,text,YES,,,
wincaja,v_ar_open_docs,view,4,cliente,text,text,YES,,,
wincaja,v_ar_open_docs,view,5,documento,text,text,YES,,,
wincaja,v_ar_open_docs,view,6,referencia,text,text,YES,,,
wincaja,v_ar_open_docs,view,7,fecha,date,date,YES,,,
wincaja,v_ar_open_docs,view,8,vence,date,date,YES,,,
wincaja,v_ar_open_docs,view,9,valor,numeric,numeric,YES,,,
wincaja,v_ar_open_docs,view,10,saldo,numeric,numeric,YES,,,
wincaja,v_ar_open_docs,view,11,vendedor,text,text,YES,,,
wincaja,v_ar_open_docs,view,12,dias_vencido,integer,int4,YES,,,
wincaja,v_cash_authorizations,view,1,tenant_id,uuid,uuid,YES,,,1
wincaja,v_cash_authorizations,view,2,source_branch,text,text,YES,,,
wincaja,v_cash_authorizations,view,3,warehouse_code,text,text,YES,,,
wincaja,v_cash_authorizations,view,4,source_dataset,text,text,YES,,,
wincaja,v_cash_authorizations,view,5,business_date,date,date,YES,,,
wincaja,v_cash_authorizations,view,6,hora,text,text,YES,,,
wincaja,v_cash_authorizations,view,7,caja,text,text,YES,,,
wincaja,v_cash_authorizations,view,8,autorizo,text,text,YES,,,
wincaja,v_cash_authorizations,view,9,autorizo_nombre,text,text,YES,,,
wincaja,v_cash_authorizations,view,10,cajero,text,text,YES,,,
wincaja,v_cash_authorizations,view,11,cajero_nombre,text,text,YES,,,
wincaja,v_cash_authorizations,view,12,referencia,text,text,YES,,,
wincaja,v_cash_denomination,view,1,tenant_id,uuid,uuid,YES,,,1
wincaja,v_cash_denomination,view,2,source_branch,text,text,YES,,,
wincaja,v_cash_denomination,view,3,warehouse_code,text,text,YES,,,
wincaja,v_cash_denomination,view,4,source_dataset,text,text,YES,,,
wincaja,v_cash_denomination,view,5,arqueo_id,text,text,YES,,,
wincaja,v_cash_denomination,view,6,caja,text,text,YES,,,
wincaja,v_cash_denomination,view,7,folio,text,text,YES,,,
wincaja,v_cash_denomination,view,8,fecha,date,date,YES,,,
wincaja,v_cash_denomination,view,9,cajero,text,text,YES,,,
wincaja,v_cash_denomination,view,10,dotacion_inicial,boolean,bool,YES,,,
wincaja,v_cash_denomination,view,11,por_diferencia_corte,boolean,bool,YES,,,
wincaja,v_cash_denomination,view,12,denominacion,numeric,numeric,YES,,,
wincaja,v_cash_denomination,view,13,cantidad,numeric,numeric,YES,,,
wincaja,v_cash_denomination,view,14,monto,numeric,numeric,YES,,,
wincaja,v_cash_denomination,view,15,denom_valida,boolean,bool,YES,,,
wincaja,v_lost_demand,view,1,tenant_id,uuid,uuid,YES,,,1
wincaja,v_lost_demand,view,2,source_branch,text,text,YES,,,
wincaja,v_lost_demand,view,3,warehouse_code,text,text,YES,,,
wincaja,v_lost_demand,view,4,wincaja_only,boolean,bool,YES,,,
wincaja,v_lost_demand,view,5,source_dataset,text,text,YES,,,
wincaja,v_lost_demand,view,6,business_date,date,date,YES,,,
wincaja,v_lost_demand,view,7,sku,text,text,YES,,,
wincaja,v_lost_demand,view,8,in_kepler_catalog,boolean,bool,YES,,,
wincaja,v_lost_demand,view,9,qty_faltante,numeric,numeric,YES,,,
wincaja,v_lost_demand,view,10,importe_perdido,numeric,numeric,YES,,,
wincaja,v_lost_demand,view,11,cliente,text,text,YES,,,
wincaja,v_lost_demand,view,12,vendedor,text,text,YES,,,
wincaja,v_lost_demand,view,13,almacen,text,text,YES,,,
wincaja,v_prices,view,1,tenant_id,uuid,uuid,YES,,,1
wincaja,v_prices,view,2,source_branch,text,text,YES,,,
wincaja,v_prices,view,3,warehouse_code,text,text,YES,,,
wincaja,v_prices,view,4,sku,text,text,YES,,,
wincaja,v_prices,view,5,nivel_precio,integer,int4,YES,,,
wincaja,v_prices,view,6,precio,numeric,numeric,YES,,,
wincaja,v_prices,view,7,margen_utilidad,numeric,numeric,YES,,,
wincaja,v_prices,view,8,comision_vendedor,numeric,numeric,YES,,,
wincaja,v_prices,view,9,in_kepler_catalog,boolean,bool,YES,,,
wincaja,v_sales_daily,view,1,tenant_id,uuid,uuid,YES,,,1
wincaja,v_sales_daily,view,2,source_branch,text,text,YES,,,
wincaja,v_sales_daily,view,3,warehouse_code,text,text,YES,,,
wincaja,v_sales_daily,view,4,wincaja_only,boolean,bool,YES,,,
wincaja,v_sales_daily,view,5,business_date,date,date,YES,,,
wincaja,v_sales_daily,view,6,sku,text,text,YES,,,
wincaja,v_sales_daily,view,7,qty,numeric,numeric,YES,,,
wincaja,v_sales_daily,view,8,importe,numeric,numeric,YES,,,
wincaja,v_sales_daily,view,9,costo,numeric,numeric,YES,,,
wincaja,v_sales_daily,view,10,margen,numeric,numeric,YES,,,
wincaja,v_sales_daily,view,11,tickets,bigint,int8,YES,,,
wincaja,v_sales_daily,view,12,sale_channel,text,text,YES,,,
wincaja,v_sales_lines,view,1,tenant_id,uuid,uuid,YES,,,1
wincaja,v_sales_lines,view,2,source_branch,text,text,YES,,,
wincaja,v_sales_lines,view,3,warehouse_code,text,text,YES,,,
wincaja,v_sales_lines,view,4,wincaja_only,boolean,bool,YES,,,
wincaja,v_sales_lines,view,5,source_dataset,text,text,YES,,,
wincaja,v_sales_lines,view,6,business_date,date,date,YES,,,
wincaja,v_sales_lines,view,7,sku,text,text,YES,,,
wincaja,v_sales_lines,view,8,in_kepler_catalog,boolean,bool,YES,,,
wincaja,v_sales_lines,view,9,qty,numeric,numeric,YES,,,
wincaja,v_sales_lines,view,10,importe,numeric,numeric,YES,,,
wincaja,v_sales_lines,view,11,costo,numeric,numeric,YES,,,
wincaja,v_sales_lines,view,12,consecutivo,text,text,YES,,,
wincaja,v_sales_lines,view,13,doc_ref,text,text,YES,,,
wincaja,v_sales_lines,view,14,vendedor,text,text,YES,,,
wincaja,v_sales_lines,view,15,cliente,text,text,YES,,,
wincaja,v_sales_lines,view,16,caja,text,text,YES,,,
wincaja,v_sales_lines,view,17,cajero,text,text,YES,,,
wincaja,v_sales_lines,view,18,sale_channel,text,text,YES,,,
wincaja,v_sales_lines,view,19,product_id,uuid,uuid,YES,,,
wincaja,v_sales_lines,view,20,iva,numeric,numeric,YES,,,
wincaja,v_sales_lines,view,21,ieps,numeric,numeric,YES,,,
wincaja,v_sales_lines,view,22,descuento1,numeric,numeric,YES,,,
wincaja,v_sales_lines,view,23,descuento2,numeric,numeric,YES,,,
wincaja,v_sales_lines,view,24,hora_raw,text,text,YES,,,
wincaja,v_stock,view,1,tenant_id,uuid,uuid,YES,,,1
wincaja,v_stock,view,2,source_branch,text,text,YES,,,
wincaja,v_stock,view,3,warehouse_code,text,text,YES,,,
wincaja,v_stock,view,4,wincaja_only,boolean,bool,YES,,,
wincaja,v_stock,view,5,almacen,text,text,YES,,,
wincaja,v_stock,view,6,sku,text,text,YES,,,
wincaja,v_stock,view,7,in_kepler_catalog,boolean,bool,YES,,,
wincaja,v_stock,view,8,existencia,numeric,numeric,YES,,,
wincaja,v_stock,view,9,stock_minimo,numeric,numeric,YES,,,
wincaja,v_stock,view,10,stock_maximo,numeric,numeric,YES,,,
wincaja,v_stock,view,11,costo_promedio,numeric,numeric,YES,,,
wincaja,v_stock,view,12,ultimo_costo,numeric,numeric,YES,,,
wincaja,v_stock,view,13,valor_inventario,numeric,numeric,YES,,,
wincaja,v_stock,view,14,fecha_ult_venta,timestamp with time zone,timestamptz,YES,,,
wincaja,v_stock,view,15,fecha_ult_compra,timestamp with time zone,timestamptz,YES,,,
wincaja,vendedores,table,1,tenant_id,uuid,uuid,NO,,,1
wincaja,vendedores,table,2,source_branch,text,text,NO,,,
wincaja,vendedores,table,3,source_dataset,text,text,NO,'actual'::text,,
wincaja,vendedores,table,4,imported_at,timestamp with time zone,timestamptz,NO,CURRENT_TIMESTAMP,,
wincaja,vendedores,table,5,vendedor,text,text,NO,,,
wincaja,vendedores,table,6,nombre,text,text,YES,,,
wincaja,vendedores,table,7,comision,numeric,numeric,YES,,,